Data_Input	Primary_Key	Sub_Key	제목	저자	출판사	출판일	Page_Count	언어	Class	Division	Subject	KDC_통합	Cover_Image	LOD_Link	controlNo	Price_Standard	Stock_Status	Status	Status_Date	Update_At	비고
2025-10-22 21:52	BK-20251022-0001	9788957090251	박사가 사랑한 수식	오가와 요코 (지은이), 김난주 (옮긴이)	이레	2004-07-05	260	kor	문학	일본문학 및 기타 아시아 제문학	소설	833.6	https://image.aladin.co.kr/product/50/20/cover500/8957090258_1.gif					Owned	26-10-04 20:16	2026-10-4 19:19	
2025-10-22 22:07	BK-20251022-0002	9780140177374	The Pearl (Paperback)	존 스타인벡 (지은이)	Penguin U.S	1993-02-01	96	eng	문학	영미문학	소설	843	https://image.aladin.co.kr/product/66/43/cover500/014017737f_1.jpg					Owned	26-10-04 20:16	2026-10-4 19:19	
2025-10-22 22:19	BK-20251022-0003	9791167902580	적산가옥의 유령	조예은 (지은이)	현대문학	2024-06-25	212	kor	문학	한국문학	소설	813.7	https://image.aladin.co.kr/product/34286/38/cover500/k592932077_1.jpg	/NL/contents/search.do#viewKey=1059176748&viewType=AH1				Owned	26-10-04 20:16	2026-10-4 19:19	
2025-10-22 23:06	BK-20251022-0004	9791162245651	혼자 공부하는 파이썬 - 1:1 과외하듯 배우는 프로그래밍 자습서, 개정판	윤인성 (지은이)	한빛미디어	2022-06-01	552	kor	총류	총류	프로그래밍, 프로그램, 데이터	005.133	https://image.aladin.co.kr/product/29499/67/cover500/k412837047_1.jpg	/NL/contents/search.do#viewKey=859021265&viewType=AH1				Owned	26-10-04 20:16	2026-10-4 19:19	
2025-10-22 23:11	BK-20251022-0005	9791161570341	갈매기의 꿈 - 완결판	리처드 바크 (지은이), 공경희 (옮긴이), 러셀 먼슨 (사진)	나무옆의자	2018-06-01	160	kor	문학	영미문학	소설	843.5	https://image.aladin.co.kr/product/14831/79/cover500/k222532357_1.jpg	/NL/contents/search.do#viewKey=520867677&viewType=AH1				Owned	26-10-04 20:16	2026-10-4 19:19	
2025-10-22 23:18	BK-20251022-0006	9780141334394	Mooominpappa At Sea (Hardcover)	Tove Jansson (지은이)	Puffin Books	2011-05-05	224	eng	문학	영미문학	소설	843	https://image.aladin.co.kr/product/1254/68/cover500/0141334398_1.jpg					Owned	26-10-04 20:16	2026-10-4 19:19	
2025-10-22 23:18	BK-20251022-0007	9788901204482	잭 웰치의 마지막 강의 - 경영의 신 잭 웰치 60년 비즈니스 노하우의 모든 것	잭 웰치, 수지 웰치 (지은이), 강주헌 (옮긴이)	알프레드	2015-06-25	328	kor	사회과학	경제학	경영	325.211	https://image.aladin.co.kr/product/6215/49/cover500/8901204487_1.jpg	/NL/contents/search.do#viewKey=249361574&viewType=AH1				Owned	26-10-04 20:16	2026-10-4 19:19	
2025-10-22 23:19	BK-20251022-0008	9788933801840	엄마의 말뚝	박완서 (지은이)	세계사	2012-01-22	616	kor	문학	한국문학	소설	813	https://image.aladin.co.kr/product/1494/47/cover500/8933801847_1.jpg	/NL/contents/search.do#viewKey=CNTS-00092955063&viewType=C				Owned	26-10-04 20:16	2026-10-4 19:19	
2025-10-22 23:19	BK-20251022-0009	9788921437648	위즈퍼니한국문학6- 운현궁의 봄	김동인	(주)교원	2008-01-01	479	kor	문학	한국문학	소설	813.6		/NL/contents/search.do#viewKey=81179509&viewType=AH1				Owned	26-10-04 20:16	2026-10-4 19:19	
2025-10-22 23:19	BK-20251022-0010	9791168340510	파친코 1 - 개정판	이민진 (지은이), 신승미 (옮긴이)	인플루엔셜(주)	2022-07-27	388	kor	문학	영미문학	소설	843.6	https://image.aladin.co.kr/product/29496/39/cover500/s382931339_2.jpg	/NL/contents/search.do#viewKey=864505765&viewType=AH1				Owned	26-10-04 20:16	2026-10-4 19:19	
2025-10-22 23:20	BK-20251022-0011	9780545284189	The Shadow Throne (the Ascendance Series, Book 3): Volume 3 (Paperback)	제니퍼 A. 닐센 (지은이)	Scholastic Paperbacks	2015-01-27	336	eng	문학	영미문학	소설	843	https://image.aladin.co.kr/product/4412/58/cover500/054528418x_2.jpg					Owned	26-10-04 20:16	2026-10-4 19:19	
2025-10-22 23:20	BK-20251022-0012	9780545035170	Night of the Living Dummy (Classic Goosebumps #1): Volume 1 (Paperback)	R. L. 스타인 (지은이)	Scholastic Paperbacks	2008-05-01	160	eng	문학	영미문학	소설	843	https://image.aladin.co.kr/product/510/42/cover500/0545035171_1.jpg	/NL/contents/search.do#viewKey=121149716&viewType=AH1				Owned	26-10-04 20:16	2026-10-4 19:19	듀이(813.54)에서 변경
2025-10-22 23:20	BK-20251022-0013	9780545417990	Son of Slappy (Goosebumps Most Wanted #2): Volume 2 (Paperback)	R. L. 스타인 (지은이)	Scholastic Paperbacks	2013-01-01	160	eng	문학	영미문학	소설	843	https://image.aladin.co.kr/product/1746/78/cover500/0545417996_1.jpg					Owned	26-10-04 20:16	2026-10-4 19:19	
2025-10-22 23:20	BK-20251022-0014	9780439918695	Revenge of the Living Dummy (Goosebumps Horrorland #1): Volume 1 (Paperback)	R. L. 스타인 (지은이)	Scholastic Paperbacks	2008-04-01	144	eng	문학	영미문학	소설	843	https://image.aladin.co.kr/product/505/33/cover500/0439918693_2.jpg	/NL/contents/search.do#viewKey=121149723&viewType=AH1				Owned	26-10-04 20:16	2026-10-4 19:19	듀이(813.54)에서 변경
2025-10-22 23:20	BK-20251022-0015	9780451524935	1984 (Mass Market Paperback, 미국판) - 『1984』 원서	조지 오웰 (지은이)	Signet	1950-07-01	336	eng	문학	영미문학	소설	843	https://image.aladin.co.kr/product/47/23/cover500/04515249ff_1.jpg					Owned	26-10-04 20:16	2026-10-4 19:19	
2025-10-22 23:20	BK-20251022-0016	9780689716041	The Bears on Hemlock Mountain (Paperback) - 『헴록 산의 곰』원서, 1953 Newbery	앨리스 댈글리쉬 (지은이), 헬렌 소웰 (그림)	Aladdin	1992-10-31	64	eng	문학	영미문학	소설	843	https://image.aladin.co.kr/product/86/77/cover500/0689716044_3.jpg					Owned	26-10-04 20:16	2026-10-4 19:19	
2025-10-23 0:36	BK-20251023-0017	9780446310789	To Kill a Mockingbird (Mass Market Paperback, 미국판) - 『앵무새 죽이기』 원서	하퍼 리 (지은이)	Warner Books	1988-10-11	288	eng	문학	영미문학	소설	843	https://image.aladin.co.kr/product/42/16/cover500/044631078f_1.jpg					Owned	26-10-04 20:16	2026-10-4 19:19	
2025-10-23 0:37	BK-20251023-0018	9788954617246	칼의 노래	김훈 (지은이)	문학동네	2012-01-05	400	kor	문학	한국문학	소설	813.62	https://image.aladin.co.kr/product/1462/87/cover500/8954617247_1.jpg	/NL/contents/search.do#viewKey=144137434&viewType=AH1				Owned	26-10-04 20:16	2026-10-4 19:19	
2025-10-23 0:37	BK-20251023-0019	9791195026142	백만 광년의 고독 속에서 한 줄의 시를 읽다 - 류시화의 하이쿠 읽기	류시화 (지은이)	연금술사	2014-06-16	762	kor	문학	일본문학 및 기타 아시아 제문학	시	831.309	https://image.aladin.co.kr/product/4273/3/cover500/k042637209_1.jpg	/NL/contents/search.do#viewKey=222137623&viewType=AH1				Owned	26-10-04 20:16	2026-10-4 19:19	
2025-10-23 0:38	BK-20251023-0020	9788965133759	표현의 기술	유시민 (지은이), 정훈이 (그림)	생각의길	2016-06-08	368	kor	문학	문학	문장작법, 수사학	802	https://image.aladin.co.kr/product/8454/76/cover500/8965133750_3.jpg	/NL/contents/search.do#viewKey=277880763&viewType=AH1				Owned	26-10-04 20:16	2026-10-4 19:19	
2025-10-23 0:38	BK-20251023-0021	9788960514799	어떻게 죽을 것인가 - 현대 의학이 놓치고 있는 삶의 마지막 순간, KBS  선정 도서	아툴 가완디 (지은이), 김희정 (옮긴이)	부키	2015-05-29	400	kor	철학	인식론, 인과론, 인간학	철학적 인간학	126.5	https://image.aladin.co.kr/product/5996/40/cover500/8960514799_1.jpg	/NL/contents/search.do#viewKey=247086111&viewType=AH1				Owned	26-10-04 20:16	2026-10-4 19:19	
2025-10-23 0:38	BK-20251023-0022	9788965746669	당신이 옳다 - 정혜신의 적정심리학	정혜신 (지은이)	해냄	2018-10-10	316	kor	철학	심리학	응용심리학 일반	189	https://image.aladin.co.kr/product/16938/73/cover500/s782534590_2.jpg	/NL/contents/search.do#viewKey=536123685&viewType=AH1				Owned	26-10-04 20:16	2026-10-4 19:19	
2025-10-23 0:38	BK-20251023-0023	9788956372273	실마릴리온 2 (보급판)	존 로날드 로웰 톨킨 (지은이), 김보원 (옮긴이)	씨앗을뿌리는사람	2007-05-28	358	kor	문학	영미문학	소설	843	https://image.aladin.co.kr/product/888/76/cover500/8956372276_2.jpg					Owned	26-10-04 20:16	2026-10-4 19:19	
2025-10-23 0:38	BK-20251023-0024	9788956372266	실마릴리온 1 (보급판)	존 로날드 로웰 톨킨 (지은이), 김보원 (옮긴이)	씨앗을뿌리는사람	2007-05-28	358	kor	문학	영미문학	소설	843	https://image.aladin.co.kr/product/888/70/cover500/8956372268_1.jpg					Owned	26-10-04 20:16	2026-10-4 19:19	
2025-10-23 0:39	BK-20251023-0025	9780142410370	Matilda (Paperback, 미국판) - 뮤지컬  원서	로알드 달 (지은이), 퀸틴 블레이크 (그림)	Puffin	2007-08-16	256	eng	문학	영미문학	소설	843	https://image.aladin.co.kr/product/97/54/cover500/014241037f_1.jpg	/NL/contents/search.do#viewKey=255655888&viewType=AH1				Owned	26-10-04 20:16	2026-10-4 19:19	듀이(823.914)에서 변경
2025-10-23 0:39	BK-20251023-0026	9780142410318	Charlie and the Chocolate Factory (Paperback, 미국판)	로알드 달 (지은이), 퀸틴 블레이크 (그림)	Puffin	2007-08-16	192	eng	문학	영미문학	소설	843	https://image.aladin.co.kr/product/97/54/cover500/014241031d_1.jpg					Owned	26-10-04 20:16	2026-10-4 19:19	
2025-10-23 0:39	BK-20251023-0027	9780986274206	Sideways Stories from Wayside School 웨이사이드 스쿨 1 (영어원서 + 워크북 + MP3 CD 1장)	루이스 새커 (지은이), 김보경, 데이먼 오 (감수)	롱테일북스	2015-01-02	264	eng	문학	영미문학	소설	843	https://image.aladin.co.kr/product/5036/9/cover500/0986274208_2.jpg					Owned	26-10-04 20:16	2026-10-4 19:19	
2025-10-23 0:40	BK-20251023-0028	9780375832208	Magic Tree House FACT TRACKER #14 : Ancient Rome and Pompeii (Paperback)	메리 폽 어즈번, 나탈리 폽 보이스 (지은이)	Random House Books for Young Readers	2006-04-25	128	eng	역사	아프리카	동아프리카	937	https://image.aladin.co.kr/product/86/56/cover500/037583220f_1.jpg	/NL/contents/search.do#viewKey=86371226&viewType=AH1				Owned	26-10-04 20:16	2026-10-4 19:19	
2025-10-23 0:40	BK-20251023-0029	9780261103566	The Hobbit & The Lord of the Rings Boxed Set (Multiple-component retail product, slip-cased)	존 로널드 루엘 톨킨 (지은이)	HarperCollins	1997-11-01	1472	eng	문학	영미문학	소설	843	https://image.aladin.co.kr/product/1641/60/cover500/026110356d_1.jpg					Owned	26-10-04 20:16	2026-10-4 19:19	
2025-10-23 0:40	BK-20251023-0030	9788994963532	뮤지코필리아 - 뇌와 음악에 관한 이야기	올리버 색스 (지은이), 장호연 (옮긴이), 김종성 (감수)	알마	2012-10-22	575	kor	예술	음악	음악 이론 및 기법	671.18	https://image.aladin.co.kr/product/2059/69/cover500/8994963537_1.jpg					Owned	26-10-04 20:16	2026-10-4 19:19	
2025-10-23 0:40	BK-20251023-0031	9791159920257	아내를 모자로 착각한 남자	올리버 색스 (지은이), 이정호 (그림), 조석현 (옮긴이)	알마	2016-08-18	396	kor	기술과학	의학	내과학	513.8	https://image.aladin.co.kr/product/8982/24/cover500/s242638443_1.jpg	/NL/contents/search.do#viewKey=284164428&viewType=AH1				Owned	26-10-04 20:16	2026-10-4 19:19	
2025-10-23 0:40	BK-20251023-0032	9788934981763	스케일 : 생물.도시.기업의 성장과 죽음에 관한 보편 법칙	제프리 웨스트 (지은이), 이한음 (옮긴이)	김영사	2018-07-30	664	kor	사회과학	사회학, 사회문제	사회학	331.54	https://image.aladin.co.kr/product/13176/81/cover500/8934981768_1.jpg	/NL/contents/search.do#viewKey=517448420&viewType=AH1				Owned	26-10-04 20:16	2026-10-4 19:19	
2025-10-23 0:41	BK-20251023-0033	9791196721190	우리가 절대 알 수 없는 것들에 대해 - 인간의 의식에서 우주까지, 과학지식의 한계는 어디까지인가	마커스 드 사토이 (지은이), 박병철 (옮긴이)	반니	2019-12-02	596	kor	철학	인식론, 인과론, 인간학	인식론	121	https://image.aladin.co.kr/product/21948/22/cover500/k872636501_1.jpg	/NL/contents/search.do#viewKey=646199879&viewType=AH1				Owned	26-10-04 20:16	2026-10-4 19:19	
2025-10-23 0:49	BK-20251023-0034	9788931924473	잠들기 전 엄마 아빠가 들려 주는 탈무드 이야기	김진섭 (글), 일홍 (그림)	지경사	2012-02-28	108	kor	종교	기독교	유대교(유태교)	239	https://image.aladin.co.kr/product/1593/66/cover500/893192447x_1.jpg	/NL/contents/search.do#viewKey=146127718&viewType=AH1				Owned	26-10-04 20:16	2026-10-4 19:19	
2025-10-23 9:48	BK-20251023-0035	9791169471763	자연은 협력한다	디르크 브로크만 (지은이), 강민경 (옮긴이)	알레	2022-11-01	328	kor	자연과학	자연과학	강연집, 수필집, 연설문집	404	https://image.aladin.co.kr/product/30473/65/cover500/k212830285_2.jpg	/NL/contents/search.do#viewKey=902957136&viewType=AH1				Owned	26-10-04 20:16	2026-10-4 19:19	(400)에서 변경
2025-10-23 9:49	BK-20251023-0036	9788901219943	신경 끄기의 기술 - 인생에서 가장 중요한 것만 남기는 힘	마크 맨슨 (지은이), 한재호 (옮긴이)	갤리온	2017-10-27	236	kor	철학	윤리학, 도덕철학	도덕훈, 교훈	199.1	https://image.aladin.co.kr/product/12005/79/cover500/8901219948_1.jpg	/NL/contents/search.do#viewKey=479987966&viewType=AH1				Owned	26-10-04 20:16	2026-10-4 19:19	
2025-10-23 9:49	BK-20251023-0037	9791189716042	음악에서의 위대성 - 위대한 음악가는 누구인가	알프레트 아인슈타인 (지은이), 강해근 (옮긴이)	포노(PHONO)	2020-09-15	292	kor	예술	음악	음악	670.9	https://image.aladin.co.kr/product/25152/38/cover500/k532633470_1.jpg	/NL/contents/search.do#viewKey=717463678&viewType=AH1				Owned	26-10-04 20:16	2026-10-4 19:19	
2025-10-23 9:49	BK-20251023-0038	9791191311020	나는 어쩌다 명왕성을 죽였나 - 명왕성 킬러 마이크 브라운의 태양계 초유의 행성 퇴출기	마이크 브라운 (지은이), 지웅배 (옮긴이)	롤러코스터	2021-04-05	420	kor	자연과학	천문학	기술천문학	443.49	https://image.aladin.co.kr/product/25967/86/cover500/k472730295_1.jpg	/NL/contents/search.do#viewKey=753185297&viewType=AH1				Owned	26-10-04 20:16	2026-10-4 19:19	
2025-10-24 2:13	BK-20251024-0039	9788956373645	마일즈 보르코시건 : 미러 댄스	로이스 맥마스터 부졸드 (지은이), 유정아 (옮긴이)	씨앗을뿌리는사람	2015-01-12	776	kor	문학	영미문학	소설	843.5	https://image.aladin.co.kr/product/5122/54/cover500/8956373647_1.jpg	/NL/contents/search.do#viewKey=239404016&viewType=AH1				Owned	26-10-04 20:16	2026-10-4 19:19	
2025-10-24 2:16	BK-20251024-0040	9788956372563	마일즈 보르코시건 : 바라야 내전	로이스 맥마스터 부졸드 (지은이), 최세진 (옮긴이)	씨앗을뿌리는사람	2013-07-22	512	kor	문학	영미문학	소설	843.5	https://image.aladin.co.kr/product/2890/81/cover500/895637256x_2.jpg	/NL/contents/search.do#viewKey=178695419&viewType=AH1				Owned	26-10-04 20:16	2026-10-4 19:19	
2025-10-24 2:16	BK-20251024-0041	9788960172692	신들의 전쟁 (하)	닐 게이먼 (지은이), 장용준 (옮긴이)	황금가지	2008-11-14	420	kor	문학	영미문학	소설	843	https://image.aladin.co.kr/product/282/49/cover500/8960172693_1.jpg	/NL/contents/search.do#viewKey=91794947&viewType=AH1				Owned	26-10-04 20:16	2026-10-4 19:19	
2025-10-24 2:17	BK-20251024-0042	9791158884826	다섯 번째 계절	N. K. 제미신 (지은이), 박슬라 (옮긴이)	황금가지	2019-01-18	612	kor	문학	영미문학	소설	843.6	https://image.aladin.co.kr/product/17947/52/cover500/k242534231_1.jpg	/NL/contents/search.do#viewKey=558978689&viewType=AH1				Owned	26-10-04 20:16	2026-10-4 19:19	
2025-10-24 2:18	BK-20251024-0043	9791195628391	타인들 속에서	조 월튼 (지은이), 김민혜 (옮긴이)	아작	2016-02-25	448	kor	문학	영미문학	소설	843	https://image.aladin.co.kr/product/7492/5/cover500/k572434924_1.jpg	/NL/contents/search.do#viewKey=CNTS-00092873668&viewType=C				Owned	26-10-04 20:16	2026-10-4 19:19	
2025-10-24 2:21	BK-20251024-0044	9791195628322	이중 도시	차이나 미에빌 (지은이), 김창규 (옮긴이)	아작	2015-11-20	576	kor	문학	영미문학	소설	843.5	https://image.aladin.co.kr/product/6968/55/cover500/k462434886_2.jpg	/NL/contents/search.do#viewKey=262065654&viewType=AH1				Owned	26-10-04 20:16	2026-10-4 19:19	
2025-10-24 2:54	BK-20251024-0045	9788992711470	와인드업 걸	파올로 바치갈루피 (지은이), 이원경 (옮긴이)	다른	2011-09-10	695	kor	문학	영미문학	소설	843.6	https://image.aladin.co.kr/product/1297/88/cover500/8992711476_1.jpg	/NL/contents/search.do#viewKey=139586285&viewType=AH1				Owned	26-10-04 20:16	2026-10-4 19:19	
2025-10-24 2:54	BK-20251024-0046	9788983921734	조나단 스트레인지와 마법사 노렐 2	수잔나 클라크 (지은이), 이옥용 (옮긴이)	문학수첩	2005-01-11	623	kor	문학	영미문학	소설	843.5	https://image.aladin.co.kr/product/53/56/cover500/8983921730_1.jpg					Owned	26-10-04 20:16	2026-10-4 19:19	
2025-10-24 2:55	BK-20251024-0047	9788983921727	조나단 스트레인지와 마법사 노렐 1	수잔나 클라크 (지은이), 이옥용 (옮긴이)	문학수첩	2005-01-11	723	kor	문학	영미문학	소설	843.5	https://image.aladin.co.kr/product/53/56/cover500/8983921722_1.jpg					Owned	26-10-04 20:16	2026-10-4 19:19	
2025-10-24 2:56	BK-20251024-0048	9788974792176	존 카밧진의 처음 만나는 마음챙김 명상	존 카밧진 (지은이), 안희영 (옮긴이)	불광출판사	2012-11-01	240	kor	종교	불교	종교신앙, 신앙록, 신앙생활	224.3	https://image.aladin.co.kr/product/2062/53/cover500/8974792176_3.jpg	/NL/contents/search.do#viewKey=156908322&viewType=AH1				Owned	26-10-04 20:16	2026-10-4 19:19	
2025-10-24 2:56	BK-20251024-0049	9788997743339	지혜의 심리학 - 나의 잠재력을 찾는 생각의 비밀코드	김경일 (지은이)	진성북스	2017-03-13	352	kor	철학	심리학	각론	181.3	https://image.aladin.co.kr/product/10511/69/cover500/8997743333_1.jpg					Owned	26-10-04 20:16	2026-10-4 19:19	
2025-10-24 2:56	BK-20251024-0050	9788997743520	적정한 삶	김경일 (지은이)	진성북스	2021-03-30	360	kor	철학	심리학	각론	181.3	https://image.aladin.co.kr/product/26803/61/cover500/899774352x_1.jpg	/NL/contents/search.do#viewKey=753190609&viewType=AH1				Owned	26-10-04 20:16	2026-10-4 19:19	
2025-10-24 2:57	BK-20251024-0051	9788956055053	The Giver 더 기버 (영어원서 + 워크북 + MP3 CD 1장)	로이스 로리 (지은이), 매건 맨리, 이수영, 김보경, 이제원 (감수)	롱테일북스	2010-12-20	480	eng	문학	영미문학	소설	843	https://image.aladin.co.kr/product/838/53/cover500/895605505x_2.jpg	/NL/contents/search.do#viewKey=134544953&viewType=AH1				Owned	26-10-04 20:16	2026-10-4 19:19	(747.2)에서 변경
2025-10-24 2:57	BK-20251024-0052	9780545816458	Gilded	Christina Farley	scholastic	2015-01-01	339	eng	문학	영미문학	소설	843	https://image.aladin.co.kr/product/3281/67/cover500/1477810978_2.jpg					Owned	26-10-04 20:16	2026-10-4 19:19	원본확인필요
2025-10-24 2:57	BK-20251024-0053	9780385754729	The Book Thief (Paperback, Reprint)	마커스 주삭 (지은이)	Random House Childrens Books	2013-10-15	592	eng	문학	영미문학	소설	843	https://image.aladin.co.kr/product/2655/74/cover500/0385754728_1.jpg					Owned	26-10-04 20:16	2026-10-4 19:19	
2025-10-24 2:58	BK-20251024-0054	9780142406120	Point Blank (Paperback)	앤서니 호로위츠 (지은이)	Puffin	2006-02-16	320	eng	문학	영미문학	소설	843	https://image.aladin.co.kr/product/95/31/cover500/0142406120_2.jpg					Owned	26-10-04 20:16	2026-10-4 19:19	원본확인필요
2025-10-24 2:58	BK-20251024-0055	9780142406113	Stormbreaker (Paperback)	앤서니 호로위츠 (지은이)	Puffin	2006-02-16	304	eng	문학	영미문학	소설	843	https://image.aladin.co.kr/product/156/42/cover500/0142406112_1.jpg					Owned	26-10-04 20:16	2026-10-4 19:19	원본확인필요
2025-10-24 8:42	BK-20251024-0056	9788932902760	콘트라베이스	파트리크 쥐스킨트 (지은이), 유혜자 (옮긴이)	열린책들	2000-02-10	112	kor	문학	독일문학	소설	853	https://image.aladin.co.kr/product/14/83/cover500/8932902763_1.jpg					Owned	26-10-04 20:16	2026-10-4 19:19	
2025-10-24 14:40	BK-20251024-0057	9791159033803	초판본 수레바퀴 아래서 (양장) - 1906년 오리지널 초판본 표지디자인	헤르만 헤세 (지은이), 이순학 (옮긴이)	더스토리	2016-12-19	224	kor	문학	독일문학	소설	853	https://image.aladin.co.kr/product/9872/38/cover500/k882535552_1.jpg	/NL/contents/search.do#viewKey=361187431&viewType=AH1				Owned	26-10-04 20:16	2026-10-4 19:19	
2025-10-24 14:40	BK-20251024-0058	9791164452880	초판본 싯다르타 (리커버 한정판, 양장 블랙벨벳 에디션) - 1922년 오리지널 초판본 표지디자인	헤르만 헤세 (지은이), 박진권 (옮긴이)	더스토리	2020-06-25	232	kor	문학	독일문학	소설	853	https://image.aladin.co.kr/product/24083/55/cover500/k702639134_2.jpg	/NL/contents/search.do#viewKey=699228390&viewType=AH1				Owned	26-10-04 20:16	2026-10-4 19:19	
2025-10-24 14:41	BK-20251024-0059	9788901223032	하마터면 열심히 살 뻔했다 (벚꽃 에디션)	하완 (지은이)	웅진지식하우스	2018-04-23	288	kor	문학	한국문학	르포르타주 및 기타	818	https://image.aladin.co.kr/product/18560/50/cover500/k872635769_1.jpg	/NL/contents/search.do#viewKey=505891494&viewType=AH1				Owned	26-10-04 20:16	2026-10-4 19:19	
2025-10-24 14:44	BK-20251024-0060	9788973374939	눈먼 자들의 도시 (탄생 100주년 기념 스페셜 에디션)	주제 사라마구 (지은이), 정영목 (옮긴이)	해냄	2022-10-20	476	kor	문학	스페인 및 포르투갈문학	포르투갈문학	879	https://image.aladin.co.kr/product/30307/98/cover500/k392839030_1.jpg					Owned	26-10-04 20:16	2026-10-4 19:19	
2025-10-24 14:45	BK-20251024-0061	9791192579818	잘못된 장소 잘못된 시간	질리언 매캘리스터 (지은이), 이경 (옮긴이)	시옷북스	2023-07-27	512	kor	문학	영미문학	소설	843.6	https://image.aladin.co.kr/product/32145/31/cover500/k952834116_1.jpg	/NL/contents/search.do#viewKey=950198155&viewType=AH1				Owned	26-10-04 20:16	2026-10-4 19:19	
2025-10-24 14:45	BK-20251024-0062	9791168475328	프로스트와 베타 (양장)	로저 젤라즈니 (지은이), 조호근 (옮긴이)	데이원	2023-07-07	142	kor	문학	영미문학	소설	843.5	https://image.aladin.co.kr/product/31837/26/cover500/k872833226_2.jpg	/NL/contents/search.do#viewKey=949672576&viewType=AH1				Owned	26-10-04 20:16	2026-10-4 19:19	
2025-10-24 14:45	BK-20251024-0063	9788971847244	허삼관 매혈기	위화 (지은이), 최용만 (옮긴이)	푸른숲	2007-06-28	350	kor	문학	중국문학	소설	823.7	https://image.aladin.co.kr/product/16/90/cover500/8971847247_3.jpg	/NL/contents/search.do#viewKey=72253510&viewType=AH1				Owned	26-10-04 20:16	2026-10-4 19:19	
2025-10-24 14:45	BK-20251024-0064	9791188850969	신도 주사위 놀이를 한다 - 확률, 불확실한 미래에 도전해온 수학의 역사	이언 스튜어트 (지은이), 장영재 (옮긴이)	북라이프	2020-08-19	472	kor	자연과학	수학	통계학	413.1	https://image.aladin.co.kr/product/24870/53/cover500/k322631455_1.jpg	/NL/contents/search.do#viewKey=710156224&viewType=AH1				Owned	26-10-04 20:16	2026-10-4 19:19	
2025-10-24 14:46	BK-20251024-0065	9788993285284	개를 훔치는 완벽한 방법	바바라 오코너 (지은이), 신선해 (옮긴이)	다산책방	2008-10-02	264	kor	문학	영미문학	소설	843	https://image.aladin.co.kr/product/264/27/cover500/8993285284_1.jpg	/NL/contents/search.do#viewKey=CNTS-00058780570&viewType=C				Owned	26-10-04 20:16	2026-10-4 19:19	확인필요. 중복책
2025-10-24 14:52	BK-20251024-0066	9788963710853	링월드	레리 니븐 (지은이), 고호관 (옮긴이)	새파란상상(파란미디어)	2013-08-26	536	kor	문학	영미문학	소설	843.5	https://image.aladin.co.kr/product/3001/98/cover500/8963710858_1.jpg	/NL/contents/search.do#viewKey=179778344&viewType=AH1				Owned	26-10-04 20:16	2026-10-4 19:19	
2025-10-24 14:53	BK-20251024-0067	9780062268143	The Year of Billy Miller: A Newbery Honor Award Winner (Paperback) - 2014 뉴베리 아너	케빈 헹크스 (지은이)	Greenwillow Books	2015-05-26	240	eng	문학	영미문학	소설	843	https://image.aladin.co.kr/product/4732/0/cover500/006226814d_1.jpg					Owned	26-10-04 20:16	2026-10-4 19:19	
2025-10-24 14:53	BK-20251024-0068	9788927804666	그가 사랑한 클래식 - 음악이 삶에 가르쳐주는 소중한 것들	요아힘 카이저 (지은이), 홍은정 (옮긴이)	문예중앙	2013-08-20	280	kor	예술	음악	음악	670.9	https://image.aladin.co.kr/product/3026/4/cover500/892780466x_1.jpg	/NL/contents/search.do#viewKey=180319215&viewType=AH1				Owned	26-10-04 20:16	2026-10-4 19:19	
2025-10-24 14:53	BK-20251024-0069	9780060833459	The Effective Executive: The Definitive Guide to Getting the Right Things Done (Paperback) - 『피터 드러커의 자기경영노트』원서	피터 드러커 (지은이)	HarperBusiness	2006-01-03	208	eng	사회과학	경제학	경영	325.1	https://image.aladin.co.kr/product/102/84/cover500/0060833459_1.jpg	/NL/contents/search.do#viewKey=73265381&viewType=AH1				Owned	26-10-04 20:16	2026-10-4 19:19	(658.4)에서 재분류
2025-10-24 14:54	BK-20251024-0070	9788965402329	잠자는 코딩 브레인을 깨우는 알고리즘 퍼즐 69 - 수학적 사고로 구현하는 프로그래밍의 즐거움	마스이 토시카츠 (지은이), 윤인성 (옮긴이)	프리렉	2019-02-01	400	kor	총류	총류	프로그래밍, 프로그램, 데이터	005.1	https://image.aladin.co.kr/product/17950/30/cover500/8965402328_1.jpg	/NL/contents/search.do#viewKey=560099915&viewType=AH1				Owned	26-10-04 20:16	2026-10-4 19:19	
2025-10-24 14:54	BK-20251024-0071	9781468172362	What Foreigners Need to Know about America from A to Z: How to Understand Crazy American Culture, People, Government, Business, Language and More (Paperback)	Lance Johnson (지은이)	CreateSpace	2012-05-30	618	eng	역사	북아메리카	북아메리카	940	https://image.aladin.co.kr/product/3558/36/cover500/1468172360_1.jpg	/NL/contents/search.do#viewKey=247377835&viewType=AH1				Owned	26-10-04 20:16	2026-10-4 19:19	듀이십진분류에서 변경
2025-10-24 14:55	BK-20251024-0072	9788934990307	나는 풍요로웠고, 지구는 달라졌다	호프 자런 (지은이), 김은령 (옮긴이)	김영사	2020-09-07	276	kor	기술과학	공학, 공업일반, 토목공학, 환경공학	위생, 도시, 환경 공학	539.9	https://image.aladin.co.kr/product/25039/64/cover500/8934990309_1.jpg	/NL/contents/search.do#viewKey=716088187&viewType=AH1				Owned	26-10-04 20:16	2026-10-4 19:19	
2025-10-24 14:55	BK-20251024-0073	9788989566823	각자도생의 세계와 지정학 - 미국 없는 세계에서 어떤 국가가 부상하고 어떤 국가가 몰락하는가	피터 자이한 (지은이), 홍지수 (옮긴이)	김앤김북스	2021-02-01	496	kor	사회과학	정치학	정치학	340.98	https://image.aladin.co.kr/product/26296/86/cover500/8989566827_1.jpg	/NL/contents/search.do#viewKey=749586794&viewType=AH1				Owned	26-10-04 20:16	2026-10-4 19:19	
2025-10-24 14:55	BK-20251024-0074	9780063230477	The End of the World Is Just the Beginning: Mapping the Collapse of Globalization (Hardcover) - 『붕괴하는 세계와 인구학』원서	피터 자이한 (지은이)	Harper Business	2022-06-14	512	eng	사회과학	정치학	정치학	340.98	https://image.aladin.co.kr/product/27842/28/cover500/006323047x_1.jpg	/NL/contents/search.do#viewKey=908022376&viewType=AH1				Owned	26-10-04 20:16	2026-10-4 19:19	(338.91)에서 변경
2025-10-24 14:55	BK-20251024-0075	9788965706908	초격차 - 넘볼 수 없는 차이를 만드는 격	권오현 (지은이), 김상근 (정리)	쌤앤파커스	2018-09-10	336	kor	사회과학	경제학	경영	325.24	https://image.aladin.co.kr/product/16628/32/cover500/8965706904_1.jpg	/NL/contents/search.do#viewKey=530771802&viewType=AH1				Owned	26-10-04 20:16	2026-10-4 19:19	
2025-10-24 14:56	BK-20251024-0076	9788984071858	천국에서 만난 다섯 사람	미치 앨봄 (지은이), 공경희 (옮긴이)	세종(세종서적)	2005-03-20	246	kor	문학	영미문학	소설	843	https://image.aladin.co.kr/product/54/95/cover500/8984071854_1.jpg					Owned	26-10-04 20:16	2026-10-4 19:19	
2025-10-24 14:56	BK-20251024-0077	9788972758389	노변의 피크닉	아르카디 나타노비치 스트루가츠키, 보리스 나타노비치 스트루가츠키 (지은이), 이보석 (옮긴이)	현대문학	2017-12-18	380	kor	문학	기타 제문학	인도-유럽계문학	892.83	https://image.aladin.co.kr/product/12611/20/cover500/8972758388_1.jpg	/NL/contents/search.do#viewKey=483100873&viewType=AH1				Owned	26-10-04 20:16	2026-10-4 19:19	
2025-10-24 14:56	BK-20251024-0078	9791190090674	내가 행복한 이유	그렉 이건 (지은이), 김상훈 (옮긴이)	허블	2022-08-16	532	kor	문학	영미문학	소설	843.5	https://image.aladin.co.kr/product/29981/88/cover500/k812838247_1.jpg	/NL/contents/search.do#viewKey=867112853&viewType=AH1				Owned	26-10-04 20:16	2026-10-4 19:19	
2025-10-24 14:56	BK-20251024-0079	9788954685672	오래되고 멋진 클래식 레코드	무라카미 하루키 (지은이), 홍은주 (옮긴이)	문학동네	2022-03-25	356	kor	예술	음악	음악	670.15	https://image.aladin.co.kr/product/29083/16/cover500/8954685676_1.jpg	/NL/contents/search.do#viewKey=841997070&viewType=AH1				Owned	26-10-04 20:16	2026-10-4 19:19	
2025-10-24 14:56	BK-20251024-0080	9788961884969	유대인 경찰연합 2 - 바르샤바 터널	마이클 셰이본 (지은이), 김효설 (옮긴이)	중앙books(중앙북스)	2009-03-05	375	kor	문학	영미문학	소설	843	https://image.aladin.co.kr/product/339/62/cover500/8961884964_1.jpg	/NL/contents/search.do#viewKey=101533920&viewType=AH1				Owned	26-10-04 20:16	2026-10-4 19:19	
2025-10-24 14:56	BK-20251024-0081	9788961884952	유대인 경찰연합 1 - 예언자 멘델의 죽음	마이클 셰이본 (지은이), 김효설 (옮긴이)	중앙books(중앙북스)	2009-03-05	375	kor	문학	영미문학	소설	843	https://image.aladin.co.kr/product/339/62/cover500/8961884956_1.jpg	/NL/contents/search.do#viewKey=101533920&viewType=AH1				Owned	26-10-04 20:16	2026-10-4 19:19	
2025-10-24 14:57	BK-20251024-0082	9788901165813	x의 즐거움 - 인생을 해석하고 지성을 자극하는 수학 여행	스티븐 스트로가츠 (지은이), 이충호 (옮긴이)	웅진지식하우스	2014-07-14	360	kor	자연과학	수학	수학	410	https://image.aladin.co.kr/product/4377/47/cover500/8901165813_1.jpg	/NL/contents/search.do#viewKey=218863958&viewType=AH1				Owned	26-10-04 20:16	2026-10-4 19:19	
2025-10-24 14:57	BK-20251024-0083	9788983711885	수학의 확실성	모리스 클라인 (지은이), 심재관 (옮긴이)	사이언스북스	2007-03-30	640	kor	자연과학	수학	수학	410.9	https://image.aladin.co.kr/product/90/93/cover500/8983711884_2.jpg	/NL/contents/search.do#viewKey=70564804&viewType=AH1				Owned	26-10-04 20:16	2026-10-4 19:19	
2025-10-24 14:57	BK-20251024-0084	9788965962656	뷰티풀 퀘스천 - 세상에 숨겨진 아름다움의 과학	프랭크 윌첵 (지은이), 박병철 (옮긴이), 김상욱 (감수)	흐름출판	2018-06-15	552	kor	자연과학	물리학	물리학	420.01	https://image.aladin.co.kr/product/13169/81/cover500/896596265x_1.jpg	/NL/contents/search.do#viewKey=508121574&viewType=AH1				Owned	26-10-04 20:16	2026-10-4 19:19	
2025-10-24 14:57	BK-20251024-0085	9788934956884	1,2,3 그리고 무한 - 칼링가 상 수상자 대표작	조지 가모브 (지은이), 김혜원 (옮긴이), 곽영직 (해제)	김영사	2012-04-16	476	kor	자연과학	물리학	물리학	420	https://image.aladin.co.kr/product/1640/71/cover500/8934956887_2.jpg	/NL/contents/search.do#viewKey=151062808&viewType=AH1				Owned	26-10-04 20:16	2026-10-4 19:19	
2025-10-24 14:58	BK-20251024-0086	9788950979959	이토록 아름다운 수학이라면 - 내 인생의 X값을 찾아줄 감동의 수학 강의	최영기 (지은이)	21세기북스	2019-03-11	236	kor	자연과학	수학	수학	410.4	https://image.aladin.co.kr/product/18617/97/cover500/8950979950_1.jpg	/NL/contents/search.do#viewKey=569102488&viewType=AH1				Owned	26-10-04 20:16	2026-10-4 19:19	
2025-10-24 14:59	BK-20251024-0087	9788997743384	어쩌면 우리가 거꾸로 해왔던 것들 - 나와 당신을 되돌아보는, 지혜의 심리학	김경일 (지은이)	진성북스	2018-04-02	272	kor	철학	심리학	각론	181.3	https://image.aladin.co.kr/product/13788/42/cover500/8997743384_2.jpg	/NL/contents/search.do#viewKey=494863573&viewType=AH1				Owned	26-10-04 20:16	2026-10-4 19:19	
2025-10-24 14:59	BK-20251024-0088	9788950979409	나는 매주 시체를 보러 간다 (알라딘 단독 리커버) - 서울대학교 최고의 ‘죽음’ 강의	유성호 (지은이)	21세기북스	2019-01-23	280	kor	기술과학	의학	건강증진, 공중보건 및 예방의학	517.96	https://image.aladin.co.kr/product/37279/85/cover500/k542031422_1.jpg	/NL/contents/search.do#viewKey=559930101&viewType=AH1				Owned	26-10-04 20:16	2026-10-4 19:19	
2025-10-24 14:59	BK-20251024-0089	9791196460747	드뷔시의 파리 : 벨 에포크 시대의 초상	캐서린 카우츠키 (지은이), 배인혜 (옮긴이)	만복당	2020-05-30	380	kor	예술	음악	음악	670.99	https://image.aladin.co.kr/product/24153/37/cover500/k102639546_1.jpg	/NL/contents/search.do#viewKey=696489342&viewType=AH1				Owned	26-10-04 20:16	2026-10-4 19:19	
2025-10-24 15:00	BK-20251024-0090	9788993094688	바벨-17	새뮤얼 딜레이니 (지은이), 김상훈 (옮긴이)	폴라북스(현대문학)	2013-04-26	348	kor	문학	영미문학	소설	843.5	https://image.aladin.co.kr/product/2615/41/cover500/8993094683_1.jpg	/NL/contents/search.do#viewKey=177245141&viewType=AH1				Owned	26-10-04 20:16	2026-10-4 19:19	
2025-10-24 15:00	BK-20251024-0091	9791190652001	별을 위한 시간	로버트 A. 하인라인 (지은이), 최세진 (옮긴이)	아작	2020-02-20	336	kor	문학	영미문학	소설	843.5	https://image.aladin.co.kr/product/23292/32/cover500/k792637711_1.jpg	/NL/contents/search.do#viewKey=678875139&viewType=AH1				Owned	26-10-04 20:16	2026-10-4 19:19	
2025-10-24 15:00	BK-20251024-0092	9788955616491	우연을 길들이다 - 통계는 어떻게 우연을 과학으로 만들었는가?	이언 해킹 (지은이), 정혜경 (옮긴이)	바다출판사	2012-10-02	493	kor	철학	인식론, 인과론, 인간학	자유 및 필연	123.3	https://image.aladin.co.kr/product/2013/20/cover500/895561649x_1.jpg	/NL/contents/search.do#viewKey=155790915&viewType=AH1				Owned	26-10-04 20:16	2026-10-4 19:19	
2025-10-24 15:00	BK-20251024-0093	9788961390323	아름다움은 왜 진리인가 - 대칭의 역사	이언 스튜어트 (지은이), 안재권, 안기연 (옮긴이)	승산	2010-03-12	432	kor	자연과학	물리학	현대물리학	429	https://image.aladin.co.kr/product/660/29/cover500/8961390325_1.jpg	/NL/contents/search.do#viewKey=108500059&viewType=AH1				Owned	26-10-04 20:16	2026-10-4 19:19	
2025-10-24 15:00	BK-20251024-0094	9788937479793	내 이름은 빨강 1	오르한 파묵 (지은이), 이난아 (옮긴이)	민음사	2019-10-28	404	kor	문학	일본문학 및 기타 아시아 제문학	기타 아시아 제문학	839.45	https://image.aladin.co.kr/product/21424/16/cover500/8937479796_3.jpg	/NL/contents/search.do#viewKey=1108901983&viewType=AH1				Owned	26-10-04 20:16	2026-10-4 19:19	
2025-10-24 15:01	BK-20251024-0095	9788937479809	내 이름은 빨강 2	오르한 파묵 (지은이), 이난아 (옮긴이)	민음사	2019-10-28	408	kor	문학	일본문학 및 기타 아시아 제문학	기타 아시아 제문학	839.45	https://image.aladin.co.kr/product/21424/51/cover500/893747980x_2.jpg	/NL/contents/search.do#viewKey=1108901983&viewType=AH1				Owned	26-10-04 20:16	2026-10-4 19:19	
2025-10-24 15:01	BK-20251024-0096	9791158889609	당신들은 이렇게 시간 전쟁에서 패배한다	아말 엘모타르, 맥스 글래드스턴 (지은이), 장성주 (옮긴이)	황금가지	2021-07-16	284	kor	문학	영미문학	소설	843.6	https://image.aladin.co.kr/product/31673/8/cover500/k832833672_1.jpg	/NL/contents/search.do#viewKey=766505988&viewType=AH1				Owned	26-10-04 20:16	2026-10-4 19:19	
2025-10-24 15:01	BK-20251024-0097	9791187206446	라마와의 랑데부	아서 C. 클라크 (지은이), 박상준 (옮긴이)	아작	2017-03-19	384	kor	문학	영미문학	소설	843.5	https://image.aladin.co.kr/product/10551/10/cover500/k312530238_1.jpg	/NL/contents/search.do#viewKey=367094797&viewType=AH1				Owned	26-10-04 20:16	2026-10-4 19:19	
2025-10-24 15:01	BK-20251024-0098	9788932917313	스타타이드 라이징 1	데이비드 브린 (지은이), 최용준 (옮긴이)	열린책들	2015-12-30	400	kor	문학	영미문학	소설	843.5	https://image.aladin.co.kr/product/7237/87/cover500/8932917310_1.jpg	/NL/contents/search.do#viewKey=265869320&viewType=AH1				Owned	26-10-04 20:16	2026-10-4 19:19	
2025-10-24 15:01	BK-20251024-0099	9788932917320	스타타이드 라이징 2	데이비드 브린 (지은이), 최용준 (옮긴이)	열린책들	2015-12-30	384	kor	문학	영미문학	소설	843.5	https://image.aladin.co.kr/product/7237/89/cover500/8932917329_1.jpg	/NL/contents/search.do#viewKey=265869320&viewType=AH1				Owned	26-10-04 20:16	2026-10-4 19:19	
2025-10-24 15:02	BK-20251024-0100	9788954688963	타이탄의 세이렌	커트 보니것 (지은이), 강동혁 (옮긴이)	문학동네	2022-10-24	432	kor	문학	영미문학	소설	843.5	https://image.aladin.co.kr/product/30367/25/cover500/8954688969_1.jpg	/NL/contents/search.do#viewKey=878834752&viewType=AH1				Owned	26-10-04 20:16	2026-10-4 19:19	
2025-10-24 15:03	BK-20251024-0101	9791188547210	노바	새뮤얼 딜레이니 (지은이), 공보경 (옮긴이)	폴라북스(현대문학)	2022-05-30	424	kor	문학	영미문학	소설	843.5	https://image.aladin.co.kr/product/29537/51/cover500/k162837952_1.jpg	/NL/contents/search.do#viewKey=854796597&viewType=AH1				Owned	26-10-04 20:16	2026-10-4 19:19	
2025-10-24 15:03	BK-20251024-0102	9791190090780	쿼런틴	그렉 이건 (지은이), 김상훈 (옮긴이)	허블	2022-12-21	468	kor	문학	영미문학	소설	843.5	https://image.aladin.co.kr/product/30721/2/cover500/k112830246_1.jpg	/NL/contents/search.do#viewKey=900698528&viewType=AH1				Owned	26-10-04 20:16	2026-10-4 19:19	
2025-10-24 15:03	BK-20251024-0103	9791187206323	중력의 임무	할 클레멘트 (지은이), 안정희 (옮긴이)	아작	2016-11-25	384	kor	문학	영미문학	소설	843.5	https://image.aladin.co.kr/product/9747/13/cover500/k092535345_2.jpg	/NL/contents/search.do#viewKey=359579972&viewType=AH1				Owned	26-10-04 20:16	2026-10-4 19:19	
2025-10-24 15:04	BK-20251024-0104	9788995529737	저주받은 자, 딜비쉬 - 딜비쉬 연대기 1, 이색작가총서 2	로저 젤라즈니 (지은이), 김상훈 (옮긴이)	너머	2005-05-30	447	kor	문학	영미문학	소설	843	https://image.aladin.co.kr/product/56/30/cover500/8995529733_2.jpg					Owned	26-10-04 20:16	2026-10-4 19:19	
2025-10-24 15:04	BK-20251024-0105	9788995529744	변화의 땅 - 딜비쉬 연대기 2, 이색작가총서 3	로저 젤라즈니 (지은이), 김상훈 (옮긴이)	너머	2005-09-12	352	kor	문학	영미문학	소설	843	https://image.aladin.co.kr/product/58/37/cover500/8995529741_2.jpg					Owned	26-10-04 20:16	2026-10-4 19:19	
2025-10-24 15:04	BK-20251024-0106	9791188287215	[큰글씨도서] 로또9단 1등 분석기법  - 과학적 분석으로 로또 1등에 도전한다!	이승윤 (지은이)	푸른e미디어	2021-01-15	228	kor	자연과학	수학	통계학	413	https://image.aladin.co.kr/product/26056/10/cover500/k182737151_3.jpg	/NL/contents/search.do#viewKey=752009658&viewType=AH1				Owned	26-10-04 20:16	2026-10-4 19:19	(327,89)에서 재분류
2025-10-24 15:04	BK-20251024-0107	9788968482274	누워서 읽는 알고리즘 - 프로그래밍 상상력을 키워주는 알고리즘 이야기	임백준 (지은이)	한빛미디어	2015-10-20	280	kor	총류	총류	프로그래밍, 프로그램, 데이터	005.1	https://image.aladin.co.kr/product/6841/47/cover500/8968482276_1.jpg	/NL/contents/search.do#viewKey=269162779&viewType=AH1				Owned	26-10-04 20:16	2026-10-4 19:19	
2025-10-24 15:04	BK-20251024-0108	9780945760849	Lotto How to Wheel a Fortune 2007: Win Lotto by Mathematical Probability, Not by Chance (Paperback) - Win Lotto by Mathematical Probability, Not by Chance	게일 하워드 (지은이)	Smart Luck Pub	2011-05-30	434	eng	자연과학	수학	통계학	413	https://image.aladin.co.kr/product/142/54/cover500/0945760841_1.jpg					Owned	26-10-04 20:16	2026-10-4 19:19	
2025-10-24 15:04	BK-20251024-0109	9788981723422	어떻게 문제를 풀 것인가? - 수학적 사고방식	조지 폴리아 (지은이), 우정호 (옮긴이)	교우사(교재)	2005-03-30	338	kor	자연과학	수학	수학	410.7	https://image.aladin.co.kr/product/39/6/cover500/s812635984_1.jpg					Owned	26-10-04 20:16	2026-10-4 19:19	
2025-10-24 15:05	BK-20251024-0110	9791186978801	신은 주사위 놀이를 하지 않는다 - 로또부터 진화까지, 우연한 일들의 법칙	데이비드 핸드 (지은이), 전대호 (옮긴이)	더퀘스트	2016-04-08	300	kor	자연과학	수학	통계학	413.1	https://image.aladin.co.kr/product/8108/92/cover500/k812434148_1.jpg	/NL/contents/search.do#viewKey=273925908&viewType=AH1				Owned	26-10-04 20:16	2026-10-4 19:19	
2025-10-24 15:06	BK-20251024-0111	9791189327156	물고기는 존재하지 않는다 - 상실, 사랑 그리고 숨어 있는 삶의 질서에 관한 이야기	룰루 밀러 (지은이), 정지인 (옮긴이)	곰출판	2021-12-17	300	kor	자연과학	동물학	동물학	490.99	https://image.aladin.co.kr/product/28465/73/cover500/k092835920_2.jpg	/NL/contents/search.do#viewKey=817876522&viewType=AH1				Owned	26-10-04 20:16	2026-10-4 19:19	
2025-10-24 15:06	BK-20251024-0112	9791190555746	위대한 피아니스트 1	해럴드 C. 숀버그 (지은이), 박유진 (옮긴이), 조은아 (감수)	클	2021-10-06	444	kor	예술	음악	건반악기 및 타악기	676.2099	https://image.aladin.co.kr/product/28084/32/cover500/k922734745_1.jpg	/NL/contents/search.do#viewKey=789348651&viewType=AH1				Owned	26-10-04 20:16	2026-10-4 19:19	
2025-10-24 15:06	BK-20251024-0113	9791190555753	위대한 피아니스트 2	해럴드 C. 숀버그 (지은이), 박유진 (옮긴이), 조은아 (감수)	클	2021-10-06	452	kor	예술	음악	건반악기 및 타악기	676.2099	https://image.aladin.co.kr/product/28084/36/cover500/k112734745_1.jpg	/NL/contents/search.do#viewKey=789348651&viewType=AH1				Owned	26-10-04 20:16	2026-10-4 19:19	
2025-10-24 15:07	BK-20251024-0114	9791185415345	그건 우연이 아니야 - 아주 우연한 사건에 관한 수학적 고찰	조지프 마주르 (지은이), 노태복 (옮긴이)	에이도스	2019-11-11	314	kor	자연과학	수학	통계학	413.1	https://image.aladin.co.kr/product/21574/38/cover500/k412636598_1.jpg	/NL/contents/search.do#viewKey=632778472&viewType=AH1				Owned	26-10-04 20:16	2026-10-4 19:19	
2025-10-24 15:07	BK-20251024-0115	9791187147589	법정에 선 수학 - 수학이 판결을 뒤바꾼 세기의 재판 10	레일라 슈넵스, 코랄리 콜메즈 (지은이), 김일선 (옮긴이)	아날로그(글담)	2020-09-05	352	kor	자연과학	수학	수학	410	https://image.aladin.co.kr/product/24975/18/cover500/k942632701_1.jpg	/NL/contents/search.do#viewKey=714691340&viewType=AH1				Owned	26-10-04 20:16	2026-10-4 19:19	
2025-10-24 15:07	BK-20251024-0116	9791165215842	이토록 뜻밖의 뇌과학 - 뇌가 당신에 관해 말할 수 있는 7과 1/2가지 진실	리사 펠드먼 배럿 (지은이), 변지영 (옮긴이), 정재승 (감수)	더퀘스트	2021-08-05	244	kor	기술과학	의학	기초의학	511.1813	https://image.aladin.co.kr/product/27606/41/cover500/k922733927_1.jpg	/NL/contents/search.do#viewKey=767852664&viewType=AH1				Owned	26-10-04 20:16	2026-10-4 19:19	
2025-10-24 15:07	BK-20251024-0117	9788970651750	손자병법 (보급판 문고본) - Hand in Hand Library	손무 (지은이), 유동환 (옮긴이)	홍익	2008-05-01	230	kor	철학	동양철학, 동양사상	중국 철학, 사상	152.27	https://image.aladin.co.kr/product/212/76/cover500/8970651756_1.jpg	/NL/contents/search.do#viewKey=101062219&viewType=AH1				Owned	26-10-04 20:16	2026-10-4 19:19	
2025-10-24 15:08	BK-20251024-0118	9791157830572	개소리에 대하여	해리 G. 프랭크퍼트 (지은이), 이윤 (옮긴이)	필로소픽	2016-10-31	96	kor	철학	윤리학, 도덕철학	사회윤리	194.4	https://image.aladin.co.kr/product/7492/7/cover500/s982732770_1.jpg	/NL/contents/search.do#viewKey=362541017&viewType=AH1				Owned	26-10-04 20:16	2026-10-4 19:19	
2025-10-24 15:08	BK-20251024-0119	9788986834741	앰버 연대기 1 - 앰버의 아홉 왕자	로저 젤라즈니 (지은이), 김상훈 (옮긴이)	예문	1999-02-11	316	kor	문학	영미문학	소설	843	https://image.aladin.co.kr/product/9/72/cover500/898683474x_1.gif					Owned	26-10-04 20:16	2026-10-4 19:19	
2025-10-24 15:09	BK-20251024-0120	9788986834758	앰버 연대기 2 - 아발론의 총	로저 젤라즈니 (지은이), 김상훈 (옮긴이)	예문	1999-02-11	316	kor	문학	영미문학	소설	843	https://image.aladin.co.kr/product/9/39/cover500/8986834545_1.gif					Owned	26-10-04 20:16	2026-10-4 19:19	
2025-10-24 15:09	BK-20251024-0121	9788986834765	앰버 연대기 3 - 유니콘의 상징	로저 젤라즈니 (지은이), 김상훈 (옮긴이)	예문	1999-05-13	272	kor	문학	영미문학	소설	843	https://image.aladin.co.kr/product/19/28/cover500/8986834766_1.gif					Owned	26-10-04 20:16	2026-10-4 19:19	
2025-10-24 15:09	BK-20251024-0122	9788986834772	앰버 연대기 4 - 오베론의 손	로저 젤라즈니 (지은이), 김상훈 (옮긴이)	예문	2000-10-23	270	kor	문학	영미문학	소설	843	https://image.aladin.co.kr/product/25/29/cover500/8986834774_1.gif					Owned	26-10-04 20:16	2026-10-4 19:19	
2025-10-24 15:09	BK-20251024-0123	9788986834789	앰버 연대기 5 - 혼돈의 궁정	로저 젤라즈니 (지은이), 김상훈 (옮긴이)	예문	2000-10-23	256	kor	문학	영미문학	소설	843	https://image.aladin.co.kr/product/25/29/cover500/8986834782_1.gif					Owned	26-10-04 20:16	2026-10-4 19:19	
2025-10-24 15:09	BK-20251024-0124	9788965964674	믿는 인간에 대하여 - 라틴어 수업, 두 번째 시간	한동일 (지은이)	흐름출판	2021-09-30	288	kor	문학	한국문학	수필	814	https://image.aladin.co.kr/product/27964/63/cover500/8965964679_1.jpg	/NL/contents/search.do#viewKey=788684705&viewType=AH1				Owned	26-10-04 20:16	2026-10-4 19:19	(201)에서 변경
2025-10-24 15:09	BK-20251024-0125	9788989566731	21세기 미국의 패권과 지정학	피터 자이한 (지은이), 홍지수, 정훈 (옮긴이)	김앤김북스	2018-07-30	496	kor	사회과학	정치학	정치학	340.98	https://image.aladin.co.kr/product/15848/10/cover500/8989566738_1.jpg	/NL/contents/search.do#viewKey=518240310&viewType=AH1				Owned	26-10-04 20:16	2026-10-4 19:19	(349.42)에서 변경
2025-10-24 15:09	BK-20251024-0126	9791191425581	제프 베조스, 발명과 방황 - 어린 시절부터 아마존을 거쳐 블루 오리진까지	제프 베조스 (지은이), 이영래 (옮긴이), 월터 아이작슨	위즈덤하우스	2021-02-19	396	kor	사회과학	경제학	경영	325.555099	https://image.aladin.co.kr/product/26410/84/cover500/k422738429_2.jpg	/NL/contents/search.do#viewKey=749293127&viewType=AH1				Owned	26-10-04 20:16	2026-10-4 19:19	
2025-10-24 15:10	BK-20251024-0127	9788947545143	피터 드러커의 자기경영노트	피터 드러커 (지은이), 장영철 (옮긴이)	한국경제신문	2024-05-30	332	kor	사회과학	경제학	경영	325.1	https://image.aladin.co.kr/product/34014/99/cover500/8947545147_2.jpg	/NL/contents/search.do#viewKey=940331270&viewType=AH1				Owned	26-10-04 20:16	2026-10-4 19:19	
2025-10-24 15:10	BK-20251024-0128	9788947524209	피터 드러커의 자기경영노트	피터 드러커 (지은이), 이재규 (옮긴이)	한국경제신문	2003-04-01	254	kor	사회과학	경제학	경영	325	https://image.aladin.co.kr/product/40/46/cover500/8947524204_3.jpg					Owned	26-10-04 20:16	2026-10-4 19:19	
2025-10-24 15:10	BK-20251024-0129	9791165342159	초격차 : 리더의 질문 - 위기와 기회의 시대, 기업의 길을 묻다	권오현 (지은이)	쌤앤파커스	2020-09-10	296	kor	사회과학	경제학	경영	325.24	https://image.aladin.co.kr/product/25039/94/cover500/k432632927_1.jpg	/NL/contents/search.do#viewKey=714705689&viewType=AH1				Owned	26-10-04 20:16	2026-10-4 19:19	
2025-10-24 15:10	BK-20251024-0130	9791165340971	디즈니만이 하는 것 The Ride of a Lifetime - CEO 밥 아이거가 직접 쓴 디즈니 제국의 비밀	로버트 아이거 (지은이), 안진환 (옮긴이)	쌤앤파커스	2020-05-04	416	kor	사회과학	경제학	경영	325.1	https://image.aladin.co.kr/product/23835/21/cover500/k332639381_1.jpg	/NL/contents/search.do#viewKey=693179081&viewType=AH1				Owned	26-10-04 20:16	2026-10-4 19:19	
2025-10-24 15:10	BK-20251024-0131	9788997743179	이끌지 말고 따르게 하라 - 새로운 리더십을 위한 지혜의 심리학	김경일 (지은이)	진성북스	2015-07-30	324	kor	철학	심리학	응용심리학 일반	189.4	https://image.aladin.co.kr/product/6401/26/cover500/8997743171_2.jpg	/NL/contents/search.do#viewKey=249364930&viewType=AH1				Owned	26-10-04 20:16	2026-10-4 19:19	
2025-10-24 15:11	BK-20251024-0132	9791160505061	누구나 자료 구조와 알고리즘 - 상식으로 이해하는 자료 구조와 알고리즘!	제이 웬그로우 (지은이), 심지현 (옮긴이)	길벗	2018-06-30	308	kor	총류	총류	프로그래밍, 프로그램, 데이터	005.73	https://image.aladin.co.kr/product/15255/22/cover500/k072533779_1.jpg	/NL/contents/search.do#viewKey=512740729&viewType=AH1				Owned	26-10-04 20:16	2026-10-4 19:19	
2025-10-24 15:11	BK-20251024-0133	9788901116167	여자를 증오한 남자들 2	스티그 라르손 (지은이), 임호경 (옮긴이)	뿔(웅진)	2011-01-10	420	kor	문학	독일문학	기타 게르만 문학	859.7	https://image.aladin.co.kr/product/841/59/cover500/8901116162_2.jpg	/NL/contents/search.do#viewKey=130920685&viewType=AH1				Owned	26-10-04 20:16	2026-10-4 19:19	
2025-10-24 15:11	BK-20251024-0134	9788901116150	여자를 증오한 남자들 1	스티그 라르손 (지은이), 임호경 (옮긴이)	뿔(웅진)	2011-01-10	420	kor	문학	독일문학	기타 게르만 문학	859.7	https://image.aladin.co.kr/product/841/59/cover500/8901116154_2.jpg	/NL/contents/search.do#viewKey=130920685&viewType=AH1				Owned	26-10-04 20:16	2026-10-4 19:19	
2025-10-24 15:11	BK-20251024-0135	9791191187328	판타 레이 - 혁명과 낭만의 유체 과학사	민태기 (지은이)	사이언스북스	2021-12-31	548	kor	자연과학	자연과학	과학사	409	https://image.aladin.co.kr/product/28584/80/cover500/k362835640_1.jpg	/NL/contents/search.do#viewKey=819610884&viewType=AH1				Owned	26-10-04 20:16	2026-10-4 19:19	
2025-10-24 15:11	BK-20251024-0136	9788991239739	너무 친한 친구들	넬레 노이하우스 (지은이), 김진아 (옮긴이)	북로드	2011-06-20	416	kor	문학	독일문학	소설	853	https://image.aladin.co.kr/product/1191/37/cover500/8991239730_2.jpg	/NL/contents/search.do#viewKey=136962228&viewType=AH1				Owned	26-10-04 20:16	2026-10-4 19:19	
2025-10-24 15:12	BK-20251024-0137	9780986274220	Wayside School Gets a Little Stranger 웨이사이드 스쿨 3 (영어원서 + 워크북 + MP3 CD 1장)	루이스 새커 (지은이), 데이먼 오, 정소이 (감수)	롱테일북스	2015-04-01	328	eng	문학	영미문학	소설	843	https://image.aladin.co.kr/product/5495/93/cover500/0986274224_1.jpg					Owned	26-10-04 20:16	2026-10-4 19:19	
2025-10-24 15:12	BK-20251024-0138	9780986274213	Wayside School is Falling Down 웨이사이드 스쿨 2 (영어원서 + 워크북 + MP3 CD 1장)	루이스 새커 (지은이), 김보경, 데이먼 오 (감수)	롱테일북스	2015-03-16	328	eng	문학	영미문학	소설	843	https://image.aladin.co.kr/product/5420/58/cover500/0986274216_1.jpg					Owned	26-10-04 20:16	2026-10-4 19:19	
2025-10-24 15:12	BK-20251024-0139	9791186559208	고음질 명반 가이드북 - 원음을 담은, 오디오 생활의 필수품	이장호 (지은이)	안나푸르나	2017-06-11	292	kor	예술	음악	음악 이론 및 기법	671.8	https://image.aladin.co.kr/product/11131/67/cover500/k152531880_1.jpg	/NL/contents/search.do#viewKey=377074646&viewType=AH1				Owned	26-10-04 20:16	2026-10-4 19:19	
2025-10-24 15:12	BK-20251024-0140	9788993818987	쇼팽을 찾아서 - 비르투오소의 면모들	알프레드 코르토 (지은이), 이세진 (옮긴이)	포노(PHONO)	2019-07-01	364	kor	예술	음악	음악	670.99	https://image.aladin.co.kr/product/19598/41/cover500/8993818983_1.jpg	/NL/contents/search.do#viewKey=592437088&viewType=AH1				Owned	26-10-04 20:16	2026-10-4 19:19	
2025-10-24 15:12	BK-20251024-0141	9788933870693	설민석의 조선왕조실록 - 대한민국이 선택한 역사 이야기	설민석 (지은이), 최준석 (그림)	세계사	2016-07-25	504	kor	역사	아시아	한국	911.052	https://image.aladin.co.kr/product/8749/45/cover500/8933870695_3.jpg	/NL/contents/search.do#viewKey=282049468&viewType=AH1				Owned	26-10-04 20:16	2026-10-4 19:19	
2025-10-24 15:13	BK-20251024-0142	9788965960126	마흔에 읽는 손자병법 - 내 인생의 전환점	강상구 (지은이)	흐름출판	2011-07-20	328	kor	철학	동양철학, 동양사상	중국 철학, 사상	152.27	https://image.aladin.co.kr/product/1246/99/cover500/8965960126_1.jpg	/NL/contents/search.do#viewKey=138521106&viewType=AH1				Owned	26-10-04 20:16	2026-10-4 19:19	
2025-10-24 15:13	BK-20251024-0143	9791157830794	주석 달린 플랫랜드	서민아, 강국진 (옮긴이)	필로소픽	2017-04-30	376	kor	자연과학	물리학	물리학	420.12	https://image.aladin.co.kr/product/10846/23/cover500/k882531968_1.jpg	/NL/contents/search.do#viewKey=378381608&viewType=AH1				Owned	26-10-04 20:16	2026-10-4 19:19	
2025-10-24 15:13	BK-20251024-0144	9788947529877	제로 투 원 - 스탠퍼드 대학교 스타트업 최고 명강의	피터 틸, 블레이크 매스터스 (지은이), 이지연 (옮긴이)	한국경제신문	2014-11-20	252	kor	사회과학	경제학	경영	325.21	https://image.aladin.co.kr/product/4908/56/cover500/8947529877_1.jpg	/NL/contents/search.do#viewKey=233721121&viewType=AH1				Owned	26-10-04 20:16	2026-10-4 19:19	
2025-10-24 15:13	BK-20251024-0145	9788962621693	인포메이션 - 인간과 우주에 담긴 정보의 빅히스토리	제임스 글릭 (지은이), 박래선, 김태훈 (옮긴이), 김상욱 (감수)	동아시아	2017-01-18	656	kor	사회과학	사회학, 사회문제	사회학	331.509	https://image.aladin.co.kr/product/5686/88/cover500/896262169x_1.jpg	/NL/contents/search.do#viewKey=362414612&viewType=AH1				Owned	26-10-04 20:16	2026-10-4 19:19	
2025-10-24 15:13	BK-20251024-0146	9791160501087	필립 코틀러의 마켓 4.0 - 4차 산업혁명이 뒤바꾼 시장을 선점하라	필립 코틀러, 허마원 카타자야, 이완 세티아완 (지은이), 이진원 (옮긴이)	더퀘스트	2017-02-17	284	kor	사회과학	경제학	경영	325.5	https://image.aladin.co.kr/product/10243/95/cover500/k562536089_1.jpg	/NL/contents/search.do#viewKey=363656928&viewType=AH1				Owned	26-10-04 20:16	2026-10-4 19:19	
2025-10-24 15:13	BK-20251024-0147	9788990247650	90일 안에 장악하라 - 최신 개정증보판, 부임 3개월 안에 조직과 업무를 완벽히 장악하는 방법	마이클 왓킨스 (지은이), 박상준 (옮긴이)	동녘사이언스	2018-02-09	304	kor	사회과학	경제학	경영	325.2	https://image.aladin.co.kr/product/13364/30/cover500/8990247659_1.jpg					Owned	26-10-04 20:16	2026-10-4 19:19	
2025-10-24 15:14	BK-20251024-0148	9791189327057	저글러, 땜장이, 놀이꾼, 디지털 세상을 설계하다 - 세상을 바꾼 괴짜 천재의 궁극의 놀이본능	지미 소니, 로브 굿맨 (지은이), 양병찬 (옮긴이)	곰출판	2020-02-20	476	kor	총류	총류	이론 체계 및 시스템	003.54099	https://image.aladin.co.kr/product/23374/70/cover500/k172637115_1.jpg	/NL/contents/search.do#viewKey=678869089&viewType=AH1				Owned	26-10-04 20:16	2026-10-4 19:19	
2025-10-24 15:14	BK-20251024-0149	9788937417566	클라라와 태양	가즈오 이시구로 (지은이), 홍한별 (옮긴이)	민음사	2021-03-29	448	kor	문학	영미문학	소설	843.5	https://image.aladin.co.kr/product/26722/1/cover500/8937417561_2.jpg	/NL/contents/search.do#viewKey=753175967&viewType=AH1				Owned	26-10-04 20:16	2026-10-4 19:19	
2025-10-24 15:14	BK-20251024-0150	9788971997048	명리 : 운명을 읽다 - 기초편	강헌 (지은이)	돌베개	2015-12-14	336	kor	철학	심리학	상법, 운명판단	188.5	https://image.aladin.co.kr/product/7189/0/cover500/8971997044_1.jpg	/NL/contents/search.do#viewKey=263894775&viewType=AH1				Owned	26-10-04 20:16	2026-10-4 19:19	
2025-10-24 15:14	BK-20251024-0151	9788971997901	명리 : 운명을 조율하다 - 심화편	강헌 (지은이)	돌베개	2016-12-30	452	kor	철학	심리학	상법, 운명판단	188.5	https://image.aladin.co.kr/product/9950/20/cover500/8971997907_1.jpg	/NL/contents/search.do#viewKey=362214790&viewType=AH1				Owned	26-10-04 20:16	2026-10-4 19:19	
2025-10-24 15:14	BK-20251024-0152	9791160022117	몽테뉴의 수상록	미셸 에켐 드 몽테뉴 (지은이), 정영훈 (엮은이), 안해린 (옮긴이)	메이트북스	2019-02-15	200	kor	철학	서양철학	서양철학	160.37	https://image.aladin.co.kr/product/18153/26/cover500/k392534148_2.jpg					Owned	26-10-04 20:16	2026-10-4 19:19	
2025-10-24 15:15	BK-20251024-0153	9788901253411	전망하는 인간, 호모 프로스펙투스 - 오직 인간만이 미래를 생각한다	마틴 셀리그먼, 로이 바우마이스터, 피터 레일턴, 찬드라 스리파다 (지은이), 김경일, 김태훈 (옮긴이)	웅진지식하우스	2021-10-04	480	kor	철학	심리학	차이심리학	182.4	https://image.aladin.co.kr/product/28033/68/cover500/8901253410_1.jpg	/NL/contents/search.do#viewKey=789398937&viewType=AH1				Owned	26-10-04 20:16	2026-10-4 19:19	
2025-10-24 15:15	BK-20251024-0154	9788954657877	로마법 수업 - 흔들리지 않는 삶을 위한 천 년의 학교	한동일 (지은이)	문학동네	2019-09-26	268	kor	문학	한국문학	수필	814	https://image.aladin.co.kr/product/20775/11/cover500/8954657877_1.jpg	/NL/contents/search.do#viewKey=613917797&viewType=AH1				Owned	26-10-04 20:16	2026-10-4 19:19	(360.54)에서 변경
2025-10-24 15:15	BK-20251024-0155	9791190182560	인간 본성의 법칙	로버트 그린 (지은이), 이지연 (옮긴이)	위즈덤하우스	2019-07-29	920	kor	철학	심리학	응용심리학 일반	189	https://image.aladin.co.kr/product/19973/61/cover500/k742635941_2.jpg	/NL/contents/search.do#viewKey=602012771&viewType=AH1				Owned	26-10-04 20:16	2026-10-4 19:19	
2025-10-24 16:34	BK-20251024-0156	9788932903712	전날의 섬	움베르토 에코 (지은이), 이윤기 (옮긴이)	열린책들	2001-11-15	706	kor	문학	이탈리아문학	소설	883	https://image.aladin.co.kr/product/30/30/cover500/8932903719_1.jpg					Owned	26-10-04 20:16	2026-10-4 19:19	
2025-10-24 16:38	BK-20251024-0157	9788954621809	HQ 해리 쿼버트 사건의 진실 2	조엘 디케르 (지은이)	문학동네	2013-08-08	416	kor	문학	프랑스문학	소설	863	https://image.aladin.co.kr/product/2943/4/cover500/8954621805_1.jpg	/NL/contents/search.do#viewKey=179180721&viewType=AH1				Owned	26-10-04 20:16	2026-10-4 19:19	
2025-10-24 16:54	BK-20251024-0158	9788979149357	엑셀 매크로 & VBA 바이블 - 회사에서 필요한 코드는 모두 있다!	최준선 (지은이)	한빛미디어	2012-06-29	1044	kor	총류	총류	프로그래밍, 프로그램, 데이터	005.53	https://image.aladin.co.kr/product/1779/71/cover500/8979149352_1.jpg	/NL/contents/search.do#viewKey=158955054&viewType=AH1				Owned	26-10-04 20:16	2026-10-4 19:19	
2025-10-24 17:06	BK-20251024-0159	9781119067726	Excel 2016 Power Programming with VBA (Paperback)	Walkenbach (지은이)	Wiley	2016-02-08	768	eng	총류	총류	프로그래밍, 프로그램, 데이터	005.53	https://image.aladin.co.kr/product/5608/31/cover500/1119067723_2.jpg					Owned	26-10-04 20:16	2026-10-4 19:19	
2025-10-24 19:06	BK-20251024-0160	9780375822742	The City of Ember (Paperback)	잔 뒤프라우 (지은이)	Yearling	2004-05-25	288	eng	문학	영미문학	소설	843	https://image.aladin.co.kr/product/63/98/cover500/0375822747_2.jpg					Owned	26-10-04 20:16	2026-10-4 19:19	
2025-10-24 19:20	BK-20251024-0161	9788995589618	천국의 열쇠	A. J. 크로닌 (지은이), 이윤기 (옮긴이)	섬앤섬	2005-04-10	672	kor	문학	영미문학	소설	843	https://image.aladin.co.kr/product/55/31/cover500/8995589612_3.jpg					Owned	26-10-04 20:16	2026-10-4 19:19	
2025-10-24 19:22	BK-20251024-0162	9788932909059	히페리온	댄 시먼스 (지은이), 최용준 (옮긴이)	열린책들	2009-08-30	636	kor	문학	영미문학	소설	843	https://image.aladin.co.kr/product/446/24/cover500/8932909059_1.jpg	/NL/contents/search.do#viewKey=101283186&viewType=AH1				Owned	26-10-04 20:16	2026-10-4 19:19	
2025-10-24 19:25	BK-20251024-0163	9788901251516	변화는 어떻게 일어나는가 - 새로운 행동, 믿음, 아이디어가 퍼져나가는 연결의 법칙	데이먼 센톨라 (지은이), 이충호 (옮긴이)	웅진지식하우스	2021-06-28	424	kor	사회과학	사회학, 사회문제	사회학	331.54	https://image.aladin.co.kr/product/27437/19/cover500/8901251515_1.jpg	/NL/contents/search.do#viewKey=765476228&viewType=AH1				Owned	26-10-04 20:16	2026-10-4 19:19	
2025-10-24 19:27	BK-20251024-0164	9791185459639	수학자는 행운을 믿지 않는다 - 주식에서 로또, 카지노까지 승리를 지배하는 베팅의 과학	애덤 쿠하르스키 (지은이), 정훈직 (옮긴이)	북라이프	2016-11-30	340	kor	자연과학	수학	통계학	413.1	https://image.aladin.co.kr/product/9720/94/cover500/k722535142_1.jpg	/NL/contents/search.do#viewKey=358522754&viewType=AH1				Owned	26-10-04 20:16	2026-10-4 19:19	
2025-10-24 19:28	BK-20251024-0165	9791191043518	테라피스트	B. A. 패리스 (지은이), 박설영 (옮긴이)	모모	2021-12-06	420	kor	문학	영미문학	소설	843.6	https://image.aladin.co.kr/product/28446/67/cover500/k512835515_1.jpg	/NL/contents/search.do#viewKey=822786396&viewType=AH1				Owned	26-10-04 20:16	2026-10-4 19:19	
2025-10-25 11:54	BK-20251025-0166	9788915032804	어린왕자	앙투안 드 생텍쥐페리 (지은이), 정진숙 (엮은이), 문계주 (그림)	삼성출판사	2003-08-01	191	kor	문학	프랑스문학	소설	863	https://image.aladin.co.kr/product/42/80/cover500/8915032802_1.jpg					Owned	26-10-04 20:16	2026-10-4 19:19	
2025-10-25 12:20	BK-20251025-0167	9791160801590	과학자들 1 - 그래도 지구는 돈다	김재훈 (지은이)	휴머니스트	2018-09-27	272	kor	자연과학	자연과학	과학사	409.9	https://image.aladin.co.kr/product/16234/14/cover500/k672534372_1.jpg	/NL/contents/search.do#viewKey=535109156&viewType=AH1				Owned	26-10-04 20:16	2026-10-4 19:19	
2025-10-26 23:31	BK-20251026-0168	9791197708572	이상한 집	우케쓰 (지은이), 김은모 (옮긴이)	리드비	2022-10-27	248	kor	문학	일본문학 및 기타 아시아 제문학	소설	833.6	https://image.aladin.co.kr/product/30346/94/cover500/k252839542_1.jpg	/NL/contents/search.do#viewKey=918374427&viewType=AH1				Owned	26-10-04 20:16	2026-10-4 19:19	
2025-10-27 4:29	BK-20251027-0169	9788982738654	13계단 - 제47회 에도가와 란포상 수상작	다카노 가즈아키 (지은이), 전새롬 (옮긴이)	황금가지	2005-12-24	384	kor	문학	일본문학 및 기타 아시아 제문학	소설	833.6	https://image.aladin.co.kr/product/61/14/cover500/8982738657_1.jpg					Owned	26-10-04 20:16	2026-10-4 19:19	
2025-10-27 4:52	BK-20251027-0170	9788956601373	우리는 사랑일까 (리커버 특별판)	알랭 드 보통 (지은이), 공경희 (옮긴이)	은행나무	2018-02-28	399	kor	문학	영미문학	소설	843.5	https://image.aladin.co.kr/product/13500/99/cover500/k232532506_1.jpg	/NL/contents/search.do#viewKey=231573609&viewType=AH1				Owned	26-10-04 20:16	2026-10-4 19:19	
2025-10-27 12:23	BK-20251027-0171	9788991239685	백설공주에게 죽음을	넬레 노이하우스 (지은이), 김진아 (옮긴이)	북로드	2011-02-11	524	kor	문학	독일문학	소설	853	https://image.aladin.co.kr/product/873/84/cover500/8991239684_2.jpg	/NL/contents/search.do#viewKey=131090994&viewType=AH1				Owned	26-10-04 20:16	2026-10-4 19:19	
2025-10-27 12:25	BK-20251027-0172	9788982737442	애거서 크리스티 전집 44 (완전판) - ABC 살인 사건	애거사 크리스티 (지은이), 김남주 (옮긴이)	황금가지	2007-11-09	338	kor	문학	영미문학	소설	843	https://image.aladin.co.kr/product/101/7/cover500/8982737448_2.jpg	/NL/contents/search.do#viewKey=77729195&viewType=AH1				Owned	26-10-04 20:16	2026-10-4 19:19	
2025-10-27 12:25	BK-20251027-0173	9788982737022	애거서 크리스티 전집 2 (완전판) - 그리고 아무도 없었다	애거사 크리스티 (지은이), 김남주 (옮긴이)	황금가지	2002-05-15	295	kor	문학	영미문학	소설	843.5	https://image.aladin.co.kr/product/34/89/cover500/8982737022_3.jpg	/NL/contents/search.do#viewKey=1101331232&viewType=AH1				Owned	26-10-04 20:16	2026-10-4 19:19	
2025-10-27 12:25	BK-20251027-0174	9788982737039	애거서 크리스티 전집 3 (완전판) - 오리엔트 특급 살인	애거사 크리스티 (지은이), 신영희 (옮긴이)	황금가지	2002-05-15	301	kor	문학	영미문학	소설	843	https://image.aladin.co.kr/product/34/89/cover500/8982737030_2.jpg					Owned	26-10-04 20:16	2026-10-4 19:19	
2025-10-27 12:26	BK-20251027-0175	9788957591055	다 빈치 코드 - Illustrated Edition	댄 브라운 (지은이), 양선아 (옮긴이), 이창식 (감수)	북스캔(대교북스캔)	2005-05-11	629	kor	문학	영미문학	소설	843	https://image.aladin.co.kr/product/56/5/cover500/8957591052_2.jpg					Owned	26-10-04 20:16	2026-10-4 19:19	
2025-10-27 12:26	BK-20251027-0176	9788932916194	창문 넘어 도망친 100세 노인	요나스 요나손 (지은이), 임호경 (옮긴이)	열린책들	2013-07-25	512	kor	문학	독일문학	기타 게르만 문학	859.7	https://image.aladin.co.kr/product/2856/41/cover500/s932916195_2.jpg	/NL/contents/search.do#viewKey=178256324&viewType=AH1				Owned	26-10-04 20:16	2026-10-4 19:19	
2025-10-27 12:26	BK-20251027-0177	9788932905389	환상의 책	폴 오스터 (지은이), 황보석 (옮긴이)	열린책들	2003-12-30	424	kor	문학	영미문학	소설	843	https://image.aladin.co.kr/product/45/14/cover500/893290538x_1.jpg					Owned	26-10-04 20:16	2026-10-4 19:19	
2025-10-27 12:26	BK-20251027-0178	9788952733115	항해지도	아르투로 페레스 레베르테 (지은이), 조구호 (옮긴이)	시공사	2003-08-01	672	kor	문학	스페인 및 포르투갈문학	소설	873	https://image.aladin.co.kr/product/42/74/cover500/8952733118_1.gif					Owned	26-10-04 20:16	2026-10-4 19:19	
2025-10-27 12:26	BK-20251027-0179	9788952717740	뒤마 클럽	아르투로 페레스 레베르테 (지은이), 정창 (옮긴이)	시공사	2002-02-20	560	kor	문학	스페인 및 포르투갈문학	소설	873	https://image.aladin.co.kr/product/33/28/cover500/8952717740_2.jpg					Owned	26-10-04 20:16	2026-10-4 19:19	
2025-10-27 12:27	BK-20251027-0180	9788932905631	검의 대가	아르투로 페레스 레베르테 (지은이), 김수진 (옮긴이)	열린책들	2004-09-10	350	kor	문학	스페인 및 포르투갈문학	소설	873	https://image.aladin.co.kr/product/51/39/cover500/8932905630_1.gif					Owned	26-10-04 20:16	2026-10-4 19:19	
2025-10-27 12:27	BK-20251027-0181	9788932904009	플랑드르 거장의 그림	아르투로 페레스 레베르테 (지은이), 정창 (옮긴이)	열린책들	2002-02-25	505	kor	문학	스페인 및 포르투갈문학	소설	873	https://image.aladin.co.kr/product/33/10/cover500/8932904006_1.gif					Owned	26-10-04 20:16	2026-10-4 19:19	
2025-10-27 12:29	BK-20251027-0182	9788932906478	장미의 이름 - 상 - Mr. Know 세계문학 15	움베르토 에코 (지은이), 이윤기 (옮긴이)	열린책들	2006-02-25	338	kor	문학	이탈리아문학	소설	883	https://image.aladin.co.kr/product/62/66/cover500/8932906475_1.jpg					Owned	26-10-04 20:16	2026-10-4 19:19	
2025-10-27 12:29	BK-20251027-0183	9788932906485	장미의 이름 - 하	움베르토 에코 (지은이), 이윤기 (옮긴이)	열린책들	2006-02-25	331	kor	문학	이탈리아문학	소설	883	https://image.aladin.co.kr/product/62/66/cover500/8932906483_1.jpg					Owned	26-10-04 20:16	2026-10-4 19:19	
2025-10-27 12:29	BK-20251027-0184	9788932908366	로아나 여왕의 신비한 불꽃 -상	움베르토 에코 (지은이), 이세욱 (옮긴이)	열린책들	2008-07-01	372	kor	문학	이탈리아문학	소설	883	https://image.aladin.co.kr/product/228/47/cover500/8932908362_1.jpg	/NL/contents/search.do#viewKey=86413163&viewType=AH1				Owned	26-10-04 20:16	2026-10-4 19:19	
2025-10-27 12:29	BK-20251027-0185	9788932908373	로아나 여왕의 신비한 불꽃 -하	움베르토 에코 (지은이), 이세욱 (옮긴이)	열린책들	2008-07-01	368	kor	문학	이탈리아문학	소설	883	https://image.aladin.co.kr/product/228/47/cover500/8932908370_1.jpg	/NL/contents/search.do#viewKey=86413163&viewType=AH1				Owned	26-10-04 20:16	2026-10-4 19:19	
2025-10-27 12:29	BK-20251027-0186	9788932904290	바우돌리노 - 상	움베르토 에코 (지은이), 이현경 (옮긴이)	열린책들	2002-04-30	408	kor	문학	이탈리아문학	소설	883	https://image.aladin.co.kr/product/34/62/cover500/8932904294_1.gif					Owned	26-10-04 20:16	2026-10-4 19:19	
2025-10-27 12:30	BK-20251027-0187	9788932904306	바우돌리노 - 하	움베르토 에코 (지은이), 이현경 (옮긴이)	열린책들	2002-04-30	410	kor	문학	이탈리아문학	소설	883	https://image.aladin.co.kr/product/34/62/cover500/8932904308_2.jpg					Owned	26-10-04 20:16	2026-10-4 19:19	
2025-10-27 12:30	BK-20251027-0188	9788932907161	푸코의 진자 1 - 개정판	움베르토 에코 (지은이), 이윤기 (옮긴이)	열린책들	2007-01-10	407	kor	문학	이탈리아문학	소설	883	https://image.aladin.co.kr/product/24/94/cover500/8932907161_2.jpg	/NL/contents/search.do#viewKey=70975527&viewType=AH1				Owned	26-10-04 20:16	2026-10-4 19:19	
2025-10-27 12:30	BK-20251027-0189	9788932907178	푸코의 진자 2 - 개정판	움베르토 에코 (지은이), 이윤기 (옮긴이)	열린책들	2007-01-10	407	kor	문학	이탈리아문학	소설	883	https://image.aladin.co.kr/product/24/94/cover500/893290717x_1.jpg	/NL/contents/search.do#viewKey=70975527&viewType=AH1				Owned	26-10-04 20:16	2026-10-4 19:19	
2025-10-27 12:30	BK-20251027-0190	9788932907185	푸코의 진자 3 - 개정판	움베르토 에코 (지은이), 이윤기 (옮긴이)	열린책들	2007-01-25	407	kor	문학	이탈리아문학	소설	883	https://image.aladin.co.kr/product/24/94/cover500/8932907188_2.jpg	/NL/contents/search.do#viewKey=70975527&viewType=AH1				Owned	26-10-04 20:16	2026-10-4 19:19	
2025-10-27 12:31	BK-20251027-0191	9788932906515	최후의 세계	크리스토프 란스마이어 (지은이), 장희권 (옮긴이)	열린책들	2006-02-25	260	kor	문학	독일문학	소설	853	https://image.aladin.co.kr/product/62/66/cover500/8932906513_1.jpg					Owned	26-10-04 20:16	2026-10-4 19:19	
2025-10-27 12:33	BK-20251027-0192	9788934919766	문명의 붕괴	재레드 다이아몬드 (지은이), 강주헌 (옮긴이)	김영사	2005-11-03	788	kor	사회과학	사회학, 사회문제	사회학	331.4	https://image.aladin.co.kr/product/59/46/cover500/8934919760_3.jpg	/NL/contents/search.do#viewKey=546020793&viewType=AH1				Owned	26-10-04 20:16	2026-10-4 19:19	
2025-10-27 12:34	BK-20251027-0193	9788990230362	십자군 이야기 1 - 충격과 공포	김태권 (지은이)	길찾기	2003-12-10	298	kor	역사	유럽	유럽	920.38	https://image.aladin.co.kr/product/44/41/cover500/8990230365_1.gif					Owned	26-10-04 20:16	2026-10-4 19:19	
2025-10-27 12:34	BK-20251027-0194	9788990230850	십자군 이야기 2 - 돌아온 악몽	김태권 (지은이)	길찾기	2005-08-10	311	kor	역사	유럽	유럽	920.38	https://image.aladin.co.kr/product/57/71/cover500/8990230853_1.jpg					Owned	26-10-04 20:16	2026-10-4 19:19	
2025-10-27 12:34	BK-20251027-0195	9788993642353	김태권의 십자군 이야기 3 - 예루살렘 왕국과 멜리장드	김태권 (지은이)	비아북	2011-07-08	235	kor	역사	유럽	유럽	920.38	https://image.aladin.co.kr/product/1212/84/cover500/8993642354_2.jpg	/NL/contents/search.do#viewKey=137992950&viewType=AH1				Owned	26-10-04 20:16	2026-10-4 19:19	
2025-10-27 12:34	BK-20251027-0196	9788993642421	김태권의 십자군 이야기 4 - 무슬림의 역습과 인간 살라딘	김태권 (지은이)	비아북	2012-05-23	295	kor	역사	유럽	유럽	920.38	https://image.aladin.co.kr/product/1674/8/cover500/8993642427_1.jpg	/NL/contents/search.do#viewKey=137992950&viewType=AH1				Owned	26-10-04 20:16	2026-10-4 19:19	
2025-10-27 12:43	BK-20251027-0197	9788993642506	김태권의 십자군 이야기 5 - 사자심왕 리처드의 반격	김태권 (지은이)	비아북	2013-08-02	295	kor	역사	유럽	유럽	920.38	https://image.aladin.co.kr/product/2968/10/cover500/8993642508_2.jpg	/NL/contents/search.do#viewKey=137992950&viewType=AH1				Owned	26-10-04 20:16	2026-10-4 19:19	
2025-10-27 12:44	BK-20251027-0198	9788983924759	사기꾼	존 그리샴 (지은이), 안종설 (옮긴이)	문학수첩	2013-06-21	440	kor	문학	영미문학	소설	843.5	https://image.aladin.co.kr/product/2735/50/cover500/8983924756_1.jpg	/NL/contents/search.do#viewKey=175894567&viewType=AH1				Owned	26-10-04 20:16	2026-10-4 19:19	
2025-10-27 12:44	BK-20251027-0199	9788984371026	빅 픽처	더글라스 케네디 (지은이), 조동섭 (옮긴이)	밝은세상	2010-06-10	492	kor	문학	영미문학	소설	843.5	https://image.aladin.co.kr/product/714/36/cover500/8984371025_1.jpg	/NL/contents/search.do#viewKey=110147173&viewType=AH1				Owned	26-10-04 20:16	2026-10-4 19:19	
2025-10-27 12:44	BK-20251027-0200	9788984371132	파리5구의 여인	더글라스 케네디 (지은이), 조동섭 (옮긴이)	밝은세상	2012-01-30	430	kor	문학	영미문학	소설	843.5	https://image.aladin.co.kr/product/1474/0/cover500/8984371130_1.jpg	/NL/contents/search.do#viewKey=145321703&viewType=AH1				Owned	26-10-04 20:16	2026-10-4 19:19	
2025-10-27 12:44	BK-20251027-0201	9788961705301	그레이브야드 북 - 2009 뉴베리 상 수상작	닐 게이먼 (지은이), 황윤영 (옮긴이)	F(에프)	2016-01-25	392	kor	문학	영미문학	소설	843.5	https://image.aladin.co.kr/product/7338/64/cover500/896170530x_1.jpg	/NL/contents/search.do#viewKey=265752527&viewType=AH1				Owned	26-10-04 20:16	2026-10-4 19:19	
2025-10-27 12:44	BK-20251027-0202	9788993094916	할로우 시티 - <페러그린과 이상한 아이들의 집> 두 번째 이야기	랜섬 릭스 (지은이), 이진 (옮긴이)	폴라북스(현대문학)	2014-10-22	500	kor	문학	영미문학	소설	843.6	https://image.aladin.co.kr/product/4759/50/cover500/8993094918_3.jpg	/NL/contents/search.do#viewKey=228008099&viewType=AH1				Owned	26-10-04 20:16	2026-10-4 19:19	
2025-10-27 12:44	BK-20251027-0203	9788993094558	페러그린과 이상한 아이들의 집	랜섬 릭스 (지은이), 이진 (옮긴이)	폴라북스(현대문학)	2011-11-30	432	kor	문학	영미문학	소설	843.6	https://image.aladin.co.kr/product/1407/56/cover500/s942532852_1.jpg	/NL/contents/search.do#viewKey=142410394&viewType=AH1				Owned	26-10-04 20:16	2026-10-4 19:19	
2025-10-27 12:45	BK-20251027-0204	9788993094770	영혼의 도서관 - <페러그린과 이상한 아이들의 집> 세 번째 이야기	랜섬 릭스 (지은이), 이진 (옮긴이)	폴라북스(현대문학)	2016-08-25	592	kor	문학	영미문학	소설	843.6	https://image.aladin.co.kr/product/9000/78/cover500/8993094772_2.jpg	/NL/contents/search.do#viewKey=284164559&viewType=AH1				Owned	26-10-04 20:16	2026-10-4 19:19	
2025-10-27 12:45	BK-20251027-0205	9791188810543	나이트플라이어 (일러스트 에디션)	조지 R. R. 마틴 (지은이), 김상훈 (옮긴이)	은행나무	2018-10-11	244	kor	문학	영미문학	소설	843.5	https://image.aladin.co.kr/product/17053/89/cover500/k202534880_1.jpg	/NL/contents/search.do#viewKey=538515797&viewType=AH1				Owned	26-10-04 20:16	2026-10-4 19:19	
2025-10-27 12:45	BK-20251027-0206	9788954618526	환상의 여인	윌리엄 아이리시 (지은이), 이은선 (옮긴이)	엘릭시르	2012-07-16	424	kor	문학	영미문학	소설	843.5	https://image.aladin.co.kr/product/1809/11/cover500/8954618529_2.jpg	/NL/contents/search.do#viewKey=152240853&viewType=AH1				Owned	26-10-04 20:16	2026-10-4 19:19	
2025-10-27 12:45	BK-20251027-0207	9788990982575	가면 산장 살인 사건	히가시노 게이고 (지은이), 김난주 (옮긴이)	재인	2014-09-26	336	kor	문학	일본문학 및 기타 아시아 제문학	소설	833.6	https://image.aladin.co.kr/product/4745/51/cover500/899098257x_2.jpg	/NL/contents/search.do#viewKey=228943711&viewType=AH1				Owned	26-10-04 20:16	2026-10-4 19:19	
2025-10-27 12:46	BK-20251027-0208	9788954605908	로드	코맥 매카시 (지은이), 정영목 (옮긴이)	문학동네	2008-06-10	328	kor	문학	영미문학	소설	843	https://image.aladin.co.kr/product/218/84/cover500/6000807068_1.jpg	/NL/contents/search.do#viewKey=87434558&viewType=AH1				Owned	26-10-04 20:16	2026-10-4 19:19	
2025-10-27 12:47	BK-20251027-0209	9788952765963	스페인 곶 미스터리	엘러리 퀸 (지은이), 김예진 (옮긴이)	검은숲	2012-08-27	444	kor	문학	영미문학	소설	843.5	https://image.aladin.co.kr/product/1913/60/cover500/8952765966_1.jpg	/NL/contents/search.do#viewKey=154838427&viewType=AH1				Owned	26-10-04 20:16	2026-10-4 19:19	
2025-10-27 12:47	BK-20251027-0210	9788952764294	이집트 십자가 미스터리	엘러리 퀸 (지은이), 주영아 (옮긴이)	검은숲	2012-03-16	496	kor	문학	영미문학	소설	843.5	https://image.aladin.co.kr/product/1591/38/cover500/8952764293_1.jpg	/NL/contents/search.do#viewKey=147123584&viewType=AH1				Owned	26-10-04 20:16	2026-10-4 19:19	
2025-10-27 12:47	BK-20251027-0211	9788952764287	그리스 관 미스터리	엘러리 퀸 (지은이), 김희균 (옮긴이)	검은숲	2012-01-25	536	kor	문학	영미문학	소설	843.5	https://image.aladin.co.kr/product/1494/25/cover500/8952764285_2.jpg	/NL/contents/search.do#viewKey=145942870&viewType=AH1				Owned	26-10-04 20:16	2026-10-4 19:19	
2025-10-27 12:47	BK-20251027-0212	9788974272241	그리고 저 너머에 - 아직도 가야 할 길 그리고 저 너머에	M. 스캇 펙 (지은이), 손홍기 (옮긴이)	열음사	2007-03-20	443	kor	철학	심리학	응용심리학 일반	189	https://image.aladin.co.kr/product/49/90/cover500/8974272245_1.jpg	/NL/contents/search.do#viewKey=71401667&viewType=AH1				Owned	26-10-04 20:16	2026-10-4 19:19	
2025-10-27 12:47	BK-20251027-0213	9788974272234	끝나지 않은 여행 - 아직도 가야 할 길	M. 스캇 펙 (지은이), 김영범 (옮긴이)	열음사	2007-03-20	348	kor	철학	심리학	응용심리학 일반	189	https://image.aladin.co.kr/product/89/89/cover500/8974272237_1.jpg	/NL/contents/search.do#viewKey=71401661&viewType=AH1				Owned	26-10-04 20:16	2026-10-4 19:19	
2025-10-27 12:47	BK-20251027-0214	9788974272227	아직도 가야 할 길	M. 스캇 펙 (지은이), 신승철 (옮긴이)	열음사	2007-03-20	459	kor	철학	심리학	응용심리학 일반	189	https://image.aladin.co.kr/product/45/27/cover500/8974272229_1.jpg	/NL/contents/search.do#viewKey=71401655&viewType=AH1				Owned	26-10-04 20:16	2026-10-4 19:19	
2025-10-27 12:48	BK-20251027-0215	9791189015190	신의 망치	아서 C. 클라크 (지은이), 고호관 (옮긴이)	아작	2018-07-30	292	kor	문학	영미문학	소설	843.5	https://image.aladin.co.kr/product/15722/5/cover500/k722533136_1.jpg	/NL/contents/search.do#viewKey=518309681&viewType=AH1				Owned	26-10-04 20:16	2026-10-4 19:19	
2025-10-27 12:48	BK-20251027-0216	9791187206224	노래하던 새들도 지금은 사라지고	케이트 윌헬름 (지은이), 정소연 (옮긴이)	아작	2016-08-10	376	kor	문학	영미문학	소설	843.5	https://image.aladin.co.kr/product/7492/9/cover500/k472535295_1.jpg	/NL/contents/search.do#viewKey=285036362&viewType=AH1				Owned	26-10-04 20:16	2026-10-4 19:19	
2025-10-27 12:48	BK-20251027-0217	9788949120744	기억 전달자	로이스 라우리 (지은이), 장은수 (옮긴이)	비룡소	2007-05-18	310	kor	문학	영미문학	소설	843	https://image.aladin.co.kr/product/92/64/cover500/8949120747_2.jpg	/NL/contents/search.do#viewKey=71998602&viewType=AH1				Owned	26-10-04 20:16	2026-10-4 19:19	
2025-10-27 12:49	BK-20251027-0218	9791193324004	AI 미제 사건 전담반	조 캘러헌 (지은이), 정은 (옮긴이)	북플라자	2023-09-25	448	kor	문학	영미문학	소설	843.6	https://image.aladin.co.kr/product/32496/12/cover500/k512935607_1.jpg	/NL/contents/search.do#viewKey=966206536&viewType=AH1				Owned	26-10-04 20:16	2026-10-4 19:19	
2025-10-27 12:49	BK-20251027-0219	9791192776606	보이 프럼 더 우즈	할런 코벤 (지은이), 노진선 (옮긴이)	문학수첩	2023-05-31	520	kor	문학	영미문학	소설	843.5	https://image.aladin.co.kr/product/31702/31/cover500/802833683_1.jpg	/NL/contents/search.do#viewKey=938994552&viewType=AH1				Owned	26-10-04 20:16	2026-10-4 19:19	
2025-10-27 12:49	BK-20251027-0220	9791192776729	보이 인 더 하우스	할런 코벤 (지은이), 노진선 (옮긴이)	문학수첩	2023-07-21	464	kor	문학	영미문학	소설	843.5	https://image.aladin.co.kr/product/32046/92/cover500/k812834980_1.jpg	/NL/contents/search.do#viewKey=947817381&viewType=AH1				Owned	26-10-04 20:16	2026-10-4 19:19	
2025-10-27 16:18	BK-20251027-0221	9788993094909	레드셔츠	존 스칼지 (지은이), 이원경 (옮긴이)	폴라북스(현대문학)	2014-08-22	444	kor	문학	영미문학	소설	843.6	https://image.aladin.co.kr/product/4549/55/cover500/899309490x_1.jpg	/NL/contents/search.do#viewKey=222036249&viewType=AH1				Owned	26-10-04 20:16	2026-10-4 19:19	
2025-10-27 16:18	BK-20251027-0222	9791164050277	숨	테드 창 (지은이), 김상훈 (옮긴이)	엘리	2019-05-20	520	kor	문학	영미문학	소설	843.6	https://image.aladin.co.kr/product/19102/59/cover500/k492635392_3.jpg	/NL/contents/search.do#viewKey=579467073&viewType=AH1				Owned	26-10-04 20:16	2026-10-4 19:19	
2025-10-27 16:18	BK-20251027-0223	9788954430074	삼체	류츠신 (지은이), 이현아 (옮긴이), 고호관 (감수)	단숨	2013-09-15	448	kor	문학	중국문학	소설	823.7	https://image.aladin.co.kr/product/3101/36/cover500/8954430074_2.jpg	/NL/contents/search.do#viewKey=192722246&viewType=AH1				Owned	26-10-04 20:16	2026-10-4 19:19	
2025-10-27 16:19	BK-20251027-0224	9788946418271	조이 이야기	존 스칼지 (지은이), 이원경 (옮긴이)	샘터사	2012-08-31	472	kor	문학	영미문학	소설	843.6	https://image.aladin.co.kr/product/1942/33/cover500/8946418273_1.jpg	/NL/contents/search.do#viewKey=154587013&viewType=AH1				Owned	26-10-04 20:16	2026-10-4 19:19	
2025-10-27 16:19	BK-20251027-0225	9788946418080	마지막 행성	존 스칼지 (지은이), 이수현 (옮긴이)	샘터사	2011-06-30	472	kor	문학	영미문학	소설	843.6	https://image.aladin.co.kr/product/1215/5/cover500/8946418087_2.jpg	/NL/contents/search.do#viewKey=137661379&viewType=AH1				Owned	26-10-04 20:16	2026-10-4 19:19	
2025-10-27 16:19	BK-20251027-0226	9788946417786	유령여단	존 스칼지 (지은이), 이수현 (옮긴이)	샘터사	2010-07-15	472	kor	문학	영미문학	소설	843.6	https://image.aladin.co.kr/product/734/51/cover500/8946417781_1.jpg	/NL/contents/search.do#viewKey=110796437&viewType=AH1				Owned	26-10-04 20:16	2026-10-4 19:19	
2025-10-27 16:19	BK-20251027-0227	9791187206200	별의 계승자	제임스 P. 호건 (지은이), 이동진 (옮긴이)	아작	2016-07-25	344	kor	문학	영미문학	소설	843.5	https://image.aladin.co.kr/product/7492/11/cover500/k442535487_1.jpg	/NL/contents/search.do#viewKey=282261798&viewType=AH1				Owned	26-10-04 20:16	2026-10-4 19:19	
2025-10-27 16:20	BK-20251027-0228	9788982735622	빼앗긴 자들	어슐러 K. 르 귄 (지은이), 이수현 (옮긴이)	황금가지	2002-08-31	492	kor	문학	영미문학	소설	843.5	https://image.aladin.co.kr/product/37/52/cover500/s262032612_1.jpg					Owned	26-10-04 20:16	2026-10-4 19:19	
2025-10-27 16:20	BK-20251027-0229	9788952708533	사자의 대변인 1 - 엔더 위긴 시리즈 2	올슨 스콧 카드 (지은이), 장미란 (옮긴이)	시공사	2000-06-29	323	kor	문학	영미문학	소설	843	https://image.aladin.co.kr/product/23/96/cover500/8952708539_1.gif					Owned	26-10-04 20:16	2026-10-4 19:19	
2025-10-27 16:20	BK-20251027-0230	9788952708540	사자의 대변인 2 - 엔더 위긴 시리즈 2	올슨 스콧 카드, 장미란 (지은이)	시공사	2000-06-29	296	kor	문학	영미문학	소설	843	https://image.aladin.co.kr/product/23/96/cover500/8952708547_1.gif					Owned	26-10-04 20:16	2026-10-4 19:19	
2025-10-27 16:21	BK-20251027-0231	9788972200154	세계 SF 걸작선	정영목 (옮긴이)	도솔	1993-07-03	412	kor	문학	영미문학	소설	843	https://image.aladin.co.kr/product/21/90/cover500/8972200158_1.gif					Owned	26-10-04 20:16	2026-10-4 19:19	
2025-10-27 16:21	BK-20251027-0232	9788912590024	세계 SF 걸작선	로버트 A. 하인라인, 아서 C. 클라크, 아이작 아시모프, 우디 앨런 (지은이), 박상준 (엮은이)	고려원(고려원미디어)	1992-10-01	356	kor	문학	영미문학	소설	843						Owned	26-10-04 20:16	2026-10-4 19:19	
2025-10-27 16:21	BK-20251027-0233	9788986190823	솔라리스	스타니스와프 렘 (지은이), 안종설 (옮긴이)	집사재	2003-04-20	296	kor	문학	기타 제문학	인도-유럽계문학	892.95	https://image.aladin.co.kr/product/41/11/cover500/8986190826_1.gif	/NL/contents/search.do#viewKey=707706855&viewType=AH1				Owned	26-10-04 20:16	2026-10-4 19:19	
2025-10-27 16:21	BK-20251027-0234	9788986190670	마이너리티 리포트	필립 K. 딕 (지은이), 이지선 (옮긴이)	집사재	2002-04-25	283	kor	문학	영미문학	소설	843	https://image.aladin.co.kr/product/34/61/cover500/8986190672_2.jpg					Owned	26-10-04 20:16	2026-10-4 19:19	
2025-10-27 16:22	BK-20251027-0235	9788952708526	엔더의 게임 - 엔더 위긴 시리즈 1	올슨 스콧 카드 (지은이), 장미란 (옮긴이)	시공사	2000-06-29	460	kor	문학	영미문학	소설	843	https://image.aladin.co.kr/product/23/96/cover500/8952708520_1.gif					Owned	26-10-04 20:16	2026-10-4 19:19	
2025-10-27 16:22	BK-20251027-0236	9788986190694	죽은 자가 무슨 말을	필립 K. 딕 (지은이), 유영일 (옮긴이)	집사재	2002-06-25	311	kor	문학	영미문학	소설	843	https://image.aladin.co.kr/product/36/40/cover500/8986190699_2.jpg					Owned	26-10-04 20:16	2026-10-4 19:19	
2025-10-27 16:22	BK-20251027-0237	9788989571148	신들의사회	Roger Zelazny, 김상훈	행복한책읽기	2003-01-01	456	kor	문학	영미문학	소설	843	https://image.aladin.co.kr/product/41/24/cover500/8989571391_1.jpg					Owned	26-10-04 20:16	2026-10-4 19:19	
2025-10-27 16:22	BK-20251027-0238	9788989571339	비잔티움의 첩자	해리 터틀도브 (지은이), 김상훈 (옮긴이)	행복한책읽기	2005-07-11	504	kor	문학	영미문학	소설	843	https://image.aladin.co.kr/product/57/26/cover500/8989571332_1.jpg					Owned	26-10-04 20:16	2026-10-4 19:19	
2025-10-27 16:23	BK-20251027-0239	9788989571124	잃어버린 세계	아서 코난 도일 (지은이), 김상훈 (옮긴이)	행복한책읽기	2003-04-30	331	kor	문학	영미문학	소설	843	https://image.aladin.co.kr/product/41/24/cover500/898957112x_1.gif					Owned	26-10-04 20:16	2026-10-4 19:19	
2025-10-27 16:23	BK-20251027-0240	9788989571230	마라코트 심해	아서 코난 도일 (지은이), 이수현 (옮긴이)	행복한책읽기	2004-01-05	292	kor	문학	영미문학	소설	843	https://image.aladin.co.kr/product/45/10/cover500/8989571235_1.gif					Owned	26-10-04 20:16	2026-10-4 19:19	
2025-10-27 16:23	BK-20251027-0241	9788970633275	지구 속 여행	쥘 베른 (지은이), 김석희 (옮긴이)	열림원	2002-11-30	382	kor	문학	프랑스문학	소설	863	https://image.aladin.co.kr/product/38/99/cover500/8970633278_1.gif					Owned	26-10-04 20:16	2026-10-4 19:19	
2025-10-27 16:23	BK-20251027-0242	9788982739088	화씨 451	레이 브래드버리 (지은이), 박상준 (옮긴이)	황금가지	2009-03-04	279	kor	문학	영미문학	소설	843	https://image.aladin.co.kr/product/342/9/cover500/8982739084_1.jpg	/NL/contents/search.do#viewKey=96572114&viewType=AH1				Owned	26-10-04 20:16	2026-10-4 19:19	
2025-10-27 16:24	BK-20251027-0243	9788982738852	뉴로맨서	윌리엄 깁슨 (지은이), 김창규 (옮긴이)	황금가지	2005-05-31	428	kor	문학	영미문학	소설	843	https://image.aladin.co.kr/product/56/61/cover500/8982738851_2.jpg					Owned	26-10-04 20:16	2026-10-4 19:19	
2025-10-27 16:24	BK-20251027-0244	9788960174559	카운트 제로	윌리엄 깁슨 (지은이), 고호관 (옮긴이)	황금가지	2012-10-10	404	kor	문학	영미문학	소설	843.5	https://image.aladin.co.kr/product/1983/40/cover500/8960174556_1.jpg	/NL/contents/search.do#viewKey=155363371&viewType=AH1				Owned	26-10-04 20:16	2026-10-4 19:19	
2025-10-27 16:24	BK-20251027-0245	9788982739040	달은 무자비한 밤의 여왕	로버트 A. 하인라인 (지은이), 안정희 (옮긴이)	황금가지	2009-04-10	582	kor	문학	영미문학	소설	843	https://image.aladin.co.kr/product/359/42/cover500/8982739041_1.jpg	/NL/contents/search.do#viewKey=97894822&viewType=AH1				Owned	26-10-04 20:16	2026-10-4 19:19	
2025-10-27 16:24	BK-20251027-0246	9791158881641	영원한 전쟁	조 홀드먼 (지은이), 김상훈 (옮긴이)	황금가지	2016-10-07	424	kor	문학	영미문학	소설	843.5	https://image.aladin.co.kr/product/8652/39/cover500/k492535228_1.jpg	/NL/contents/search.do#viewKey=330135171&viewType=AH1				Owned	26-10-04 20:16	2026-10-4 19:19	
2025-10-27 16:25	BK-20251027-0247	9788972592075	어둠의 왼손 - 그리폰 북스 003	어슐러 K. 르 귄 (지은이), 서정록 (옮긴이)	시공사	1995-05-01	356	kor	문학	영미문학	소설	843	https://image.aladin.co.kr/product/9/80/cover500/8972592072_1.gif					Owned	26-10-04 20:16	2026-10-4 19:19	
2025-10-27 16:25	BK-20251027-0248	9788952716927	유년기의 끝	아서 C. 클라크 (지은이), 정영목 (옮긴이)	시공사	2002-09-09	376	kor	문학	영미문학	소설	843	https://image.aladin.co.kr/product/37/68/cover500/8952716922_2.jpg					Owned	26-10-04 20:16	2026-10-4 19:19	
2025-10-27 16:26	BK-20251027-0249	9788956057842	당신 인생의 이야기	테드 창 (지은이), 김상훈 (옮긴이)	엘리	2016-10-14	448	kor	문학	영미문학	소설	843.6	https://image.aladin.co.kr/product/9401/86/cover500/k982635615_1.jpg	/NL/contents/search.do#viewKey=330098245&viewType=AH1				Owned	26-10-04 20:16	2026-10-4 19:19	
2025-10-27 16:26	BK-20251027-0250	9788952737694	프라이데이	로버트 A. 하인라인 (지은이), 안정희 (옮긴이)	시공사	2005-11-10	656	kor	문학	영미문학	소설	843	https://image.aladin.co.kr/product/59/71/cover500/8952737695_1.jpg					Owned	26-10-04 20:16	2026-10-4 19:19	
2025-10-27 16:26	BK-20251027-0251	9788952737915	바람의 열두 방향	어슐러 K. 르 귄 (지은이), 최용준 (옮긴이)	시공사	2004-10-27	514	kor	문학	영미문학	소설	843	https://image.aladin.co.kr/product/52/32/cover500/8952737911_2.jpg					Owned	26-10-04 20:16	2026-10-4 19:19	
2025-10-27 16:26	BK-20251027-0252	9788932904467	전도서에 바치는 장미	로저 젤라즈니 (지은이), 김상훈 (옮긴이)	열린책들	2002-11-30	504	kor	문학	영미문학	소설	843	https://image.aladin.co.kr/product/38/95/cover500/8932904464_1.gif					Owned	26-10-04 20:16	2026-10-4 19:19	
2025-10-27 16:26	BK-20251027-0253	9788946417809	화성 연대기	레이 브래드버리 (지은이), 김영선 (옮긴이)	샘터사	2010-08-30	408	kor	문학	영미문학	소설	843.5	https://image.aladin.co.kr/product/763/3/cover500/8946417803_1.jpg	/NL/contents/search.do#viewKey=112456540&viewType=AH1				Owned	26-10-04 20:16	2026-10-4 19:19	
2025-10-27 16:26	BK-20251027-0254	9788946417410	노인의 전쟁	존 스칼지 (지은이), 이수현 (옮긴이)	샘터사	2009-01-23	456	kor	문학	영미문학	소설	843	https://image.aladin.co.kr/product/310/51/cover500/8946417412_1.jpg	/NL/contents/search.do#viewKey=94389126&viewType=AH1				Owned	26-10-04 20:16	2026-10-4 19:19	
2025-10-27 16:26	BK-20251027-0255	9788992053129	낯선 땅 이방인	로버트 A. 하인라인 (지은이), 장호연 (옮긴이)	마티(곤조)	2008-06-09	761	kor	문학	영미문학	소설	843	https://image.aladin.co.kr/product/225/2/cover500/8992053126_1.jpg	/NL/contents/search.do#viewKey=86202164&viewType=AH1				Owned	26-10-04 20:16	2026-10-4 19:19	
2025-10-27 16:26	BK-20251027-0256	9788992053235	여름으로 가는 문	로버트 A. 하인라인 (지은이), 김혜정, 오공훈 (옮긴이)	마티(곤조)	2009-09-01	328	kor	문학	영미문학	소설	843	https://image.aladin.co.kr/product/446/61/cover500/8992053231_1.jpg	/NL/contents/search.do#viewKey=102690378&viewType=AH1				Owned	26-10-04 20:16	2026-10-4 19:19	
2025-10-27 16:27	BK-20251027-0257	9788932903705	개는 말할 것도 없고	코니 윌리스 (지은이), 최용준 (옮긴이)	열린책들	2001-09-30	745	kor	문학	영미문학	소설	843	https://image.aladin.co.kr/product/29/70/cover500/8932903700_1.jpg					Owned	26-10-04 20:16	2026-10-4 19:19	
2025-10-27 16:49	BK-20251027-0258	9788989571797	심연 위의 불길 2 - 휴고상 수상작	버너 빈지 (지은이), 김상훈 (옮긴이)	행복한책읽기	2012-09-21	480	kor	문학	영미문학	소설	843.5	https://image.aladin.co.kr/product/1983/46/cover500/8989571790_1.jpg	/NL/contents/search.do#viewKey=138646590&viewType=AH1				Owned	26-10-04 20:16	2026-10-4 19:19	
2025-10-27 16:50	BK-20251027-0259	9788989571704	심연 위의 불길 1 - 휴고상 수상작	버너 빈지 (지은이), 김상훈 (옮긴이)	행복한책읽기	2011-01-21	488	kor	문학	영미문학	소설	843.5	https://image.aladin.co.kr/product/864/88/cover500/8989571707_1.jpg	/NL/contents/search.do#viewKey=138646590&viewType=AH1				Owned	26-10-04 20:16	2026-10-4 19:19	
2025-10-27 16:51	BK-20251027-0260	9788989571506	보르 게임 - 마일즈 보르코시건 시리즈 2	로이스 맥마스터 부졸드 (지은이), 김상훈 (옮긴이)	행복한책읽기	2008-07-18	519	kor	문학	영미문학	소설	843	https://image.aladin.co.kr/product/237/53/cover500/8989571502_1.jpg	/NL/contents/search.do#viewKey=87882922&viewType=AH1				Owned	26-10-04 20:16	2026-10-4 19:19	
2025-10-27 16:51	BK-20251027-0261	9788989571452	마일즈의 전쟁 - 마일즈 보르코시건 시리즈 1	로이스 맥마스터 부졸드 (지은이), 김상훈 (옮긴이)	행복한책읽기	2007-04-16	534	kor	문학	영미문학	소설	843	https://image.aladin.co.kr/product/90/71/cover500/8989571456_1.jpg	/NL/contents/search.do#viewKey=70771652&viewType=AH1				Owned	26-10-04 20:16	2026-10-4 19:19	
2025-10-27 16:51	BK-20251027-0262	9791189015022	둠즈데이북 2	코니 윌리스 (지은이), 최용준 (옮긴이)	아작	2018-02-22	464	kor	문학	영미문학	소설	843.5	https://image.aladin.co.kr/product/13400/37/cover500/k722532203_1.jpg	/NL/contents/search.do#viewKey=491891987&viewType=AH1				Owned	26-10-04 20:16	2026-10-4 19:19	
2025-10-27 16:51	BK-20251027-0263	9791189015015	둠즈데이북 1	코니 윌리스 (지은이), 최용준 (옮긴이)	아작	2018-02-22	480	kor	문학	영미문학	소설	843.5	https://image.aladin.co.kr/product/13400/36/cover500/k772532203_1.jpg	/NL/contents/search.do#viewKey=491891987&viewType=AH1				Owned	26-10-04 20:16	2026-10-4 19:19	
2025-10-27 16:52	BK-20251027-0264	9791187206088	사소한 정의 (특별판)	앤 레키 (지은이), 신해경 (옮긴이)	아작	2016-05-20	488	kor	문학	영미문학	소설	843.6	https://image.aladin.co.kr/product/13658/47/cover500/k412532418_1.jpg	/NL/contents/search.do#viewKey=280326379&viewType=AH1				Owned	26-10-04 20:16	2026-10-4 19:19	
2025-10-27 16:52	BK-20251027-0265	9791189015442	올클리어 1	코니 윌리스 (지은이), 최용준 (옮긴이)	아작	2019-02-01	568	kor	문학	영미문학	소설	843.5	https://image.aladin.co.kr/product/17969/15/cover500/k272534336_1.jpg	/NL/contents/search.do#viewKey=560111449&viewType=AH1				Owned	26-10-04 20:16	2026-10-4 19:19	
2025-10-27 16:52	BK-20251027-0266	9791189015459	올클리어 2	코니 윌리스 (지은이), 최용준 (옮긴이)	아작	2019-02-01	568	kor	문학	영미문학	소설	843.5	https://image.aladin.co.kr/product/17969/16/cover500/k222534336_1.jpg	/NL/contents/search.do#viewKey=560111449&viewType=AH1				Owned	26-10-04 20:16	2026-10-4 19:19	
2025-10-27 16:52	BK-20251027-0267	9791189015244	블랙아웃 1	코니 윌리스 (지은이), 최용준 (옮긴이)	아작	2018-09-21	424	kor	문학	영미문학	소설	843.5	https://image.aladin.co.kr/product/16191/64/cover500/k422533947_1.jpg	/NL/contents/search.do#viewKey=533696537&viewType=AH1				Owned	26-10-04 20:16	2026-10-4 19:19	
2025-10-27 16:52	BK-20251027-0268	9791189015251	블랙아웃 2	코니 윌리스 (지은이), 최용준 (옮긴이)	아작	2018-09-21	432	kor	문학	영미문학	소설	843.5	https://image.aladin.co.kr/product/16191/64/cover500/k442533947_1.jpg	/NL/contents/search.do#viewKey=533696537&viewType=AH1				Owned	26-10-04 20:16	2026-10-4 19:19	
2025-10-27 16:53	BK-20251027-0269	9791187206866	낙원의 샘	아서 C. 클라크 (지은이), 고호관 (옮긴이)	아작	2017-11-22	384	kor	문학	영미문학	소설	843.5	https://image.aladin.co.kr/product/12328/93/cover500/k592531258_1.jpg	/NL/contents/search.do#viewKey=479726583&viewType=AH1				Owned	26-10-04 20:16	2026-10-4 19:19	
2025-10-27 16:53	BK-20251027-0270	9791195628353	화재감시원 - 개정판	코니 윌리스 (지은이), 최용준, 최세진, 정준호, 김세경 (옮긴이)	아작	2019-06-20	368	kor	문학	영미문학	소설	843.5	https://image.aladin.co.kr/product/19415/11/cover500/k662635314_1.jpg	/NL/contents/search.do#viewKey=265661232&viewType=AH1				Owned	26-10-04 20:16	2026-10-4 19:19	
2025-10-27 16:53	BK-20251027-0271	9791187206095	우주복 있음, 출장 가능	로버트 A. 하인라인 (지은이), 최세진 (옮긴이)	아작	2016-05-20	408	kor	문학	영미문학	소설	843.5	https://image.aladin.co.kr/product/8370/14/cover500/k422535762_1.jpg	/NL/contents/search.do#viewKey=280325795&viewType=AH1				Owned	26-10-04 20:16	2026-10-4 19:19	
2025-10-27 16:55	BK-20251027-0272	9781566190954	The Scarlet Letter	Nathaniel Hawthorne	Barnes & Noble Books	1993-01-01	248	eng	문학	영미문학	소설	843	http://books.google.com/books/content?id=wfLhC2XXFOAC&printsec=frontcover&img=1&zoom=1&source=gbs_api					Owned	26-10-04 20:16	2026-10-4 19:19	출판사, 출간일 수작업 입력
2025-10-27 16:57	BK-20251027-0273	9788991799059	과학의 열쇠 - 과학의 문을 여는 19가지 키워드	로버트 M. 헤이즌, 제임스 트레필 (지은이), 김영훈 (그림), 이창희 (옮긴이)	교양인	2015-03-26	448	kor	자연과학	자연과학	철학 및 이론	401	https://image.aladin.co.kr/product/5534/98/cover500/8991799051_1.jpg	/NL/contents/search.do#viewKey=242567217&viewType=AH1				Owned	26-10-04 20:16	2026-10-4 19:19	(400)에서 변경
2025-10-27 16:57	BK-20251027-0274	9791164137411	엔드 오브 타임 - 브라이언 그린이 말하는 세상의 시작과 진화, 그리고 끝	브라이언 그린 (지은이), 박병철 (옮긴이)	와이즈베리	2021-02-15	532	kor	자연과학	천문학	기술천문학	443.1	https://image.aladin.co.kr/product/26294/73/cover500/k812738799_1.jpg	/NL/contents/search.do#viewKey=748304913&viewType=AH1				Owned	26-10-04 20:16	2026-10-4 19:19	
2025-10-27 16:57	BK-20251027-0275	9788968334498	게으른 자를 위한 수상한 화학책 - 지식 쌓고 시간 버는 기적의 화학 수업	이광렬 (지은이)	블랙피쉬	2024-03-25	284	kor	자연과학	화학	화학	430	https://image.aladin.co.kr/product/33664/64/cover500/8968334498_2.jpg	/NL/contents/search.do#viewKey=1019444361&viewType=AH1				Owned	26-10-04 20:16	2026-10-4 19:19	
2025-10-27 16:58	BK-20251027-0276	9791197871238	벌거벗은 한국사 : 사건편 - 본격 우리 역사 스토리텔링쇼	tvN〈벌거벗은 한국사〉제작팀 (지은이), 최태성 (감수)	프런트페이지	2022-10-17	312	kor	역사	아시아	한국	911	https://image.aladin.co.kr/product/30271/12/cover500/k272839729_2.jpg	/NL/contents/search.do#viewKey=878824195&viewType=AH1				Owned	26-10-04 20:16	2026-10-4 19:19	
2025-10-27 16:58	BK-20251027-0277	9791197871214	벌거벗은 한국사 : 인물편 - 본격 우리 역사 스토리텔링쇼	tvN〈벌거벗은 한국사〉제작팀 (지은이), 최태성 (감수)	프런트페이지	2022-08-22	320	kor	역사	아시아	한국	911	https://image.aladin.co.kr/product/29990/64/cover500/k792838158_1.jpg	/NL/contents/search.do#viewKey=867472682&viewType=AH1				Owned	26-10-04 20:16	2026-10-4 19:19	
2025-10-27 16:58	BK-20251027-0278	9791160801606	과학자들 2 - 모든 것은 빅뱅에서 시작되었다	김재훈 (지은이)	휴머니스트	2018-09-27	320	kor	자연과학	자연과학	과학사	409.9	https://image.aladin.co.kr/product/16934/28/cover500/k612534372_1.jpg	/NL/contents/search.do#viewKey=535109156&viewType=AH1				Owned	26-10-04 20:16	2026-10-4 19:19	
2025-10-27 17:01	BK-20251027-0279	9788972592044	스타쉽 트루퍼스	로버트 A. 하인라인 (지은이), 강수백 (옮긴이)	시공사	1998-06-10	418	kor	문학	영미문학	소설	843	https://image.aladin.co.kr/product/8/60/cover500/8972592048_1.gif					Owned	26-10-04 20:16	2026-10-4 19:19	
2025-10-27 17:04	BK-20251027-0280	9791159095894	벌거벗은 세계사 : 인물편 - 벗겼다, 세상을 바꾼 사람들	tvN〈벌거벗은 세계사〉제작팀 (지은이)	교보문고(단행본)	2022-02-10	392	kor	역사	역사	세계사, 세계문화사	909	https://image.aladin.co.kr/product/28869/62/cover500/k372836207_1.jpg	/NL/contents/search.do#viewKey=824754761&viewType=AH1				Owned	26-10-04 20:16	2026-10-4 19:19	
2025-10-27 17:04	BK-20251027-0281	9791159095887	벌거벗은 세계사 : 사건편 - 벗겼다, 세상을 뒤흔든 역사	tvN〈벌거벗은 세계사〉제작팀 (지은이)	교보문고(단행본)	2022-01-25	408	kor	역사	역사	세계사, 세계문화사	909	https://image.aladin.co.kr/product/28762/82/cover500/k222836983_1.jpg	/NL/contents/search.do#viewKey=824751719&viewType=AH1				Owned	26-10-04 20:16	2026-10-4 19:19	
2025-10-27 17:04	BK-20251027-0282	9791159098161	벌거벗은 세계사 : 전쟁편 - 벗겼다, 끝나지 않는 전쟁	tvN〈벌거벗은 세계사〉제작팀 (지은이)	교보문고(단행본)	2022-07-27	400	kor	역사	역사	세계사, 세계문화사	909	https://image.aladin.co.kr/product/29869/7/cover500/k412838527_1.jpg	/NL/contents/search.do#viewKey=878839824&viewType=AH1				Owned	26-10-04 20:16	2026-10-4 19:19	
2025-10-27 17:04	BK-20251027-0283	9788960177635	파운데이션 완전판 세트 - 전7권	아이작 아시모프 (지은이), 김옥수 (옮긴이)	황금가지	2013-10-21	3560	kor	문학	영미문학	소설	843.5	https://image.aladin.co.kr/product/3184/41/cover500/8960177636_3.jpg	/NL/contents/search.do#viewKey=181937856&viewType=AH1				Owned	26-10-04 20:16	2026-10-4 19:19	
2025-10-27 17:05	BK-20251027-0284	9791191343885	The Boy Who Lost His Face 얼굴을 잃어버린 소년 (영어원서 + 워크북 + QR 코드) - 개정판	루이스 새커 (지은이), 김보경, 데이먼 오 (감수)	롱테일북스	2022-09-19	368	eng	문학	영미문학	소설	843	https://image.aladin.co.kr/product/30457/35/cover500/k332830478_2.jpg	/NL/contents/search.do#viewKey=877777249&viewType=AH1				Owned	26-10-04 20:16	2026-10-4 19:19	(747)에서 변경
2025-10-27 17:05	BK-20251027-0285	9788956056951	There’s A Boy In The Girls’Bathroom 여자화장실에 남자가 있다고? (영어원서 + 워크북 + MP3 CD 1장)	루이스 새커 (지은이), 김보경, 차소향, 데이먼 오 (감수)	롱테일북스	2013-12-09	400	eng	문학	영미문학	소설	843	https://image.aladin.co.kr/product/3378/30/cover500/8956056951_1.jpg	/NL/contents/search.do#viewKey=192562481&viewType=AH1				Owned	26-10-04 20:16	2026-10-4 19:19	(747.2)에서 변경
2025-10-27 17:05	BK-20251027-0286	9788956055817	Holes (영어원서 + 워크북 + MP3 CD 1장) (더책 포함)	루이스 새커 (지은이), 매건 맨리, 김보경, 이제원	롱테일북스	2012-04-02	484	eng	문학	영미문학	소설	843	https://image.aladin.co.kr/product/6110/52/cover500/6000858577_1.jpg	/NL/contents/search.do#viewKey=150539004&viewType=AH1				Owned	26-10-04 20:16	2026-10-4 19:19	(747.2)에서 변경
2025-10-27 17:06	BK-20251027-0287	9791191343922	Small Steps 스몰 스텝스 (영어원서 + 워크북 + 오디오북) - 개정판	루이스 새커 (지은이), 김보경, 이제원, 데이먼 오 (감수)	롱테일북스	2023-02-20	516	eng	문학	영미문학	소설	843	https://image.aladin.co.kr/product/31100/88/cover500/k102831632_2.jpg	/NL/contents/search.do#viewKey=926840839&viewType=AH1				Owned	26-10-04 20:16	2026-10-4 19:19	(747)에서 변경
2025-10-27 17:06	BK-20251027-0288	9788993818918	음악의 ABC - 입문자를 위한 음악 기초 문법	이모겐 홀스트, 벤저민 브리튼 (지은이), 이석호 (옮긴이)	포노(PHONO)	2018-05-15	324	kor	예술	음악	음악 이론 및 기법	671	https://image.aladin.co.kr/product/14657/32/cover500/8993818916_1.jpg	/NL/contents/search.do#viewKey=505377616&viewType=AH1				Owned	26-10-04 20:16	2026-10-4 19:19	
2025-10-27 17:07	BK-20251027-0289	9788993818826	음악에서 무엇을 들어 낼 것인가 - 세계적 작곡가의 음악 사용 설명서	에런 코플런드 (지은이), 이석호 (옮긴이)	포노(PHONO)	2016-09-01	368	kor	예술	음악	음악	670.15	https://image.aladin.co.kr/product/9097/3/cover500/8993818827_2.jpg	/NL/contents/search.do#viewKey=285668950&viewType=AH1				Owned	26-10-04 20:16	2026-10-4 19:19	
2025-10-27 17:07	BK-20251027-0290	9788971997284	더 클래식 셋 - 말러에서 쇼스타코비치까지	문학수 (지은이)	돌베개	2016-07-04	382	kor	예술	음악	음악	670.9	https://image.aladin.co.kr/product/8660/42/cover500/8971997281_2.jpg	/NL/contents/search.do#viewKey=210414479&viewType=AH1				Owned	26-10-04 20:16	2026-10-4 19:19	
2025-10-27 17:07	BK-20251027-0291	9788971996607	더 클래식 둘 - 슈베르트에서 브람스까지	문학수 (지은이)	돌베개	2015-03-23	370	kor	예술	음악	음악	670.9	https://image.aladin.co.kr/product/5518/26/cover500/8971996609_1.jpg	/NL/contents/search.do#viewKey=210414479&viewType=AH1				Owned	26-10-04 20:16	2026-10-4 19:19	
2025-10-27 17:07	BK-20251027-0292	9788952738004	내가 사랑하는 클래식 1 - 풍월당 주인 박종호의 음악이야기	박종호 (지은이)	시공사	2004-06-25	330	kor	예술	음악	음악	670.4	https://image.aladin.co.kr/product/50/27/cover500/8952738004_2.jpg					Owned	26-10-04 20:16	2026-10-4 19:19	
2025-10-27 17:07	BK-20251027-0293	9788960535664	죽기 전에 꼭 들어야 할 클래식 1001	매튜 라이, 스티븐 이설리스 (Steven Isserlis) (엮은이), 이경아, 이문희 (옮긴이)	마로니에북스	2019-01-14	960	kor	예술	음악	음악	670.15	https://image.aladin.co.kr/product/17969/84/cover500/8960535664_1.jpg	/NL/contents/search.do#viewKey=565991476&viewType=AH1				Owned	26-10-04 20:16	2026-10-4 19:19	
2025-10-27 17:07	BK-20251027-0294	9788986377439	세계의 오케스트라 - 세계 음악계를 이끌어가는 30개 오케스트라의 탄생과 발자취	헤르베르트 하프너 (지은이), 홍은정 (옮긴이)	경당	2011-12-20	780	kor	예술	음악	기악합주	675.209	https://image.aladin.co.kr/product/1425/77/cover500/8986377438_1.jpg	/NL/contents/search.do#viewKey=142661280&viewType=AH1				Owned	26-10-04 20:16	2026-10-4 19:19	
2025-10-27 17:08	BK-20251027-0295	9788997336494	레너드 번스타인의 음악의 즐거움 - 세대를 넘어 사랑받는 클래식 해설서의 고전	번스타인 (Leonard Bernstein) (지은이), 김형석, 오윤성 (옮긴이)	느낌이있는책	2014-01-29	344	kor	예술	음악	음악	670.4	https://image.aladin.co.kr/product/3593/83/cover500/8997336495_1.jpg	/NL/contents/search.do#viewKey=197613368&viewType=AH1				Owned	26-10-04 20:16	2026-10-4 19:19	
2025-10-27 17:08	BK-20251027-0296	9788988793015	음악이 보인다 클래식이 들린다	데이비드 렌돌프 (지은이), 이창희, 이용숙 (옮긴이)	마루(금호문화)	1999-04-30	300	kor	예술	음악	음악	670.15	https://image.aladin.co.kr/product/18/79/cover500/8988793013_1.gif					Owned	26-10-04 20:16	2026-10-4 19:19	
2025-10-27 17:08	BK-20251027-0297	9788984351189	음악가와 연인들	이덕희 (지은이)	가람기획	2002-08-12	284	kor	예술	음악	음악	670.99	https://image.aladin.co.kr/product/37/7/cover500/8984351180_1.gif	/NL/contents/search.do#viewKey=CNTS-00030407653&viewType=C				Owned	26-10-04 20:16	2026-10-4 19:19	
2025-10-27 17:08	BK-20251027-0298	9788972881049	세기의 걸작 오페라를 찾아서	이덕희 (지은이)	작가정신	1999-04-02	340	kor	예술	음악	극음악, 오페라	674.2	https://image.aladin.co.kr/product/18/76/cover500/897288104x_1.gif					Owned	26-10-04 20:16	2026-10-4 19:19	
2025-10-27 17:09	BK-20251027-0299	9788972881254	불멸의 무용가들	이덕희 (지은이)	작가정신	2000-05-30	424	kor	예술	공연예술, 매체예술	무용, 발레	685.5	https://image.aladin.co.kr/product/23/43/cover500/8972881252_1.gif					Owned	26-10-04 20:16	2026-10-4 19:19	
2025-10-27 17:09	BK-20251027-0300	9.79E+12	구스타프 말러	발터 (Bruno Walter) (지은이), 김병화 (옮긴이)	마티	2010-07-22	252	kor	예술	음악	음악	670.99	https://image.aladin.co.kr/product/743/83/cover500/8992053371_1.jpg	/NL/contents/search.do#viewKey=111900585&viewType=AH1				Owned	26-10-04 20:16	2026-10-4 19:19	
2025-10-27 17:09	BK-20251027-0301	9788985247689	음악혼의 광맥을 찾아서	이덕희 (지은이)	한양출판	1996-01-01	384	kor	예술	음악	음악	670.4	https://image.aladin.co.kr/product/11/52/cover500/9788985247689.gif					Owned	26-10-04 20:16	2026-10-4 19:19	
2025-10-27 17:10	BK-20251027-0302	9788988360866	첼리스트 카잘스, 나의 기쁨과 슬픔	앨버트 칸 (지은이), 김병화 (옮긴이), 카잘스 (Pablo Casals)	한길아트	2003-09-15	368	kor	예술	음악	현악기	677	https://image.aladin.co.kr/product/43/38/cover500/8988360869_2.jpg					Owned	26-10-04 20:16	2026-10-4 19:19	
2025-10-27 17:10	BK-20251027-0303	9788995698808	리흐테르 - 회고담과 음악수첩	브뤼노 몽생종 (지은이), 이세욱 (옮긴이)	정원출판사	2005-10-15	606	kor	예술	음악	음악	670	https://image.aladin.co.kr/product/59/30/cover500/8995698802_1.jpg					Owned	26-10-04 20:16	2026-10-4 19:19	
2025-10-27 17:10	BK-20251027-0304	9788980386451	나의 삶, 나의 음악 - 우리 시대의 위대한 피아니스트들이 말하는	엘리제 마흐 (지은이), 박기호 (옮긴이)	동문선	2008-11-25	320	kor	예술	음악	건반악기 및 타악기	676.2099	https://image.aladin.co.kr/product/290/96/cover500/8980386451_1.jpg	/NL/contents/search.do#viewKey=94243433&viewType=AH1				Owned	26-10-04 20:16	2026-10-4 19:19	
2025-10-27 17:10	BK-20251027-0305	9788970631684	재즈 에세이	무라카미 하루키 (지은이), 와다 마코토 (그림), 김난주 (옮긴이)	열림원	1998-09-10	118	kor	예술	음악	음악 이론 및 기법	671	https://image.aladin.co.kr/product/12/64/cover500/8970631682_1.gif					Owned	26-10-04 20:16	2026-10-4 19:19	
2025-10-27 17:10	BK-20251027-0306	9788972913122	또하나의 재즈 에세이	무라카미 하루키 (지은이), 와다 마코토 (그림), 김난주 (옮긴이)	까치	2002-05-07	112	kor	문학	일본문학 및 기타 아시아 제문학	수필	834	https://image.aladin.co.kr/product/34/71/cover500/897291312x_1.gif					Owned	26-10-04 20:16	2026-10-4 19:19	
2025-10-27 17:11	BK-20251027-0307	9788981200091	재즈 속으로	이종학 (지은이)	새로운사람들	1994-11-01	300	kor	예술	음악	음악 이론 및 기법	671.57	https://image.aladin.co.kr/product/12/64/cover500/9788981200091.gif					Owned	26-10-04 20:16	2026-10-4 19:19	
2025-10-27 17:11	BK-20251027-0308	9788980382200	글렌 굴드, 피아노 솔로	미셸 슈나이더 (지은이), 이창실 (옮긴이)	동문선	2002-03-20	222	kor	예술	음악	음악	670.99	https://image.aladin.co.kr/product/34/24/cover500/8980382200_2.jpg					Owned	26-10-04 20:16	2026-10-4 19:19	
2025-10-27 17:11	BK-20251027-0309	9788946026582	김현준의 재즈파일	김현준	한울	2018-08-30	374	kor	예술	음악	음악 이론 및 기법	671.57	https://image.aladin.co.kr/product/16498/47/cover500/894606529x_1.jpg					Owned	26-10-04 20:16	2026-10-4 19:19	
2025-10-27 17:16	BK-20251027-0310	9788936513191	스크루테이프의 편지	C. S. 루이스 (지은이), 김선형 (옮긴이)	홍성사	2018-11-15	208	kor	문학	영미문학	소설	843.5	https://image.aladin.co.kr/product/17560/38/cover500/8936513192_1.jpg	/NL/contents/search.do#viewKey=700789110&viewType=AH1				Owned	26-10-04 20:16	2026-10-4 19:19	
2025-10-27 17:16	BK-20251027-0311	9788932917658	틀리지 않는 법 - 수학적 사고의 힘	조던 엘렌버그 (지은이), 김명남 (옮긴이)	열린책들	2016-04-25	616	kor	자연과학	수학	수학	410	https://image.aladin.co.kr/product/7492/11/cover500/8932917655_1.jpg	/NL/contents/search.do#viewKey=274634388&viewType=AH1				Owned	26-10-04 20:16	2026-10-4 19:19	
2025-10-27 17:17	BK-20251027-0312	9791193078211	대여금고	그렉 이건 (지은이), 김상훈 (옮긴이)	허블	2024-02-28	552	kor	문학	영미문학	소설	843.5	https://image.aladin.co.kr/product/33518/36/cover500/k942938653_1.jpg	/NL/contents/search.do#viewKey=1011047368&viewType=AH1				Owned	26-10-04 20:16	2026-10-4 19:19	
2025-10-27 17:17	BK-20251027-0313	9788936811532	빅터 프랭클의 죽음의 수용소에서 (양장)	빅터 프랭클 (지은이), 이시형 (옮긴이)	청아출판사	2020-05-30	224	kor	철학	심리학	임상심리학	186.5	https://image.aladin.co.kr/product/24138/23/cover500/8936811533_2.jpg					Owned	26-10-04 20:16	2026-10-4 19:19	
2025-10-27 17:18	BK-20251027-0314	9788991931442	별을 쫓는 자	로저 젤라즈니 (지은이), 김상훈 (옮긴이)	북스피어	2008-09-30	368	kor	문학	영미문학	소설	843	https://image.aladin.co.kr/product/261/67/cover500/8991931448_1.jpg	/NL/contents/search.do#viewKey=90782152&viewType=AH1				Owned	26-10-04 20:16	2026-10-4 19:19	
2025-10-27 17:19	BK-20251027-0315	9788997023080	존 카터 - 화성의 프린세스 + 신과의 전쟁	에드거 라이스 버로스 (지은이), 하연희, 백석윤 (옮긴이)	루비박스	2012-03-12	556	kor	문학	영미문학	소설	843.5	https://image.aladin.co.kr/product/1551/36/cover500/899702308x_1.jpg	/NL/contents/search.do#viewKey=145647334&viewType=AH1				Owned	26-10-04 20:16	2026-10-4 19:19	
2025-10-27 17:20	BK-20251027-0316	9788998791230	헤밍웨이 위조사건	조 홀드먼 (지은이), 김상훈 (옮긴이)	북스피어	2014-09-30	264	kor	문학	영미문학	소설	843.5	https://image.aladin.co.kr/product/4668/82/cover500/8998791234_1.jpg	/NL/contents/search.do#viewKey=228247955&viewType=AH1				Owned	26-10-04 20:16	2026-10-4 19:19	
2025-10-27 17:22	BK-20251027-0317	9788912112394	자유의 감옥	미하엘 엔데 (지은이), 이병서 (옮긴이)	고려원(고려원미디어)	1996-07-10	300	kor	문학	독일문학	소설	853	https://image.aladin.co.kr/product/12/44/cover500/8912112392_1.gif					Owned	26-10-04 20:16	2026-10-4 19:19	
2025-10-27 17:22	BK-20251027-0318	9788989571520	타임 패트롤 - 타임 패트롤 시리즈 1	폴 앤더슨 (지은이), 강수백 (옮긴이)	행복한책읽기	2008-09-25	352	kor	문학	영미문학	소설	843	https://image.aladin.co.kr/product/259/58/cover500/8989571529_1.jpg	/NL/contents/search.do#viewKey=90102967&viewType=AH1				Owned	26-10-04 20:16	2026-10-4 19:19	
2025-10-27 17:25	BK-20251027-0319	9788993094350	높은 성의 사내	필립 K. 딕 (지은이), 남명성 (옮긴이)	폴라북스(현대문학)	2011-09-05	480	kor	문학	영미문학	소설	843.5	https://image.aladin.co.kr/product/1297/91/cover500/8993094357_2.jpg	/NL/contents/search.do#viewKey=140004123&viewType=AH1				Owned	26-10-04 20:16	2026-10-4 19:19	
2025-10-27 17:26	BK-20251027-0320	9788932903934	미사고의 숲	로버트 홀드스톡 (지은이), 김상훈 (옮긴이)	열린책들	2001-09-30	412	kor	문학	영미문학	소설	843	https://image.aladin.co.kr/product/29/70/cover500/893290393x_1.gif					Owned	26-10-04 20:16	2026-10-4 19:19	
2025-10-27 17:37	BK-20251027-0321	9788963243887	나의 GM 시절 - 앨프리드 슬론의 회고록	앨프리드 P. 슬론 2세 (지은이), 심재영 (옮긴이)	북코리아	2014-10-20	618	kor	사회과학	경제학	경영	325.1	https://image.aladin.co.kr/product/4795/96/cover500/8963243885_1.jpg	/NL/contents/search.do#viewKey=232511895&viewType=AH1				Owned	26-10-04 20:16	2026-10-4 19:19	
2025-10-27 17:37	BK-20251027-0322	9788901248684	행동경제학 - 마음과 행동을 바꾸는 선택 설계의 힘	리처드 H. 탈러 (지은이), 박세연 (옮긴이)	웅진지식하우스	2021-03-11	604	kor	사회과학	경제학	경제학	320.1	https://image.aladin.co.kr/product/26549/70/cover500/8901248689_1.jpg	/NL/contents/search.do#viewKey=750850117&viewType=AH1				Owned	26-10-04 20:16	2026-10-4 19:19	
2025-10-27 17:38	BK-20251027-0323	9788965963790	룬샷 - 전쟁, 질병, 불황의 위기를 승리로 이끄는 설계의 힘	사피 바칼 (지은이), 이지연 (옮긴이)	흐름출판	2020-04-27	468	kor	사회과학	경제학	경영	325.24	https://image.aladin.co.kr/product/23824/72/cover500/8965963796_1.jpg	/NL/contents/search.do#viewKey=691621844&viewType=AH1				Owned	26-10-04 20:16	2026-10-4 19:19	
2025-10-27 17:38	BK-20251027-0324	9788932460109	The One Page Proposal - 강력하고 간결한 한 장의 기획서	패트릭 G. 라일리 (지은이), 안진환 (옮긴이)	을유문화사	2002-11-11	128	kor	사회과학	경제학	경영	325.1	https://image.aladin.co.kr/product/38/62/cover500/8932460108_2.jpg					Owned	26-10-04 20:16	2026-10-4 19:19	
2025-10-27 17:38	BK-20251027-0325	9780060878986	Managing for Results: Economic Tasks and Risk-Taking Decisions (Paperback)	피터 드러커 (지은이)	HarperBusiness	2006-10-03	256	eng	사회과학	경제학	경영	325	https://image.aladin.co.kr/product/133/0/cover500/0060878983_2.jpg					Owned	26-10-04 20:16	2026-10-4 19:19	
2025-10-27 17:38	BK-20251027-0326	9780887309991	Management Challenges for the 21st Century (Paperback)	피터 드러커 (지은이)	HarperBusiness	2001-06-26	224	eng	사회과학	경제학	경영	325	https://image.aladin.co.kr/product/95/95/cover500/0887309992_2.jpg					Owned	26-10-04 20:16	2026-10-4 19:19	
2025-10-27 17:38	BK-20251027-0327	9780684856018	Selling the Wheel: Choosing the Best Way to Sell for You Your Company Your Customers (Paperback) - Choosing the Best Way to Sell for You, Your Company, Your Customers	제프 콕스, 하워드 스티븐스 (지은이)	Touchstone Books	2001-01-03	256	eng	사회과학	경제학	경영	325	https://image.aladin.co.kr/product/125/3/cover500/0684856018_2.jpg					Owned	26-10-04 20:16	2026-10-4 19:19	
2025-10-27 17:39	BK-20251027-0328	9780060935740	The Essential Drucker (Paperback, Reprint) - In One Volume the Best of Sixty Years of Peter Drucker's Essential Writings on Management	피터 드러커 (지은이)	HarperCollins	2003-08-01	368	eng	사회과학	경제학	경영	325	https://image.aladin.co.kr/product/130/27/cover500/006093574x_1.jpg					Owned	26-10-04 20:16	2026-10-4 19:19	
2025-10-27 17:39	BK-20251027-0329	9780393310351	Thinking Strategically (Paperback, 4, Revised)	배리 J. 네일버프, 애비너시 딕시트 (지은이)	W W Norton & Co Inc	1993-04-17	416	eng	사회과학	경제학	경제각론	321	https://image.aladin.co.kr/product/94/78/cover500/0393310353_2.jpg					Owned	26-10-04 20:16	2026-10-4 19:19	
2025-10-27 17:39	BK-20251027-0330	9780671708634	the 7 Habits of Higly Effective People	스티븐 코비 (지은이)	Free Press	1990-08-01	360	eng	철학	윤리학, 도덕철학	도덕훈, 교훈	199.1						Owned	26-10-04 20:16	2026-10-4 19:19	
2025-10-27 17:39	BK-20251027-0331	9780884271536	Critical Chain (Paperback)	엘리 골드렛 (지은이)	North River Pr	2002-12-10	246	eng	사회과학	경제학	경영	325.3	https://image.aladin.co.kr/product/117/11/cover500/0884271536_1.jpg					Owned	26-10-04 20:16	2026-10-4 19:19	
2025-10-27 17:39	BK-20251027-0332	9788901112749	The Choice 초이스 - 과학자의 생각법에서 배우는 선택의 지혜	엘리 골드랫, 에프랏 골드랫-아쉬라그 (지은이), 최원준 (옮긴이)	웅진윙스	2010-09-10	336	kor	사회과학	경제학	경영	325.04	https://image.aladin.co.kr/product/774/66/cover500/8901112744_1.jpg	/NL/contents/search.do#viewKey=113398834&viewType=AH1				Owned	26-10-04 20:16	2026-10-4 19:19	
2025-10-27 17:40	BK-20251027-0333	9788995341087	질문의 힘	사이토 다카시 (지은이), 남소영 (옮긴이)	루비박스	2003-11-18	232	kor	사회과학	경제학	경영	325.04	https://image.aladin.co.kr/product/44/26/cover500/8995341084_1.gif					Owned	26-10-04 20:16	2026-10-4 19:19	
2025-10-27 17:40	BK-20251027-0334	9788935207664	춤추는 고래의 실천 - 켄 블랜차드 자기경영 실천편	켄 블랜차드, 폴 마이어, 딕 류 (지은이), 조천제, 조영만 (옮긴이)	청림출판	2009-01-05	288	kor	사회과학	경제학	경영	325.04	https://image.aladin.co.kr/product/284/10/cover500/8935207667_1.jpg	/NL/contents/search.do#viewKey=93633093&viewType=AH1				Owned	26-10-04 20:16	2026-10-4 19:19	
2025-10-27 17:40	BK-20251027-0335	9788901101088	스웨이 - 사람의 마음을 흔드는 선택의 비밀	오리 브래프먼, 롬 브래프먼 (지은이), 강유리 (옮긴이)	리더스북	2009-10-19	232	kor	철학	심리학	차이심리학	182.3	https://image.aladin.co.kr/product/478/56/cover500/8901101084_1.jpg	/NL/contents/search.do#viewKey=104678149&viewType=AH1				Owned	26-10-04 20:16	2026-10-4 19:19	
2025-10-27 23:18	BK-20251027-0336	9788932473901	이기적 유전자	리처드 도킨스 (지은이), 홍영남, 이상임 (옮긴이)	을유문화사	2018-10-20	632	kor	자연과학	동물학	일반 동물학	491.51	https://image.aladin.co.kr/product/17048/25/cover500/8932473900_1.jpg	/NL/contents/search.do#viewKey=538745388&viewType=AH1				Owned	26-10-04 20:16	2026-10-4 19:19	
2025-10-27 23:18	BK-20251027-0337	9788965708063	시간은 흐르지 않는다 - 우리의 직관 너머 물리학의 눈으로 본 우주의 시간	카를로 로벨리 (지은이), 이중원 (옮긴이)	쌤앤파커스	2019-06-10	240	kor	자연과학	물리학	물리학	420	https://image.aladin.co.kr/product/19340/52/cover500/s952635912_1.jpg	/NL/contents/search.do#viewKey=588234910&viewType=AH1				Owned	26-10-04 20:16	2026-10-4 19:19	
2025-10-27 23:18	BK-20251027-0338	9788958200987	생명이란 무엇인가.정신과 물질	에르빈 슈뢰딩거 (지은이), 전대호 (옮긴이)	궁리	2007-07-02	320	kor	자연과학	생명과학	생명론, 생물철학	473	https://image.aladin.co.kr/product/93/77/cover500/8958200987_1.jpg	/NL/contents/search.do#viewKey=72956656&viewType=AH1				Owned	26-10-04 20:16	2026-10-4 19:19	
2025-10-27 23:18	BK-20251027-0339	9788954686853	우리가 세상을 이해하길 멈출 때	벵하민 라바투트 (지은이), 노승영 (옮긴이)	문학동네	2022-06-07	260	kor	문학	스페인 및 포르투갈문학	소설	873	https://image.aladin.co.kr/product/29584/28/cover500/8954686850_1.jpg	/NL/contents/search.do#viewKey=855817065&viewType=AH1				Owned	26-10-04 20:16	2026-10-4 19:19	
2025-10-27 23:19	BK-20251027-0340	9791130306155	과학적 관리의 원칙 - 보정판	F.W.TAYLOR (지은이), 박진우 (옮긴이)	박영사	2020-04-20	168	kor	사회과학	경제학	경영	325.607	https://image.aladin.co.kr/product/23792/89/cover500/k352639088_1.jpg	/NL/contents/search.do#viewKey=692607714&viewType=AH1				Owned	26-10-04 20:16	2026-10-4 19:19	
2025-10-27 23:20	BK-20251027-0341	9788972915348	“새로운”무의식 - 정신분석에서 뇌과학으로	레너드 믈로디노프 (지은이), 김명남 (옮긴이)	까치	2013-01-15	333	kor	철학	심리학	각론	181.38	https://image.aladin.co.kr/product/2264/52/cover500/8972915343_2.jpg	/NL/contents/search.do#viewKey=160685467&viewType=AH1				Owned	26-10-04 20:16	2026-10-4 19:19	
2025-10-27 23:20	BK-20251027-0342	9788934932666	다윈의 식탁 - 진화론의 후예들이 펼치는 생생한 지성의 만찬	장대익 (지은이)	김영사	2008-11-21	316	kor	자연과학	생명과학	생물진화	476.01	https://image.aladin.co.kr/product/286/40/cover500/893493266x_1.jpg	/NL/contents/search.do#viewKey=94451536&viewType=AH1				Owned	26-10-04 20:16	2026-10-4 19:19	
2025-10-27 23:20	BK-20251027-0343	9788984984080	일렉트릭 유니버스	데이비드 보더니스 (지은이), 김명남 (옮긴이)	생각의나무	2005-03-19	382	kor	자연과학	물리학	전기학 및 전자학	427	https://image.aladin.co.kr/product/54/99/cover500/8984984086_2.jpg					Owned	26-10-04 20:16	2026-10-4 19:19	
2025-10-27 23:20	BK-20251027-0344	9788984986176	마담 사이언티스트 - 에밀리와 볼테르, 열정의 과학 로맨스	데이비드 보더니스 (지은이), 최세민 (옮긴이)	생각의나무	2006-09-27	429	kor	자연과학	자연과학	철학 및 이론	401	https://image.aladin.co.kr/product/81/46/cover500/8984986178_1.jpg					Owned	26-10-04 20:16	2026-10-4 19:19	
2025-10-27 23:20	BK-20251027-0345	9788901103815	크로스 : 정재승 + 진중권 - 무한상상력을 위한 생각의 합체	진중권, 정재승 (지은이)	웅진지식하우스	2009-12-15	342	kor	사회과학	사회과학	강연집, 수필집, 연설문집	304	https://image.aladin.co.kr/product/591/43/cover500/8901103818_3.jpg	/NL/contents/search.do#viewKey=691983539&viewType=AH1				Owned	26-10-04 20:16	2026-10-4 19:19	
2025-10-27 23:21	BK-20251027-0346	9788983710895	풀하우스	스티븐 제이 굴드 (지은이), 이명희 (옮긴이)	사이언스북스	2002-01-20	349	kor	자연과학	생명과학	생물진화	476	https://image.aladin.co.kr/product/32/77/cover500/8983710896_3.jpg					Owned	26-10-04 20:16	2026-10-4 19:19	
2025-10-27 23:21	BK-20251027-0347	9788984980099	E=mc2	데이비드 보더니스 (지은이), 김민희 (옮긴이)	생각의나무	2001-03-27	397	kor	자연과학	물리학	물리학	420.12	https://image.aladin.co.kr/product/27/18/cover500/8984980099_1.gif					Owned	26-10-04 20:16	2026-10-4 19:19	
2025-10-27 23:21	BK-20251027-0348	9788984011267	스타트렉의 물리학 - 개정증보판	로렌스 M. 크라우스 (지은이), 곽영직, 박병철 (옮긴이)	영림카디널	2008-03-15	304	kor	자연과학	물리학	물리학	420.04	https://image.aladin.co.kr/product/191/1/cover500/8984011266_1.jpg	/NL/contents/search.do#viewKey=86639514&viewType=AH1				Owned	26-10-04 20:16	2026-10-4 19:19	
2025-10-27 23:22	BK-20251027-0349	9788932316338	우리는 모두 외계인이다 - 외계 생명체를 찾아 떠나는 과학 여행	제프리 베넷 (지은이), 이강환, 권채순 (옮긴이)	현암사	2012-08-06	443	kor	자연과학	생명과학	생물지리학	477.979	https://image.aladin.co.kr/product/1868/79/cover500/8932316333_1.jpg	/NL/contents/search.do#viewKey=153042539&viewType=AH1				Owned	26-10-04 20:16	2026-10-4 19:19	
2025-10-27 23:22	BK-20251027-0350	9788932901251	상대적이며 절대적인 지식의 백과사전	베르나르 베르베르 (지은이), 이세욱 (옮긴이)	열린책들	1996-01-01	230	kor	문학	프랑스문학	소설	863	https://image.aladin.co.kr/product/7/25/cover500/8932901252_1.gif	/NL/contents/search.do#viewKey=CNTS-00075210742&viewType=C				Owned	26-10-04 20:16	2026-10-4 19:19	
2025-10-27 23:22	BK-20251027-0351	9788901115030	거의 모든 것의 미래 - 인류의 미래에 관한 눈부신 지적 탐험	데이비드 오렐 (지은이), 이한음 (옮긴이)	리더스북	2010-11-29	540	kor	사회과학	사회학, 사회문제	사회학	331.544	https://image.aladin.co.kr/product/818/99/cover500/8901115034_1.jpg	/NL/contents/search.do#viewKey=126456349&viewType=AH1				Owned	26-10-04 20:16	2026-10-4 19:19	
2025-10-27 23:22	BK-20251027-0352	9788988089521	디지털이다 - 정보고속도로에서 행복해지기 위한 안내서	니콜라스 네그로폰테 (지은이), 백욱인 (옮긴이)	커뮤니케이션북스	1999-03-20	246	kor	사회과학	사회학, 사회문제	사회학	331.541	https://image.aladin.co.kr/product/20/42/cover500/8988089529_3.jpg					Owned	26-10-04 20:16	2026-10-4 19:19	
2025-10-27 23:22	BK-20251027-0353	9788960512405	얽힘의 시대 - 대화로 재구성한 20세기 양자 물리학의 역사	루이자 길더 (지은이), 노태복 (옮긴이)	부키	2012-09-24	728	kor	자연과학	물리학	현대물리학	429.04	https://image.aladin.co.kr/product/1985/38/cover500/8960512400_1.jpg	/NL/contents/search.do#viewKey=155319149&viewType=AH1				Owned	26-10-04 20:16	2026-10-4 19:19	
2025-10-27 23:23	BK-20251027-0354	9791157683826	우연은 얼마나 내 삶을 지배하는가	플로리안 아이그너 (지은이), 서유리 (옮긴이)	동양북스(동양문고)	2018-04-13	288	kor	자연과학	물리학	물리학	420.13	https://image.aladin.co.kr/product/13145/6/cover500/k462532135_1.jpg	/NL/contents/search.do#viewKey=506856907&viewType=AH1				Owned	26-10-04 20:16	2026-10-4 19:19	(400)에서 변경
2025-10-27 23:23	BK-20251027-0355	9791157529292	수의 황홀한 역사 - 수의 탄생에서 현대 수학 이론까지	토비아스 단치히 (지은이), 심재관 (옮긴이), 정경훈 (감수)	지식의숲(넥서스)	2016-10-05	456	kor	자연과학	수학	수학	410.9	https://image.aladin.co.kr/product/9324/58/cover500/k262535720_1.jpg	/NL/contents/search.do#viewKey=359413226&viewType=AH1				Owned	26-10-04 20:16	2026-10-4 19:19	
2025-10-27 23:23	BK-20251027-0356	9780007162215	Big Bang: The Origin of the Universe (Paperback)	사이먼 싱 (지은이)	Perennial	2005-11-01	560	eng	자연과학	천문학	기술천문학	443	https://image.aladin.co.kr/product/95/63/cover500/0007162219_2.jpg					Owned	26-10-04 20:16	2026-10-4 19:19	
2025-10-27 23:24	BK-20251027-0357	9780805071344	Lady Tasting Tea (Paperback) - How Statistics Revolutionized Science in the Twentieth Century	데이비드 살스버그 (지은이)	Henry Holt & Co	2002-05-01	352	eng	자연과학	수학	통계학	413.09	https://image.aladin.co.kr/product/114/50/cover500/0805071342_1.jpg	/NL/contents/search.do#viewKey=541667307&viewType=AH1				Owned	26-10-04 20:16	2026-10-4 19:19	듀이(001.4220904)에서 변경
2025-10-27 23:24	BK-20251027-0358	9780486400235	Games, Gods and Gambling (Paperback, Unabridged) - A History of Probability and Statistical Ideas	F. N. David (지은이)	Dover Pubns	1998-02-06	275	eng	자연과학	수학	통계학	413.09	https://image.aladin.co.kr/product/118/34/cover500/0486400239_1.jpg					Owned	26-10-04 20:16	2026-10-4 19:19	
2025-10-27 23:25	BK-20251027-0359	9780674009790	Statistics on the Table: The History of Statistical Concepts and Methods (Paperback, Revised)	스티븐 스티글러 (지은이)	Harvard Univ Pr	2002-09-30	504	eng	자연과학	수학	통계학	413.09	https://image.aladin.co.kr/product/133/83/cover500/0674009797_1.jpg					Owned	26-10-04 20:16	2026-10-4 19:19	
2025-10-27 23:25	BK-20251027-0360	9780674403413	The History of Statistics: The Measurement of Uncertainty Before 1900 (Paperback, Revised)	스티븐 스티글러 (지은이)	Belknap Pr	1990-03-01	432	eng	자연과학	수학	통계학	413.09	https://image.aladin.co.kr/product/107/38/cover500/067440341x_2.jpg					Owned	26-10-04 20:16	2026-10-4 19:19	
2025-10-27 23:25	BK-20251027-0361	9788985597340	미적분학 갤러리 - 뉴턴에서 르베그까지 위대한 수학자들이 들려주는 미적분 이야기	윌리엄 던햄 (지은이), 권혜승 (옮긴이)	한승	2011-05-25	336	kor	자연과학	수학	해석학	414.1	https://image.aladin.co.kr/product/1186/11/cover500/8985597345_1.jpg	/NL/contents/search.do#viewKey=135978636&viewType=AH1				Owned	26-10-04 20:16	2026-10-4 19:19	
2025-10-27 23:26	BK-20251027-0362	9788985055970	페르마의 마지막 정리	사이먼 싱 (지은이), 박병철 (옮긴이)	영림카디널	2003-02-25	400	kor	자연과학	수학	대수학	412.9	https://image.aladin.co.kr/product/15/33/cover500/8985055976_1.jpg	/NL/contents/search.do#viewKey=158738529&viewType=AH1				Owned	26-10-04 20:16	2026-10-4 19:19	
2025-10-27 23:26	BK-20251027-0363	9788956053219	슈퍼크런처 - 불확실한 미래를 데이터로 꿰뚫는 힘	이언 에어즈 (지은이), 안진환 (옮긴이)	북하우스	2009-03-20	368	kor	자연과학	수학	통계학	413.8	https://image.aladin.co.kr/product/345/49/cover500/8956053219_1.jpg	/NL/contents/search.do#viewKey=97229749&viewType=AH1				Owned	26-10-04 20:16	2026-10-4 19:19	
2025-10-27 23:41	BK-20251027-0364	9788970127248	총 균 쇠 (리커버 특별판)	재레드 다이아몬드 (지은이), 김진준 (옮긴이)	문학사상	2022-10-04	712	kor	사회과학	풍습, 예절, 민속학	문화인류학	389	https://image.aladin.co.kr/product/30192/3/cover500/k142839095_1.jpg	/NL/contents/search.do#viewKey=843427209&viewType=AH1				Owned	26-10-04 20:16	2026-10-4 19:19	
2025-10-27 23:41	BK-20251027-0365	9788937460883	오만과 편견	제인 오스틴 (지은이), 윤지관, 전승희 (옮긴이)	민음사	2003-09-20	560	kor	문학	영미문학	소설	843.4	https://image.aladin.co.kr/product/43/68/cover500/s937460882_1.jpg	/NL/contents/search.do#viewKey=1108906175&viewType=AH1				Owned	26-10-04 20:16	2026-10-4 19:19	
2025-10-27 23:41	BK-20251027-0366	9788973814725	멋진 신세계	올더스 헉슬리 (지은이), 안정효 (옮긴이)	(주)태일소담출판사	2015-06-12	400	kor	문학	영미문학	소설	843.5	https://image.aladin.co.kr/product/6083/61/cover500/8973814729_2.jpg	/NL/contents/search.do#viewKey=247181772&viewType=AH1				Owned	26-10-04 20:16	2026-10-4 19:19	
2025-10-27 23:42	BK-20251027-0367	9788936477783	드라이	닐 셔스터먼, 재러드 셔스터먼 (지은이), 이민희 (옮긴이)	창비	2019-09-20	460	kor	문학	영미문학	소설	843.6	https://image.aladin.co.kr/product/19832/24/cover500/8936477781_1.jpg	/NL/contents/search.do#viewKey=614108211&viewType=AH1				Owned	26-10-04 20:16	2026-10-4 19:19	
2025-10-27 23:42	BK-20251027-0368	9788955618556	빅 히스토리 - 빅뱅에서 현재까지 : 인간은 어디에서 와서 어디로 가는가	신시아 브라운 (지은이), 막시무스(이근영) (옮긴이)	바다출판사	2017-12-04	440	kor	역사	역사	세계사, 세계문화사	909	https://image.aladin.co.kr/product/12519/65/cover500/8955618557_2.jpg	/NL/contents/search.do#viewKey=481717561&viewType=AH1				Owned	26-10-04 20:16	2026-10-4 19:19	
2025-10-27 23:43	BK-20251027-0369	9788934939603	정의란 무엇인가	마이클 샌델 (지은이), 이창신 (옮긴이)	김영사	2010-05-26	404	kor	철학	윤리학, 도덕철학	국가 및 정치윤리	193	https://image.aladin.co.kr/product/709/27/cover500/8934939605_3.jpg	/NL/contents/search.do#viewKey=110358160&viewType=AH1				Owned	26-10-04 20:16	2026-10-4 19:19	
2025-10-27 23:44	BK-20251027-0370	9788974839321	미스 손탁	정명섭 (지은이)	서해문집	2018-05-15	240	kor	문학	한국문학	소설	813.7	https://image.aladin.co.kr/product/14558/8/cover500/8974839326_1.jpg	/NL/contents/search.do#viewKey=510332856&viewType=AH1				Owned	26-10-04 20:16	2026-10-4 19:19	
2025-10-27 23:55	BK-20251027-0371	9788972913344	유클리드의 창 - 기하학 이야기	레너드 믈로디노프 (지은이), 전대호 (옮긴이)	까치	2002-06-05	344	kor	자연과학	수학	기하학	415	https://image.aladin.co.kr/product/35/13/cover500/8972913340_2.jpg					Owned	26-10-04 20:16	2026-10-4 19:19	
2025-10-27 23:55	BK-20251027-0372	9788958626190	불멸의 이론 - 베이즈 정리는 어떻게 250년 동안 불확실한 세상을 지배하였는가	샤론 버치 맥그레인 (지은이), 이경식 (옮긴이)	휴머니스트	2013-08-12	640	kor	자연과학	수학	통계학	413.8	https://image.aladin.co.kr/product/2995/7/cover500/8958626194_1.jpg	/NL/contents/search.do#viewKey=180226539&viewType=AH1				Owned	26-10-04 20:16	2026-10-4 19:19	
2025-10-27 23:56	BK-20251027-0373	9788962601985	통계학 리스타트 - 볼수록 매력 있는 유쾌한 통계 이야기!	이다 야스유키 (지은이), 신은주 (옮긴이), 이진 (감수)	비즈니스맵	2010-04-12	272	kor	자연과학	수학	통계학	413	https://image.aladin.co.kr/product/678/18/cover500/8962601982_1.jpg	/NL/contents/search.do#viewKey=108774366&viewType=AH1				Owned	26-10-04 20:16	2026-10-4 19:19	(310)에서 변경
2025-10-27 23:56	BK-20251027-0374	9788988165911	통계의 미학 - 통계는 세상을 움직이는 과학이다	최제호 (지은이)	동아시아	2007-12-03	305	kor	자연과학	수학	통계학	413	https://image.aladin.co.kr/product/101/79/cover500/8988165918_1.jpg	/NL/contents/search.do#viewKey=79862354&viewType=AH1				Owned	26-10-04 20:16	2026-10-4 19:19	(310)에서 변경
2025-10-27 23:57	BK-20251027-0375	9788990994004	세상에서 가장 쉬운 통계학입문	코지마 히로유키 (지은이), 박주영 (옮긴이)	지상사	2009-12-17	240	kor	자연과학	수학	통계학	413.8	https://image.aladin.co.kr/product/590/5/cover500/s162834094_1.jpg	/NL/contents/search.do#viewKey=104650997&viewType=AH1				Owned	26-10-04 20:16	2026-10-4 19:19	
2025-10-27 23:57	BK-20251027-0376	9788959401260	통계가 전하는 거짓말 - 우리는 날마다 '숫자'에 속으며 산다	정남구 (지은이)	시대의창	2008-07-30	252	kor	자연과학	수학	통계학	413	https://image.aladin.co.kr/product/242/87/cover500/8959401269_1.jpg	/NL/contents/search.do#viewKey=88654279&viewType=AH1				Owned	26-10-04 20:16	2026-10-4 19:19	(310.4)에서 변경
2025-10-27 23:57	BK-20251027-0377	9788990024145	천재들의 주사위 - 20세기를 만든 통계학의 혁명들	데이비드 살스버그 (지은이), 최정규 (옮긴이)	뿌리와이파리	2003-08-30	435	kor	자연과학	수학	통계학	413.09	https://image.aladin.co.kr/product/43/5/cover500/8990024145_2.jpg					Owned	26-10-04 20:16	2026-10-4 19:19	분류재설정
2025-10-27 23:57	BK-20251027-0378	9788988165232	링크 - 21세기를 지배하는 네트워크 과학	앨버트 라슬로 바라바시 (지은이), 강병남, 김기훈 (옮긴이)	동아시아	2002-10-24	423	kor	총류	총류	컴퓨터과학	004.5	https://image.aladin.co.kr/product/38/30/cover500/8988165233_2.jpg					Owned	26-10-04 20:16	2026-10-4 19:19	
2025-10-27 23:57	BK-20251027-0379	9788983717436	세계를 바꾼 17가지 방정식 - 위대한 방정식에 담긴 영감과 통찰	이언 스튜어트 (지은이), 김지선 (옮긴이)	사이언스북스	2016-02-15	528	kor	자연과학	수학	수학	410	https://image.aladin.co.kr/product/7670/65/cover500/8983717432_1.jpg	/NL/contents/search.do#viewKey=268852346&viewType=AH1				Owned	26-10-04 20:16	2026-10-4 19:19	
2025-10-27 23:58	BK-20251027-0380	9791185435145	만물의 공식 - 우리의 관계, 미래, 사랑까지 수량화하는 알고리즘의 세계	루크 도멜 (지은이), 노승영 (옮긴이)	반니	2014-10-25	336	kor	자연과학	수학	해석학	414	https://image.aladin.co.kr/product/4796/46/cover500/118543514x_1.jpg	/NL/contents/search.do#viewKey=228829469&viewType=AH1				Owned	26-10-04 20:16	2026-10-4 19:19	
2025-10-27 23:58	BK-20251027-0381	9780071626538	Numbers Rule Your World: The Hidden Influence of Probabilities and Statistics on Everything You Do (Hardcover)	Kaiser Fung (지은이)	McGraw-Hill	2010-02-15	224	eng	자연과학	수학	통계학	413.8	https://image.aladin.co.kr/product/432/9/cover500/0071626530_2.jpg					Owned	26-10-04 20:16	2026-10-4 19:19	
2025-10-28 0:01	BK-20251028-0382	9788928602940	넘버스, 숫자가 당신을 지배한다 - 모르면 당하는 확률과 통계의 놀라운 실체	카이저 펑 (지은이), 황덕창 (옮긴이)	타임북스	2011-03-10	308	kor	자연과학	수학	통계학	413.8	https://image.aladin.co.kr/product/1101/87/cover500/8928602947_1.jpg	/NL/contents/search.do#viewKey=133067826&viewType=AH1				Owned	26-10-04 20:16	2026-10-4 19:19	
2025-10-28 0:02	BK-20251028-0383	9788989799122	수학의 언어	케이스 데블린 (지은이), 전대호 (옮긴이)	해나무	2003-05-06	526	kor	자연과학	수학	수학	410	https://image.aladin.co.kr/product/41/29/cover500/8989799120_1.gif					Owned	26-10-04 20:16	2026-10-4 19:19	
2025-10-28 0:02	BK-20251028-0384	9788949190013	수학 귀신	한스 마그누스 엔첸스베르거 (지은이), 고영아 (옮긴이)	비룡소	1997-12-25	296	kor	자연과학	수학	수학	410	https://image.aladin.co.kr/product/8/46/cover500/894919001x_1.jpg					Owned	26-10-04 20:16	2026-10-4 19:19	
2025-10-28 0:02	BK-20251028-0385	9788970440255	물이란 무엇인가 - 블루백스 시리즈 25	우에다이라 히사시 (지은이), 오진곤 (옮긴이)	전파과학사	1980-12-01	218	kor	자연과학	지학	응용지질학 일반 및 광상학	458.7						Owned	26-10-04 20:16	2026-10-4 19:19	
2025-10-28 0:02	BK-20251028-0386	9788970441207	상대론의 ABC - 단 두 가지 원리로 모든 것을 알게 된다	후쿠시마 하지메 (지은이), 손영수 (옮긴이)	전파과학사	1993-02-01	184	kor	자연과학	물리학	물리학	420.12	https://image.aladin.co.kr/product/7/25/cover500/8970441204_1.jpg					Owned	26-10-04 20:16	2026-10-4 19:19	
2025-10-28 0:03	BK-20251028-0387	9788970440033	맥스웰의 도깨비 - 확률에서 물리학으로	쓰즈키 다쿠지 (지은이),김명수 (옮긴이)	전파과학사	1995-09-30	226	kor	자연과학	물리학	열학	426.7	https://image.aladin.co.kr/product/17348/22/cover500/8970448438_1.jpg	/NL/contents/search.do#viewKey=CNTS-00130808536&viewType=C				Owned	26-10-04 20:16	2026-10-4 19:19	
2025-10-28 0:03	BK-20251028-0388	9788970440057	4차원의 세계 - 블루백스 시리즈 5	쓰즈키 다쿠지 (지은이), 김명수 (옮긴이)	전파과학사	1979-01-01	262	kor	자연과학	물리학	물리학	420						Owned	26-10-04 20:16	2026-10-4 19:19	
2025-10-28 0:03	BK-20251028-0389	9788971761045	가이아의 시대	제임스 러브록 (지은이)	범양사	1992-05-01	352	kor	자연과학	지학	지학	450						Owned	26-10-04 20:16	2026-10-4 19:19	
2025-10-28 0:04	BK-20251028-0390	9788956055176	무한으로 가는 안내서 - 가없고 끝없고 영원한 것들에 관한 짧은 기록	존 D. 배로 (지은이), 전대호 (옮긴이)	해나무	2011-04-21	380	kor	자연과학	자연과학	철학 및 이론	401	https://image.aladin.co.kr/product/1146/62/cover500/8956055173_1.jpg	/NL/contents/search.do#viewKey=134962991&viewType=AH1				Owned	26-10-04 20:16	2026-10-4 19:19	
2025-10-28 0:04	BK-20251028-0391	9791192444383	비잔티움의 역사 - 천년의 제국, 동서양이 충돌하는 문명의 용광로에 세운 그리스도교 세계의 정점	디오니시오스 스타타코풀로스 (지은이), 최하늘 (옮긴이)	더숲	2023-02-20	410	kor	역사	유럽	러시아와 동부유럽	929.9603	https://image.aladin.co.kr/product/31056/82/cover500/k992831424_1.jpg	/NL/contents/search.do#viewKey=911771068&viewType=AH1				Owned	26-10-04 20:16	2026-10-4 19:19	
2025-10-28 1:21	BK-20251028-0392	9791190030540	정재승의 과학 콘서트 (개정증보 2판) - 복잡한 세상 명쾌한 과학	정재승 (지은이)	어크로스	2020-07-07	388	kor	자연과학	자연과학	강연집, 수필집, 연설문집	404	https://image.aladin.co.kr/product/24397/0/cover500/k762630315_2.jpg	/NL/contents/search.do#viewKey=699699856&viewType=AH1				Owned	26-10-04 20:16	2026-10-4 19:19	
2025-10-28 1:22	BK-20251028-0393	9788993178692	지리의 힘 - 지리는 어떻게 개인의 운명을, 세계사를, 세계 경제를 좌우하는가	팀 마샬 (지은이), 김미선 (옮긴이)	사이	2016-08-10	368	kor	사회과학	정치학	정치학	340.98	https://image.aladin.co.kr/product/8864/8/cover500/8993178690_2.jpg	/NL/contents/search.do#viewKey=283179728&viewType=AH1				Owned	26-10-04 20:16	2026-10-4 19:19	
2025-10-28 1:23	BK-20251028-0394	9788949190020	모모	미하엘 엔데 (지은이), 한미희 (옮긴이)	비룡소	1999-02-09	368	kor	문학	독일문학	소설	853	https://image.aladin.co.kr/product/19/10/cover500/8949190028_2.jpg					Owned	26-10-04 20:16	2026-10-4 19:19	
2025-10-28 12:54	BK-20251028-0395	9788964655825	하버드의 생각수업 - 세계 최고의 대학에서는 무엇을 가르치는가?	후쿠하라 마사히로 (지은이), 김정환 (옮긴이)	엔트리(메가스터디북스)	2014-03-10	228	kor	철학	심리학	각론	181.3	https://image.aladin.co.kr/product/3756/54/cover500/8964655826_2.jpg	/NL/contents/search.do#viewKey=198943771&viewType=AH1				Owned	26-10-04 20:16	2026-10-4 19:19	
2025-10-28 12:55	BK-20251028-0396	9788997132010	경제학 혁명 - 신화의 경제학에서 인간의 경제학으로	데이비드 오렐 (지은이), 김원기 (옮긴이), 우석훈	행성B(행성비)	2011-07-18	392	kor	사회과학	경제학	경제각론	321.92	https://image.aladin.co.kr/product/1250/34/cover500/8997132016_1.jpg	/NL/contents/search.do#viewKey=138273074&viewType=AH1				Owned	26-10-04 20:16	2026-10-4 19:19	
2025-10-28 12:55	BK-20251028-0397	9788935206582	부의 미래 - 앨빈 토플러 (반양장)	앨빈 토플러 (지은이), 김중웅 (옮긴이)	청림출판	2006-09-05	656	kor	사회과학	사회학, 사회문제	사회학	331.54	https://image.aladin.co.kr/product/67/59/cover500/893520658x_2.jpg					Owned	26-10-04 20:16	2026-10-4 19:19	
2025-10-28 12:56	BK-20251028-0398	9791195058198	1984	조지 오웰 (지은이), 임종기 (옮긴이)	아로파	2016-01-08	466	kor	문학	영미문학	소설	843	https://image.aladin.co.kr/product/7469/71/cover500/k892434507_1.jpg	/NL/contents/search.do#viewKey=273728478&viewType=AH1				Owned	26-10-04 20:16	2026-10-4 19:19	
2025-10-28 12:56	BK-20251028-0399	9788937460777	1984	조지 오웰 (지은이), 정회성 (옮긴이)	민음사	2003-06-16	452	kor	문학	영미문학	소설	843	https://image.aladin.co.kr/product/41/89/cover500/s122531356_2.jpg					Owned	26-10-04 20:16	2026-10-4 19:19	
2025-10-28 12:56	BK-20251028-0400	9788985893893	로지컬 씽킹 - 맥킨지식 논리적 사고와 구성의 기술	오카다 게이코, 데루야 하나코 (지은이), 김영철 (옮긴이)	일빛	2002-01-15	280	kor	사회과학	경제학	경영	325.1	https://image.aladin.co.kr/product/32/70/cover500/8985893890_2.jpg					Owned	26-10-04 20:16	2026-10-4 19:19	
2025-10-28 12:57	BK-20251028-0401	9798988350316	로지컬 프리젠테이션	도이사토시외	이다미디어	2003-09-05	216	kor	사회과학	경제학	경영	325.1	http://books.google.com/books/content?id=c0GizQEACAAJ&printsec=frontcover&img=1&zoom=1&source=gbs_api					Owned	26-10-04 20:16	2026-10-4 19:19	
2025-10-28 12:57	BK-20251028-0402	9788966181070	좋아 보이는 것들의 비밀, 컬러	김정해 (지은이)	길벗	2011-06-24	208	kor	예술	회화, 도화, 디자인	채색이론 및 실제	651	https://image.aladin.co.kr/product/1205/73/cover500/8966181074_1.jpg	/NL/contents/search.do#viewKey=137660652&viewType=AH1				Owned	26-10-04 20:16	2026-10-4 19:19	
2025-10-28 13:03	BK-20251028-0403	9788994207230	당신이 읽는 동안 - 글꼴, 글꼴 디자인, 타이포그래피	헤라르트 윙어르 (지은이), 최문경 (옮긴이)	워크룸프레스(Workroom)	2013-03-15	216	kor	예술	회화, 도화, 디자인	디자인	658.3	https://image.aladin.co.kr/product/2502/66/cover500/8994207236_1.jpg	/NL/contents/search.do#viewKey=163971416&viewType=AH1				Owned	26-10-04 20:16	2026-10-4 19:19	
2025-10-28 13:04	BK-20251028-0404	9788975480645	디자인과 인간심리	도널드 노만 (지은이)	학지사	1996-02-01	300	kor	예술	회화, 도화, 디자인	디자인	658.018	https://image.aladin.co.kr/product/4/25/cover500/897548064x_1.jpg	/NL/contents/search.do#viewKey=CNTS-00082710746&viewType=C				Owned	26-10-04 20:16	2026-10-4 19:19	
2025-10-28 13:04	BK-20251028-0405	9788997235537	심플은 정답이 아니다 - 복잡한 세상의 디노베이터가 되는 기술	도널드 A. 노먼 (지은이), 이춘희, 이지현 (옮긴이)	교보문고(단행본)	2012-04-16	296	kor	예술	회화, 도화, 디자인	디자인	658	https://image.aladin.co.kr/product/1639/48/cover500/8997235532_1.jpg	/NL/contents/search.do#viewKey=CNTS-00101017294&viewType=C				Owned	26-10-04 20:16	2026-10-4 19:19	
2025-10-28 13:04	BK-20251028-0406	9788970122373	글쓰기를 두려워 말라	박동규 (지은이)	문학사상사	1997-01-14	398	kor	문학	문학	문장작법, 수사학	802	https://image.aladin.co.kr/product/2/16/cover500/8970122370_1.jpg					Owned	26-10-04 20:16	2026-10-4 19:19	
2025-10-28 13:04	BK-20251028-0407	9788990991430	글쓰기 정석 - 일반인을 위한	배상복 (지은이)	경향미디어	2006-11-24	323	kor	문학	문학	문장작법, 수사학	802	https://image.aladin.co.kr/product/85/84/cover500/8990991439_1.jpg	/NL/contents/search.do#viewKey=CNTS-00030536736&viewType=C				Owned	26-10-04 20:16	2026-10-4 19:19	
2025-10-28 13:04	BK-20251028-0408	9791196517311	보고서의 법칙 - 일주일 내로 보고서를 써야 하는 당신에게	백승권 (지은이)	바다출판사	2018-12-14	336	kor	사회과학	경제학	경영	325.484	https://image.aladin.co.kr/product/17638/39/cover500/k412534216_2.jpg	/NL/contents/search.do#viewKey=551963729&viewType=AH1				Owned	26-10-04 20:16	2026-10-4 19:19	
2025-10-28 13:20	BK-20251028-0409	9788991071797	논증의 기술 - 논리적으로 생각하고 말하고 쓰기의 모든 것, 개정판	앤서니 웨스턴 (지은이), 이보경 (옮긴이)	필맥	2010-07-01	240	kor	철학	논리학	논증, 설득	179	https://image.aladin.co.kr/product/730/34/cover500/8991071791_1.jpg	/NL/contents/search.do#viewKey=110599256&viewType=AH1				Owned	26-10-04 20:16	2026-10-4 19:19	
2025-10-28 13:20	BK-20251028-0410	9788991071902	글은 논리다 - 우리가 쓰는 우리 글의 맹점	백우진 (지은이)	필맥	2011-07-20	208	kor	문학	문학	문장작법, 수사학	802.041	https://image.aladin.co.kr/product/1258/14/cover500/8991071902_1.jpg	/NL/contents/search.do#viewKey=138274346&viewType=AH1				Owned	26-10-04 20:16	2026-10-4 19:19	
2025-10-28 13:20	BK-20251028-0411	9788901098272	Stick 스틱! - 1초 만에 착 달라붙는 메시지, 그 안에 숨은 6가지 법칙, 개정증보판	칩 히스, 댄 히스 (지은이), 안진환, 박슬라 (옮긴이)	엘도라도	2009-08-03	448	kor	사회과학	사회학, 사회문제	사회학	331.1	https://image.aladin.co.kr/product/447/46/cover500/890109827x_2.jpg	/NL/contents/search.do#viewKey=101686113&viewType=AH1				Owned	26-10-04 20:16	2026-10-4 19:19	
2025-10-28 13:20	BK-20251028-0412	9788927800286	행운에 속지 마라 - 기대하지 마라, 예측하지 마라	나심 니콜라스 탈레브 (지은이), 이건 (옮긴이)	중앙books(중앙북스)	2010-04-26	340	kor	사회과학	경제학	금융	327.04	https://image.aladin.co.kr/product/690/42/cover500/8927800281_1.jpg	/NL/contents/search.do#viewKey=134544568&viewType=AH1				Owned	26-10-04 20:16	2026-10-4 19:19	
2025-10-28 13:21	BK-20251028-0413	9788990247414	블랙 스완 - 0.1%의 가능성이 모든 것을 바꾼다	나심 니콜라스 탈레브 (지은이), 차익종 (옮긴이)	동녘사이언스	2008-10-24	548	kor	총류	총류	이론 체계 및 시스템	003.54	https://image.aladin.co.kr/product/270/88/cover500/8990247411_2.jpg	/NL/contents/search.do#viewKey=90746944&viewType=AH1				Owned	26-10-04 20:16	2026-10-4 19:19	
2025-10-28 13:21	BK-20251028-0414	9788965701194	여기에 당신의 욕망이 보인다 - 빅 데이터에서 찾아낸 70억 욕망의 지도	송길영 (지은이)	쌤앤파커스	2012-11-15	284	kor	사회과학	사회학, 사회문제	사회학	331.5412	https://image.aladin.co.kr/product/2090/17/cover500/8965701198_1.jpg	/NL/contents/search.do#viewKey=156908674&viewType=AH1				Owned	26-10-04 20:16	2026-10-4 19:19	
2025-10-28 13:21	BK-20251028-0415	9788950908089	80/20 법칙 - 최신개정판	리처드 코치 (지은이), 공병호 (옮긴이)	21세기북스	2005-11-17	312	kor	사회과학	경제학	경영	325.04	https://image.aladin.co.kr/product/60/21/cover500/8950908085_1.jpg					Owned	26-10-04 20:16	2026-10-4 19:19	
2025-10-28 13:22	BK-20251028-0416	9780884270898	The Haystack Syndrome (Hardcover) - Sifting Information Out of the Data Ocean	엘리 골드렛 (지은이)	North River Pr	1991-01-01	262	eng	사회과학	경제학	경영	325	https://image.aladin.co.kr/product/5560/64/cover500/0884270890_2.jpg					Owned	26-10-04 20:16	2026-10-4 19:19	
2025-10-28 13:23	BK-20251028-0417	9788987939278	TOC 제약경영	정남기 (지은이)	대청(대청미디어)	1999-11-30	262	kor	사회과학	경제학	경영	325	https://image.aladin.co.kr/product/21/31/cover500/8987939278_1.gif					Owned	26-10-04 20:16	2026-10-4 19:19	
2025-10-28 13:23	BK-20251028-0418	9788983002815	It's Not Luck (더 골2)	엘리 골드렛 (지은이), 김일운, 강승덕 (옮긴이)	동양북스(동양문고)	2002-07-25	383	kor	사회과학	경제학	경영	325.1	https://image.aladin.co.kr/product/3232/9/cover500/8983002816_1.jpg					Owned	26-10-04 20:16	2026-10-4 19:19	
2025-10-28 13:23	BK-20251028-0419	9788983002532	The Goal (더 골)	제프 콕스, 엘리 골드렛 (지은이), 김일운, 강승덕, 김효 (옮긴이)	동양북스(동양문고)	2013-10-10	543	kor	사회과학	경제학	경영	325.3	https://image.aladin.co.kr/product/3232/8/cover500/8983002530_1.jpg					Owned	26-10-04 20:16	2026-10-4 19:19	분류재설정
2025-10-28 13:24	BK-20251028-0420	9788947543828	파워풀 - 넷플릭스 성장의 비결	패티 맥코드 (지은이), 허란, 추가영 (옮긴이)	한국경제신문	2018-08-01	252	kor	사회과학	경제학	경영	325.211	https://image.aladin.co.kr/product/15722/30/cover500/8947543829_2.jpg	/NL/contents/search.do#viewKey=518305499&viewType=AH1				Owned	26-10-04 20:16	2026-10-4 19:19	
2025-10-28 13:24	BK-20251028-0421	9788950952952	아마존, 세상의 모든 것을 팝니다 - 아마존과 제프 베조스의 모든 것	브래드 스톤 (지은이), 야나 마키에이라 (옮긴이)	21세기북스	2014-03-24	440	kor	사회과학	경제학	경영	325.04	https://image.aladin.co.kr/product/3826/73/cover500/8950952955_1.jpg	/NL/contents/search.do#viewKey=202544489&viewType=AH1				Owned	26-10-04 20:16	2026-10-4 19:19	
2025-10-28 13:24	BK-20251028-0422	9788901162317	The ORG 경제학자도 풀지 못한 조직의 비밀 - 왜 우리에게 조직이 필요한가	레이 피스먼, 팀 설리번 (지은이), 이진원 (옮긴이)	웅진지식하우스	2014-02-03	320	kor	사회과학	사회학, 사회문제	사회학	331.12	https://image.aladin.co.kr/product/3587/42/cover500/8901162318_1.jpg	/NL/contents/search.do#viewKey=198190455&viewType=AH1				Owned	26-10-04 20:16	2026-10-4 19:19	
2025-10-28 13:24	BK-20251028-0423	9788995890271	승자의 저주 - 경제현상의 패러독스와 행동경제학	리처드 H. 탈러 (지은이), 최정규, 하승아 (옮긴이)	이음	2007-08-27	440	kor	사회과학	경제학	경제학	320	https://image.aladin.co.kr/product/97/54/cover500/8995890274_1.jpg	/NL/contents/search.do#viewKey=74435164&viewType=AH1				Owned	26-10-04 20:16	2026-10-4 19:19	
2025-10-28 13:25	BK-20251028-0424	9788995737057	행동 경제학	도모노 노리오 (지은이), 이명희 (옮긴이)	지형	2007-01-02	340	kor	사회과학	경제학	경제학	320	https://image.aladin.co.kr/product/87/2/cover500/8995737050_2.jpg	/NL/contents/search.do#viewKey=CNTS-00030257871&viewType=C				Owned	26-10-04 20:16	2026-10-4 19:19	
2025-10-28 13:25	BK-20251028-0425	9788901093154	넛지 - 똑똑한 선택을 이끄는 힘	리처드 H. 탈러, 캐스 R. 선스타인 (지은이), 안진환 (옮긴이), 최정규	리더스북	2009-04-20	428	kor	사회과학	경제학	경제각론	321.89	https://image.aladin.co.kr/product/358/75/cover500/8901093154_3.jpg	/NL/contents/search.do#viewKey=98858919&viewType=AH1				Owned	26-10-04 20:16	2026-10-4 19:19	
2025-10-28 13:25	BK-20251028-0426	9781846146060	Thinking, Fast and Slow (Paperback)	대니얼 카너먼 (지은이)	Allen Lane	2011-11-03	512	eng	철학	심리학	각론	181.3	https://image.aladin.co.kr/product/1409/17/cover500/1846146062_1.jpg	/NL/contents/search.do#viewKey=164105499&viewType=AH1				Owned	26-10-04 20:16	2026-10-4 19:19	듀이(153.42)에서 변경
2025-10-28 13:25	BK-20251028-0427	9788934956150	생각에 관한 생각 - 우리의 행동을 지배하는 생각의 반란!	대니얼 카너먼 (지은이), 이진원 (옮긴이)	김영사	2012-03-30	556	kor	철학	심리학	각론	181.3	https://image.aladin.co.kr/product/1606/89/cover500/8934956151_1.jpg	/NL/contents/search.do#viewKey=146770241&viewType=AH1				Owned	26-10-04 20:16	2026-10-4 19:19	
2025-10-28 13:25	BK-20251028-0428	9788935208630	댄 애리얼리, 경제 심리학 - 경제는 감정으로 움직인다	댄 애리얼리 (지은이), 김원호 (옮긴이)	청림출판	2011-02-08	447	kor	철학	심리학	각론	181.3	https://image.aladin.co.kr/product/874/32/cover500/8935208639_1.jpg	/NL/contents/search.do#viewKey=131119282&viewType=AH1				Owned	26-10-04 20:16	2026-10-4 19:19	
2025-10-28 13:26	BK-20251028-0429	9788901116457	당근과 채찍 - 목표로 유인하는 강력한 행동전략	이언 에어즈 (지은이), 이종호, 김인수 (옮긴이), 최정규 (감수)	리더스북	2011-01-13	388	kor	철학	심리학	응용심리학 일반	189	https://image.aladin.co.kr/product/847/10/cover500/8901116456_3.jpg	/NL/contents/search.do#viewKey=131048474&viewType=AH1				Owned	26-10-04 20:16	2026-10-4 19:19	
2025-10-28 13:26	BK-20251028-0430	9788956054803	딜리버링 해피니스 - 재포스 CEO의 행복경영 노하우	토니 셰이 (지은이), 송연수 (옮긴이)	북하우스	2010-09-01	352	kor	사회과학	경제학	경영	325.1	https://image.aladin.co.kr/product/766/50/cover500/8956054800_1.jpg	/NL/contents/search.do#viewKey=112658969&viewType=AH1				Owned	26-10-04 20:16	2026-10-4 19:19	
2025-10-28 13:26	BK-20251028-0431	9791162540633	그릿 GRIT (골드 에디션) - IQ, 재능, 환경을 뛰어넘는 열정적 끈기의 힘	앤절라 더크워스 (지은이), 김미정 (옮긴이)	비즈니스북스	2022-12-15	416	kor	사회과학	경제학	경영	325.211	https://image.aladin.co.kr/product/30657/56/cover500/k272830938_1.jpg	/NL/contents/search.do#viewKey=1069595834&viewType=AH1				Owned	26-10-04 20:16	2026-10-4 19:19	
2025-10-28 13:26	BK-20251028-0432	9788947528689	인튜이션 - 40년간 연구한 인지과학 보고서	게리 클라인 (지은이), 이유진 (옮긴이), 장영재 (감수)	한국경제신문	2012-09-08	431	kor	사회과학	경제학	경영	325.14	https://image.aladin.co.kr/product/1945/23/cover500/8947528684_1.jpg	/NL/contents/search.do#viewKey=154788799&viewType=AH1				Owned	26-10-04 20:16	2026-10-4 19:19	
2025-10-28 13:27	BK-20251028-0433	9788934985747	타인의 해석 - 당신이 모르는 사람을 만났을 때	말콤 글래드웰 (지은이), 유강은 (옮긴이), 김경일 (감수)	김영사	2020-03-20	472	kor	사회과학	사회학, 사회문제	사회학	331.18	https://image.aladin.co.kr/product/23466/15/cover500/8934985747_2.jpg	/NL/contents/search.do#viewKey=688707358&viewType=AH1				Owned	26-10-04 20:16	2026-10-4 19:19	
2025-10-28 13:27	BK-20251028-0434	9788950906436	티핑 포인트 - 작은 아이디어를 빅트렌드로 만드는	말콤 글래드웰 (지은이), 임옥희 (옮긴이)	21세기북스	2004-09-14	272	kor	사회과학	사회학, 사회문제	사회학	331.541	https://image.aladin.co.kr/product/51/68/cover500/8950906430_1.jpg					Owned	26-10-04 20:16	2026-10-4 19:19	
2025-10-28 13:27	BK-20251028-0435	9788950952891	다윗과 골리앗 - 강자를 이기는 약자의 기술	말콤 글래드웰 (지은이), 선대인 (옮긴이)	21세기북스	2014-01-27	352	kor	사회과학	경제학	경영	325.04	https://image.aladin.co.kr/product/3473/61/cover500/8950952890_1.jpg	/NL/contents/search.do#viewKey=197680495&viewType=AH1				Owned	26-10-04 20:16	2026-10-4 19:19	
2025-10-28 13:27	BK-20251028-0436	9788934933151	아웃라이어 - 성공의 기회를 발견한 사람들	말콤 글래드웰 (지은이), 노정태 (옮긴이), 최인철 (감수)	김영사	2009-01-15	300	kor	사회과학	경제학	경영	325.04	https://image.aladin.co.kr/product/301/7/cover500/8934933151_3.jpg	/NL/contents/search.do#viewKey=94101620&viewType=AH1				Owned	26-10-04 20:16	2026-10-4 19:19	
2025-10-28 13:28	BK-20251028-0437	9788934937494	그 개는 무엇을 보았나 - 참을 수 없이 궁금한 마음의 미스터리	말콤 글래드웰 (지은이), 김태훈 (옮긴이)	김영사	2010-03-19	450	kor	사회과학	사회과학	잡저	302	https://image.aladin.co.kr/product/653/50/cover500/8934937491_1.jpg	/NL/contents/search.do#viewKey=108426343&viewType=AH1				Owned	26-10-04 20:16	2026-10-4 19:19	
2025-10-28 13:31	BK-20251028-0438	9788934903154	유쾌한 경제학	토드 부크홀츠 (지은이), 이성훈 (옮긴이)	김영사	1997-01-15	292	kor	사회과학	경제학	경제학	320	https://image.aladin.co.kr/product/11/41/cover500/8934903155_1.gif					Owned	26-10-04 20:16	2026-10-4 19:19	
2025-10-28 13:31	BK-20251028-0439	9788962604467	죽은 경제학자의 망할 아이디어 - 경제학은 어떻게 우리를 배신하는가?	마티아스 빈스방거 (지은이), 김해생 (옮긴이), 선대인 (감수)	비즈니스맵	2012-04-16	288	kor	사회과학	경제학	경제정책	322.01	https://image.aladin.co.kr/product/1640/68/cover500/8962604469_1.jpg	/NL/contents/search.do#viewKey=151062798&viewType=AH1				Owned	26-10-04 20:16	2026-10-4 19:19	
2025-10-28 13:31	BK-20251028-0440	9788901103044	슈퍼 괴짜경제학 - 세상의 이면을 파헤치는 괴짜 천재의 실전경제학	스티븐 레빗, 스티븐 더브너 (지은이), 안진환 (옮긴이)	웅진지식하우스	2009-11-20	348	kor	사회과학	경제학	경제학	320.04	https://image.aladin.co.kr/product/583/51/cover500/8901103044_2.jpg	/NL/contents/search.do#viewKey=107399509&viewType=AH1				Owned	26-10-04 20:16	2026-10-4 19:19	
2025-10-28 13:33	BK-20251028-0441	9781905211210	The Long Tail (Paperback) - How Endless Choice is Creating Unlimited Demand	Chris Andreson (지은이)	Random House	2006-07-01	238	eng	사회과학	경제학	경영	325.1	https://image.aladin.co.kr/product/67/65/cover500/190521121x_1.jpg					Owned	26-10-04 20:16	2026-10-4 19:19	
2025-10-28 13:42	BK-20251028-0442	9788935207510	상식 밖의 경제학 - 이제 상식에 기초한 경제학은 버려라!	댄 애리얼리 (지은이), 장석훈 (옮긴이)	청림출판	2008-09-05	336	kor	사회과학	경제학	경제학	320.04	https://image.aladin.co.kr/product/246/57/cover500/8935207519_1.jpg					Owned	26-10-04 20:16	2026-10-4 19:19	
2025-10-28 22:31	BK-20251028-0443	9791185585185	어쩌다 보니 통계학자 - 통계학의 거장 조지 박스의 삶과 추억	조지 박스 (지은이), 박중양 (옮긴이)	생각의힘	2015-10-30	352	kor	자연과학	수학	통계학	413.099	https://image.aladin.co.kr/product/6382/24/cover500/k962434780_1.jpg	/NL/contents/search.do#viewKey=262150498&viewType=AH1				Owned	26-10-04 20:16	2026-10-4 19:19	
2025-10-28 22:34	BK-20251028-0444	9780307275172	The Drunkard's Walk: How Randomness Rules Our Lives (Paperback) - How Randomness Rules Our Lives	레너드 믈로디노프 (지은이)	Vintage Books	2009-05-05	272	eng	자연과학	수학	통계학	413.1	https://image.aladin.co.kr/product/263/49/cover500/0307275175_1.jpg					Owned	26-10-04 20:16	2026-10-4 19:19	
2025-10-28 22:34	BK-20251028-0445	9780385495325	The Code Book: The Science of Secrecy from Ancient Egypt to Quantum Cryptography (Paperback)	사이먼 싱 (지은이)	Anchor	2000-08-29	432	eng	자연과학	자연과학	과학사	409	https://image.aladin.co.kr/product/92/78/cover500/0385495323_1.jpg					Owned	26-10-04 20:16	2026-10-4 19:19	(325.55)에서 변경
2025-10-28 22:34	BK-20251028-0446	9780674088917	The Seven Pillars of Statistical Wisdom (Paperback)	스티븐 스티글러 (지은이)	Harvard Univ Pr	2016-03-07	240	eng	자연과학	수학	통계학	413.09	https://image.aladin.co.kr/product/6880/91/cover500/0674088913_2.jpg					Owned	26-10-04 20:16	2026-10-4 19:19	
2025-10-28 22:35	BK-20251028-0447	9788908020351	작은 것이 아름답다	E. F. 슈마허 (지은이)	범우사	1986-12-01	316	kor	사회과학	경제학	경제학	320.18	https://image.aladin.co.kr/product/12/47/cover500/8908020357_1.jpg					Owned	26-10-04 20:16	2026-10-4 19:19	
2025-10-28 22:35	BK-20251028-0448	9788935208333	위험한 경영학 - 당신의 비즈니스를 위협하는 경영학의 진실	매튜 스튜어트 (지은이), 이원재, 이현숙 (옮긴이)	청림출판	2010-07-15	448	kor	사회과학	경제학	경영	325	https://image.aladin.co.kr/product/737/24/cover500/8935208337_1.jpg	/NL/contents/search.do#viewKey=111537990&viewType=AH1				Owned	26-10-04 20:16	2026-10-4 19:19	
2025-10-28 22:36	BK-20251028-0449	9788996032045	타이밍에 강한 가치투자 전략 - 적극적 가치투자	비탈리 카스넬슨 (지은이), 김상우 (옮긴이)	부크온(부크홀릭)	2009-10-15	400	kor	사회과학	경제학	금융	327.856	https://image.aladin.co.kr/product/469/18/cover500/8996032042_1.jpg	/NL/contents/search.do#viewKey=102898626&viewType=AH1				Owned	26-10-04 20:16	2026-10-4 19:19	
2025-10-28 22:36	BK-20251028-0450	9788995525500	경쟁으로부터의 탈출 - 품질석학, 데밍박사의	W. 에드워드 데밍 (지은이), 김봉균 (옮긴이)	한국표준협회컨설팅(나비북스)	2004-08-16	272	kor	사회과학	경제학	경영	325	https://image.aladin.co.kr/product/51/9/cover500/8995525509_1.gif					Owned	26-10-04 20:16	2026-10-4 19:19	
2025-10-28 22:37	BK-20251028-0451	9788983003997	한계를 넘어서 - TOC(제약이론)을 통한 경영 대변혁	엘리 골드렛 (지은이), 이정숙 (옮긴이), 함정근 (감수)	동양북스(동양문고)	2004-10-25	336	kor	사회과학	경제학	경영	325	https://image.aladin.co.kr/product/52/24/cover500/8983003995_1.jpg					Owned	26-10-04 20:16	2026-10-4 19:19	
2025-10-28 22:38	BK-20251028-0452	9788992647595	일본전산 이야기 - 불황기 10배 성장, 손대는 분야마다 세계 1위, 신화가 된 회사	김성호 (지은이)	쌤앤파커스	2009-01-10	280	kor	사회과학	경제학	경영	325.1	https://image.aladin.co.kr/product/290/94/cover500/899264759x_3.jpg	/NL/contents/search.do#viewKey=93737193&viewType=AH1				Owned	26-10-04 20:16	2026-10-4 19:19	
2025-10-28 22:49	BK-20251028-0453	9788934916918	사막을 건너는 여섯가지 방법	스티브 도나휴 (지은이), 고상숙 (옮긴이)	김영사	2005-01-15	217	kor	역사	지리	아프리카지리	983.402	https://image.aladin.co.kr/product/53/82/cover500/8934916915_1.jpg					Owned	26-10-04 20:16	2026-10-4 19:19	
2025-10-28 22:51	BK-20251028-0454	9788935600229	음식문화의 수수께끼	마빈 해리스 (지은이)	한길사	1992-12-01	294	kor	사회과학	풍습, 예절, 민속학	의식주의 풍습	381.75	https://image.aladin.co.kr/product/11/49/cover500/8935600229_3.jpg					Owned	26-10-04 20:16	2026-10-4 19:19	
2025-10-28 22:51	BK-20251028-0455	9788972913641	거의 모든 것의 역사 (양장, 특별판)	빌 브라이슨 (지은이), 이덕환 (옮긴이)	까치	2003-11-30	558	kor	자연과학	자연과학	과학사	409	https://image.aladin.co.kr/product/10723/91/cover500/k972913642_1.jpg					Owned	26-10-04 20:16	2026-10-4 19:19	
2025-10-28 22:51	BK-20251028-0456	9788925517155	몽상과 매혹의 고고학 - C.W.쎄람의 사진으로 보는 고고학 역사 이야기	C. W. 세람 (지은이), 강미경 (옮긴이)	랜덤하우스코리아	2008-02-27	392	kor	역사	역사	역사보조학	902.5	https://image.aladin.co.kr/product/183/38/cover500/8925517159_1.jpg	/NL/contents/search.do#viewKey=CNTS-00099657401&viewType=C				Owned	26-10-04 20:16	2026-10-4 19:19	
2025-10-28 22:51	BK-20251028-0457	9788983757722	알렉산드로스, 침략자 혹은 제왕 - BBC 고대 문명 다큐멘터리 시리즈 2	마이클 우드 (지은이), 남경태 (옮긴이)	랜덤하우스코리아	2002-04-25	348	kor	역사	유럽	고대 그리스(희랍고대사)	921.07	https://image.aladin.co.kr/product/34/77/cover500/8983757728_1.gif					Owned	26-10-04 20:16	2026-10-4 19:19	
2025-10-28 22:51	BK-20251028-0458	9788983758125	트로이, 잊혀진 신화 - BBC 고대 문명 다큐멘터리 시리즈 3	마이클 우드 (지은이), 남경태 (옮긴이)	랜덤하우스코리아	2002-12-10	462	kor	역사	역사	세계사, 세계문화사	909.2	https://image.aladin.co.kr/product/39/48/cover500/8983758120_1.gif					Owned	26-10-04 20:16	2026-10-4 19:19	
2025-10-28 22:52	BK-20251028-0459	9788959246373	태양의 제국 잉카의 마지막 운명	마이클우드	랜덤하우스코리아	2005-07-28	411	kor	역사	남아메리카	남아메리카(남미)	950	http://books.google.com/books/content?id=-5PQnQAACAAJ&printsec=frontcover&img=1&zoom=1&source=gbs_api					Owned	26-10-04 20:16	2026-10-4 19:19	출판사명, 출간일 수작업입력
2025-10-28 22:52	BK-20251028-0460	9788976762221	광기와 우연의 역사 1	슈테판 츠바이크 (지은이), 안인희 (옮긴이)	자작나무	1996-05-01	312	kor	역사	역사	세계사, 세계문화사	909	https://image.aladin.co.kr/product/1/39/cover500/9788976762221.gif					Owned	26-10-04 20:16	2026-10-4 19:19	
2025-10-29 1:04	BK-20251029-0461	9788984373761	스테파니 메일러 실종사건	조엘 디케르 (지은이), 임미경 (옮긴이)	밝은세상	2019-08-12	728	kor	문학	프랑스문학	소설	863	https://image.aladin.co.kr/product/20203/30/cover500/8984373761_1.jpg	/NL/contents/search.do#viewKey=601915265&viewType=AH1				Owned	26-10-04 20:16	2026-10-4 19:19	
2025-10-29 15:05	BK-20251029-0462	9788959060047	세계사를 뒤흔든 발굴	이종호 (지은이)	인물과사상사	2004-12-27	350	kor	역사	역사	역사보조학	902	https://image.aladin.co.kr/product/53/42/cover500/8959060046_1.jpg					Owned	26-10-04 20:16	2026-10-4 19:19	
2025-10-29 15:05	BK-20251029-0463	9788936470166	나의 문화유산답사기 2	유홍준 (지은이)	창비	1994-07-01	406	kor	역사	지리	아시아지리	981.1	https://image.aladin.co.kr/product/2/83/cover500/8936470167_1.jpg					Owned	26-10-04 20:16	2026-10-4 19:19	
2025-10-29 15:05	BK-20251029-0464	9788901059679	신화 추적자 - BBC 다큐멘터리 샹그리라.아르고호 원정대.시바의 여왕.아더 왕 이야기	마이클 우드 (지은이), 최애리 (옮긴이)	웅진지식하우스	2006-08-22	360	kor	종교	비교종교학	신화, 신화학	219	https://image.aladin.co.kr/product/68/14/cover500/8901059673_1.jpg	/NL/contents/search.do#viewKey=63427362&viewType=AH1				Owned	26-10-04 20:16	2026-10-4 19:19	
2025-10-29 15:05	BK-20251029-0465	9788976960016	한국역사	한국역사연구회 (지은이)	역사비평사	1992-02-01	486	kor	역사	아시아	한국	911	https://image.aladin.co.kr/product/16/18/cover500/9788976960016.gif					Owned	26-10-04 20:16	2026-10-4 19:19	
2025-10-29 15:06	BK-20251029-0466	9788936905095	역사철학	그레이스 E. 케언스 (지은이), 이성기 (옮긴이)	대원사	1990-01-01	472	kor	역사	역사	역사 철학 및 이론	901	https://image.aladin.co.kr/product/10/21/cover500/8936905090_2.jpg					Owned	26-10-04 20:16	2026-10-4 19:19	
2025-10-29 15:07	BK-20251029-0467	9788973650422	노래하는 역사	이영희 (지은이)	조선일보사	1999-12-20	372	kor	역사	아시아	한국	911.02	https://image.aladin.co.kr/product/19/17/cover500/8973650424_1.gif					Owned	26-10-04 20:16	2026-10-4 19:19	
2025-10-29 15:07	BK-20251029-0468	9788935600168	문화의 수수께끼 - 마빈 해리스 문화 인류학 3부작	마빈 해리스 (지은이), 박종렬 (옮긴이)	한길사	2000-04-20	262	kor	사회과학	풍습, 예절, 민속학	문화인류학	389	https://image.aladin.co.kr/product/18/99/cover500/8935600164_2.jpg	/NL/contents/search.do#viewKey=86372267&viewType=AH1				Owned	26-10-04 20:16	2026-10-4 19:19	
2025-10-29 15:07	BK-20251029-0469	9788935610518	인간동물원	데즈먼드 모리스 (지은이)	한길사	1994-12-01	268	kor	철학	심리학	차이심리학	182.9						Owned	26-10-04 20:16	2026-10-4 19:19	
2025-10-29 15:21	BK-20251029-0470	9788908020092	역사란 무엇 인가	에드워드 H. 카 (지은이),김승일 (옮긴이)	범우사	1993-01-01	258	kor	역사	역사	역사 철학 및 이론	901	https://image.aladin.co.kr/product/10/18/cover500/8908020616_1.jpg					Owned	26-10-04 20:16	2026-10-4 19:19	
2025-10-29 15:21	BK-20251029-0471	9788935610587	식인과 제왕 - 문화인류학 3부작	마빈 해리스 (지은이)	한길사	2000-05-10	310	kor	사회과학	풍습, 예절, 민속학	문화인류학	389	https://image.aladin.co.kr/product/8/83/cover500/8935610585_2.jpg					Owned	26-10-04 20:16	2026-10-4 19:19	
2025-10-29 15:22	BK-20251029-0472	9788990024954	이타적 인간의 출현 - 게임이론으로 푸는 인간 본성 진화의 수수께끼, 개정증보판	최정규 (지은이)	뿌리와이파리	2009-08-25	400	kor	사회과학	경제학	경제학	320.1	https://image.aladin.co.kr/product/447/24/cover500/8990024951_2.jpg	/NL/contents/search.do#viewKey=101057980&viewType=AH1				Owned	26-10-04 20:16	2026-10-4 19:19	
2025-10-29 15:22	BK-20251029-0473	9788991136205	인간 그 속기 쉬운 동물 - 미신과 속설은 어떻게 생기나	토마스 길로비치 (지은이), 장근영, 이양원 (옮긴이)	모멘토	2008-09-16	320	kor	철학	형이상학	시간	115.6	https://image.aladin.co.kr/product/256/4/cover500/8991136206_1.jpg	/NL/contents/search.do#viewKey=89606120&viewType=AH1				Owned	26-10-04 20:16	2026-10-4 19:19	
2025-10-29 15:22	BK-20251029-0474	9788901059556	행복의 공식 - 인생을 변화시키는 긍정의 심리학	슈테판 클라인 (지은이), 김영옥 (옮긴이)	웅진지식하우스	2006-08-17	356	kor	철학	윤리학, 도덕철학	일반윤리학 각론	191.6	https://image.aladin.co.kr/product/67/96/cover500/890105955x_1.jpg					Owned	26-10-04 20:16	2026-10-4 19:19	
2025-10-29 15:22	BK-20251029-0475	9788901067100	시간의 놀라운 발견 - 시간의 미스터리에 빠진 사람들을 위한 시간사용설명서	슈테판 클라인 (지은이), 유영미 (옮긴이)	웅진지식하우스	2007-06-10	286	kor	철학	심리학	각론	181.27	https://image.aladin.co.kr/product/92/64/cover500/8901067102_1.jpg	/NL/contents/search.do#viewKey=73065191&viewType=AH1				Owned	26-10-04 20:16	2026-10-4 19:19	
2025-10-29 15:23	BK-20251029-0476	9788950911546	프레임 - 나를 바꾸는 심리학의 지혜	최인철 (지은이)	21세기북스	2007-06-08	216	kor	철학	심리학	응용심리학 일반	189	https://image.aladin.co.kr/product/92/78/cover500/895091154x_2.jpg	/NL/contents/search.do#viewKey=71942135&viewType=AH1				Owned	26-10-04 20:16	2026-10-4 19:19	
2025-10-29 15:23	BK-20251029-0477	9788934914488	생각의 지도 - 동양과 서양, 세상을 바라보는 서로 다른 시선	리처드 니스벳 (지은이), 최인철 (옮긴이)	김영사	2004-04-13	248	kor	철학	심리학	각론	181.3	https://image.aladin.co.kr/product/48/27/cover500/8934914483_3.jpg					Owned	26-10-04 20:16	2026-10-4 19:19	
2025-10-29 15:23	BK-20251029-0478	9788971841167	아하 프로이트 1 - 꿈, 본능, 무의식 편	김정일 (지은이)	푸른숲	1996-06-25	366	kor	철학	심리학	생리심리학	185.5	https://image.aladin.co.kr/product/9/52/cover500/8971841168_1.jpg					Owned	26-10-04 20:16	2026-10-4 19:19	
2025-10-29 15:23	BK-20251029-0479	9788901110806	FBI 행동의 심리학 - 말보다 정직한 7가지 몸의 단서	조 내버로, 마빈 칼린스 (지은이), 박정길 (옮긴이)	리더스북	2010-09-13	278	kor	철학	심리학	각론	181.81	https://image.aladin.co.kr/product/772/58/cover500/8901110806_1.jpg	/NL/contents/search.do#viewKey=CNTS-00059232135&viewType=C				Owned	26-10-04 20:16	2026-10-4 19:19	
2025-10-29 15:24	BK-20251029-0480	9788957691267	그들은 아는, 우리만 모르는 - 위키리크스가 발가벗긴 대한민국의 알몸	김용진 (지은이)	개마고원	2012-01-06	400	kor	사회과학	정치학	정치학	340.911	https://image.aladin.co.kr/product/1457/42/cover500/895769126x_1.jpg	/NL/contents/search.do#viewKey=144005956&viewType=AH1				Owned	26-10-04 20:16	2026-10-4 19:19	
2025-10-29 15:24	BK-20251029-0481	9788956056531	여덟 단어 - 인생을 대하는 우리의 자세	박웅현 (지은이)	북하우스	2013-05-20	240	kor	문학	한국문학	르포르타주 및 기타	818	https://image.aladin.co.kr/product/2642/80/cover500/8956056536_1.jpg	/NL/contents/search.do#viewKey=171620366&viewType=AH1				Owned	26-10-04 20:16	2026-10-4 19:19	
2025-10-29 15:24	BK-20251029-0482	9788958270096	몰입 Flow - 미치도록 행복한 나를 만난다	미하이 칙센트미하이 (지은이), 최인수 (옮긴이)	한울림	2004-07-05	528	kor	철학	심리학	차이심리학	182.1	https://image.aladin.co.kr/product/50/36/cover500/s102534693_1.jpg	/NL/contents/search.do#viewKey=132480403&viewType=AH1				Owned	26-10-04 20:16	2026-10-4 19:19	
2025-10-29 15:25	BK-20251029-0483	9788965132288	어떻게 살 것인가 - 힐링에서 스탠딩으로!	유시민 (지은이)	생각의길	2013-03-13	344	kor	사회과학	정치학	정치학	340.4	https://image.aladin.co.kr/product/2398/18/cover500/8965132282_2.jpg	/NL/contents/search.do#viewKey=161867406&viewType=AH1				Owned	26-10-04 20:16	2026-10-4 19:19	
2025-10-29 15:25	BK-20251029-0484	9788950926298	생각 버리기 연습	코이케 류노스케 (지은이), 유윤한 (옮긴이)	21세기북스	2010-09-10	244	kor	종교	불교	종교신앙, 신앙록, 신앙생활	224.3	https://image.aladin.co.kr/product/776/89/cover500/8950926296_1.jpg	/NL/contents/search.do#viewKey=121147271&viewType=AH1				Owned	26-10-04 20:16	2026-10-4 19:19	
2025-10-29 15:25	BK-20251029-0485	9788989899921	나, 구본형의 변화 이야기 - 10년마다 자신의 삶을 결산하는 자아경영 프로젝트	구본형 (지은이)	휴머니스트	2004-03-29	325	kor	사회과학	경제학	경영	325.04	https://image.aladin.co.kr/product/47/48/cover500/8989899923_1.gif					Owned	26-10-04 20:16	2026-10-4 19:19	
2025-10-29 15:26	BK-20251029-0486	9788901125176	휴식 - 행복의 중심	울리히 슈나벨 (지은이), 김희상 (옮긴이)	걷는나무	2011-06-21	304	kor	철학	심리학	차이심리학	182.3	https://image.aladin.co.kr/product/1205/18/cover500/890112517x_1.jpg	/NL/contents/search.do#viewKey=138273806&viewType=AH1				Owned	26-10-04 20:16	2026-10-4 19:19	
2025-10-29 16:54	BK-20251029-0487	9788970555096	꿈의해석 - 드림북스 9	지크문트 프로이트 (지은이)	홍신문화사	2001-02-25	328	kor	철학	심리학	생리심리학	185.5						Owned	26-10-04 20:16	2026-10-4 19:19	
2025-10-29 16:55	BK-20251029-0488	9788970555171	짜라투스트라는 이렇게 말했다 - 드림북스 17	프리드리히 니체 (지은이)	홍신문화사	1987-04-15	442	kor	철학	형이상학	운동과 변화	116						Owned	26-10-04 20:16	2026-10-4 19:19	
2025-10-29 16:55	BK-20251029-0489	9788970555072	소크라테스의 변명 - 드림북스 7	플라톤 (지은이)	홍신문화사	2001-09-30	335	kor	철학	서양철학	서양철학	160						Owned	26-10-04 20:16	2026-10-4 19:19	
2025-10-29 16:56	BK-20251029-0490	9788933110362	위기는 선물이다 - 그대 능력을 믿어라	안셀름 그륀 (지은이), 김선태 (옮긴이)	바오로딸(성바오로딸)	2011-02-15	195	kor	종교	기독교	교파	238.248	https://image.aladin.co.kr/product/1103/67/cover500/8933110364_1.jpg	/NL/contents/search.do#viewKey=133776438&viewType=AH1				Owned	26-10-04 20:16	2026-10-4 19:19	
2025-10-29 16:58	BK-20251029-0491	9788937834950	코끼리는 생각하지 마 - 미국 진보 세력은 왜 선거에서 패배하는가	조지 레이코프 (지은이), 유나영 (옮긴이), 나익주 (감수)	와이즈베리	2015-04-01	318	kor	사회과학	정치학	정치학	340.942	https://image.aladin.co.kr/product/5520/47/cover500/8937834952_1.jpg	/NL/contents/search.do#viewKey=242910444&viewType=AH1				Owned	26-10-04 20:16	2026-10-4 19:19	
2025-10-29 16:58	BK-20251029-0492	9788965700173	인코그니토 - 나라고 말하는 나는 누구인가	데이비드 이글먼 (지은이), 김소희 (옮긴이), 윤승일 (감수)	쌤앤파커스	2011-06-01	320	kor	철학	심리학	각론	181.38	https://image.aladin.co.kr/product/1186/73/cover500/8965700175_1.jpg	/NL/contents/search.do#viewKey=136363309&viewType=AH1				Owned	26-10-04 20:16	2026-10-4 19:19	
2025-10-29 16:58	BK-20251029-0493	9788991705142	어느 무명 철학자의 유쾌한 행복론	전시륜 (지은이)	행복한마음	2008-01-07	344	kor	문학	한국문학	수필	814.6	https://image.aladin.co.kr/product/171/10/cover500/8991705146_1.jpg	/NL/contents/search.do#viewKey=80495400&viewType=AH1				Owned	26-10-04 20:16	2026-10-4 19:19	
2025-10-29 16:59	BK-20251029-0494	9788987350202	철학의 문제들 - 인간과 철학	버트런드 러셀 (지은이), 박영태 (옮긴이)	이학사	2000-02-29	223	kor	철학	서양철학	영국철학	164.56	https://image.aladin.co.kr/product/22/35/cover500/8987350207_2.jpg					Owned	26-10-04 20:16	2026-10-4 19:19	
2025-10-29 16:59	BK-20251029-0495	9788930650038	상징, 신성, 예술	미르치아 엘리아데 (지은이), 박규태 (옮긴이)	서광사	1991-07-01	328	kor	종교	비교종교학	비교종교학	210.44	https://image.aladin.co.kr/product/23/8/cover500/8930650031_1.jpg					Owned	26-10-04 20:16	2026-10-4 19:19	
2025-10-29 16:59	BK-20251029-0496	9788971930052	성과 속: 종교의 본질 - 학민글밭 4	미르치아 엘리아데 (지은이)	학민사	1983-06-01	222	kor	종교	종교	종교철학 및 종교사상	201	https://image.aladin.co.kr/product/7/82/cover500/8971930055_2.jpg					Owned	26-10-04 20:16	2026-10-4 19:19	
2025-10-29 16:59	BK-20251029-0497	9788972910442	종교사 개론	미르치아 엘리아데 (지은이), 이재실 (옮긴이)	까치	1994-11-01	496	kor	종교	종교	종교사	209						Owned	26-10-04 20:16	2026-10-4 19:19	
2025-10-29 16:59	BK-20251029-0498	9788912126100	신화의힘	Joseph Campbell	고려원	1992-01-01	416	kor	종교	비교종교학	신화, 신화학	219	https://image.aladin.co.kr/product/11833/50/cover500/8950971852_2.jpg					Owned	26-10-04 20:16	2026-10-4 19:19	
2025-10-29 17:00	BK-20251029-0499	9788972783152	종교문화의 이해	정진홍 (지은이)	청년사	1995-08-01	380	kor	종교	종교	종교사	209	https://image.aladin.co.kr/product/13/31/cover500/8972783153_1.gif					Owned	26-10-04 20:16	2026-10-4 19:19	
2025-10-29 17:00	BK-20251029-0500	9788908020337	건전한 사회 - 범우사상신서 33	에리히 프롬 (지은이)	범우사	1999-04-15	352	kor	사회과학	사회학, 사회문제	사회학	331.1	https://image.aladin.co.kr/product/19/77/cover500/s012937608_1.jpg					Owned	26-10-04 20:16	2026-10-4 19:19	
2025-10-29 17:00	BK-20251029-0501	9788974185114	광기의 역사 - 현대 프랑스 철학총서 11	미셸 푸코 (지은이)	인간사랑	1999-12-20	371	kor	철학	서양철학	프랑스, 네덜란드철학	166.8	https://image.aladin.co.kr/product/1/39/cover500/8974185113_1.jpg					Owned	26-10-04 20:16	2026-10-4 19:19	
2025-10-29 17:00	BK-20251029-0502	9788970551258	자유로부터의 도피	에리히 프롬 (지은이)	홍신문화사	1991-07-01	312	kor	사회과학	사회학, 사회문제	사회학	331.1	https://image.aladin.co.kr/product/12/43/cover500/8970551255_1.jpg					Owned	26-10-04 20:16	2026-10-4 19:19	
2025-10-29 17:01	BK-20251029-0503	9788942310340	한국사회사상사	이은순 (지은이)	지식산업사	1996-05-20	394	kor	사회과학	사회과학	사회사상	301.09	https://image.aladin.co.kr/product/16/12/cover500/9788942310340.gif					Owned	26-10-04 20:16	2026-10-4 19:19	
2025-10-29 17:01	BK-20251029-0504	9788934903147	소중한 것을 먼저하라 - 스티븐 코비의 제4세대 시간경영	스티븐 코비, A. 로저 메릴, 레베카 R. 메릴 (지은이), 김경섭 (옮긴이)	김영사	1997-02-25	502	kor	철학	윤리학, 도덕철학	도덕훈, 교훈	199.1	https://image.aladin.co.kr/product/19/6/cover500/8934903147_2.jpg	/NL/contents/search.do#viewKey=138754958&viewType=AH1				Owned	26-10-04 20:16	2026-10-4 19:19	
2025-10-29 17:01	BK-20251029-0505	9788980103034	누가 내 치즈를 옮겼을까?	스펜서 존슨 (지은이), 이영진 (옮긴이)	진명출판사	2000-03-15	128	kor	철학	윤리학, 도덕철학	도덕훈, 교훈	199.1	https://image.aladin.co.kr/product/22/61/cover500/8980103034_1.gif					Owned	26-10-04 20:16	2026-10-4 19:19	
2025-10-29 17:01	BK-20251029-0506	9788976850829	나에겐 지금 못할 것이 없다 - 반양장	앤드류 우드 (지은이), 한상천 (옮긴이)	현대미디어	2000-01-25	318	kor	철학	윤리학, 도덕철학	도덕훈, 교훈	199.1	https://image.aladin.co.kr/product/21/97/cover500/8976850823_1.gif					Owned	26-10-04 20:16	2026-10-4 19:19	
2025-10-29 17:01	BK-20251029-0507	9788986145656	여자는 차마 말 못하고 남자는 전혀 모르는 것들	존 그레이 (지은이), 서현정 (옮긴이)	프리미엄북스	2002-01-20	304	kor	철학	심리학	응용심리학 일반	189	https://image.aladin.co.kr/product/32/73/cover500/8986145650_1.gif					Owned	26-10-04 20:16	2026-10-4 19:19	
2025-10-29 17:01	BK-20251029-0508	9788989028567	9만 년의 행복한 결혼이야기	닉 스티네트, 도니 힐리어, 낸시 스티네트 (지은이), 윤종석 (옮긴이)	엔씨디(NCD)	2002-05-31	236	kor	종교	기독교	종교신앙, 신앙록, 신앙생활	234.9	https://image.aladin.co.kr/product/36/52/cover500/8989028566_1.gif					Owned	26-10-04 20:16	2026-10-4 19:19	
2025-10-29 17:02	BK-20251029-0509	9788995406601	쇼펜하우어의 토론의 법칙	아르투르 쇼펜하우어 (지은이), 최성욱 (옮긴이)	원앤원북스	2003-06-10	136	kor	문학	문학	문장작법, 수사학	802.53	https://image.aladin.co.kr/product/41/72/cover500/8995406607_1.gif	/NL/contents/search.do#viewKey=CNTS-00030241942&viewType=C				Owned	26-10-04 20:16	2026-10-4 19:19	
2025-10-29 17:02	BK-20251029-0510	9788989313496	살아 있는 동안 꼭 해야 할 49가지	탄줘잉 (엮은이), 김명은 (옮긴이)	위즈덤하우스	2004-12-20	216	kor	철학	윤리학, 도덕철학	도덕훈, 교훈	199.1	https://image.aladin.co.kr/product/53/19/cover500/898931349x_1.jpg					Owned	26-10-04 20:16	2026-10-4 19:19	
2025-10-29 17:02	BK-20251029-0511	9788930500258	소크라테스.불타.공자.예수.모함메드	카를 야스퍼스 (지은이)	종로서적	1980-02-01	210	kor	종교	비교종교학	비교종교학	210						Owned	26-10-04 20:16	2026-10-4 19:19	
2025-10-29 17:02	BK-20251029-0512	9788984815001	하느님과의 숨바꼭질	한민택 (지은이)	생활성서사	2017-04-29	304	kor	종교	기독교	교파	238.204	https://image.aladin.co.kr/product/10838/49/cover500/8984815004_1.jpg	/NL/contents/search.do#viewKey=372476059&viewType=AH1				Owned	26-10-04 20:16	2026-10-4 19:19	
2025-10-29 17:02	BK-20251029-0513	9788990317957	삶과 죽음에 대하여	지두 크리슈나무르티 (지은이), 정순희 (옮긴이)	고요아침	2005-01-17	280	kor	철학	동양철학, 동양사상	인도 철학, 사상	155.9	https://image.aladin.co.kr/product/53/79/cover500/8990317959_1.jpg					Owned	26-10-04 20:16	2026-10-4 19:19	
2025-10-29 17:03	BK-20251029-0514	9788989039471	사랑은 없다 - 쇼펜하우어, 인생론 에세이	아르투어 쇼펜하우어 (지은이), 이동진 (옮긴이)	해누리	2004-05-15	246	kor	철학	서양철학	독일, 오스트리아철학	165.47	https://image.aladin.co.kr/product/48/89/cover500/8989039479_3.jpg	/NL/contents/search.do#viewKey=CNTS-00030182697&viewType=C				Owned	26-10-04 20:16	2026-10-4 19:19	
2025-10-29 17:03	BK-20251029-0515	9788932014159	향연 : 사랑에 관하여 - 세계의 고전 사상 7-003	플라톤 (지은이), 박희영 (옮긴이)	문학과지성사	2003-05-30	216	kor	철학	서양철학	서양철학	160	https://image.aladin.co.kr/product/41/72/cover500/8932014159_1.jpg					Owned	26-10-04 20:16	2026-10-4 19:19	
2025-10-29 17:03	BK-20251029-0516	9788933111413	아내가 입을 열 때 나는 귀를 연다	손 엘디 (지은이)	바오로딸(성바오로딸)	2013-10-25	236	kor	종교	기독교	교파	238.249	https://image.aladin.co.kr/product/3258/5/cover500/8933111417_1.jpg	/NL/contents/search.do#viewKey=178101309&viewType=AH1				Owned	26-10-04 20:16	2026-10-4 19:19	
2025-10-29 17:03	BK-20251029-0517	9788901204772	내가 혼자 여행하는 이유 - 7년 동안 50개국을 홀로 여행하며 깨달은 것들	카트린 지타 (지은이), 박성원 (옮긴이)	걷는나무	2015-07-30	232	kor	역사	지리	지리	980.2	https://image.aladin.co.kr/product/6384/28/cover500/8901204770_1.jpg	/NL/contents/search.do#viewKey=251363319&viewType=AH1				Owned	26-10-04 20:16	2026-10-4 19:19	
2025-10-29 17:06	BK-20251029-0518	9788960516175	검사내전 - 생활형 검사의 사람 공부, 세상 공부	김웅 (지은이)	부키	2018-01-19	384	kor	문학	한국문학	수필	814	https://image.aladin.co.kr/product/12900/30/cover500/s472636239_1.jpg	/NL/contents/search.do#viewKey=484452430&viewType=AH1				Owned	26-10-04 20:16	2026-10-4 19:19	(367.204)에서 변경
2025-10-29 17:06	BK-20251029-0519	9788946415041	문학의 숲을 거닐다 - 장영희 문학 에세이	장영희 (지은이)	샘터사	2005-03-14	328	kor	문학	한국문학	수필	814.7	https://image.aladin.co.kr/product/54/81/cover500/8946415045_2.jpg					Owned	26-10-04 20:16	2026-10-4 19:19	
2025-10-29 17:06	BK-20251029-0520	9788935610235	남자들에게	시오노 나나미 (지은이), 이현진 (옮긴이)	한길사	2002-11-20	379	kor	문학	일본문학 및 기타 아시아 제문학	수필	834.6	https://image.aladin.co.kr/product/2/95/cover500/8935610232_3.jpg					Owned	26-10-04 20:16	2026-10-4 19:19	
2025-10-29 17:06	BK-20251029-0521	9788993941562	사물의 언어 - 탐나는 것들의 비밀 우리는 왜 어떻게 매혹되는가?	데얀 수딕 (지은이), 정지인 (옮긴이)	홍시	2012-02-15	334	kor	예술	회화, 도화, 디자인	디자인	658	https://image.aladin.co.kr/product/1532/42/cover500/8993941564_1.jpg	/NL/contents/search.do#viewKey=145149515&viewType=AH1				Owned	26-10-04 20:16	2026-10-4 19:19	
2025-10-29 17:07	BK-20251029-0522	9788995547229	먹고 기도하고 사랑하라	엘리자베스 길버트 (지은이), 노진선 (옮긴이)	솟을북	2007-11-30	501	kor	문학	영미문학	수필	844	https://image.aladin.co.kr/product/101/47/cover500/8995547227_1.jpg	/NL/contents/search.do#viewKey=98349691&viewType=AH1				Owned	26-10-04 20:16	2026-10-4 19:19	(980.24)에서 변경
2025-10-29 17:07	BK-20251029-0523	9788974564162	내 생애 단 한번의 약속 - 김수연 산문집	김수연 (지은이)	문이당	2008-08-10	254	kor	문학	한국문학	수필	814.6	https://image.aladin.co.kr/product/241/44/cover500/8974564165_1.jpg	/NL/contents/search.do#viewKey=88998573&viewType=AH1				Owned	26-10-04 20:16	2026-10-4 19:19	
2025-10-29 17:07	BK-20251029-0524	9788995757703	살아 있는 것은 다 행복하라 - 법정 잠언집	법정(法頂) (지은이), 류시화 (엮은이)	조화로운삶(위즈덤하우스)	2006-02-15	247	kor	종교	불교	불교	220.4	https://image.aladin.co.kr/product/62/31/cover500/8995757701_1.jpg	/NL/contents/search.do#viewKey=CNTS-00030579733&viewType=C				Owned	26-10-04 20:16	2026-10-4 19:19	
2025-10-29 17:08	BK-20251029-0525	9788995501474	사랑하라 한번도 상처받지 않은 것처럼	류시화 (엮은이)	오래된미래	2005-03-26	158	kor	문학	문학	전집, 총서	808.1	https://image.aladin.co.kr/product/54/94/cover500/8995501472_2.jpg					Owned	26-10-04 20:16	2026-10-4 19:19	
2025-10-29 17:08	BK-20251029-0526	9788955473223	할머니는 도둑	데이비드 월리엄스 (글), 토니 로스 (그림), 장선하 (옮긴이)	크레용하우스	2014-02-22	336	kor	문학	영미문학	소설	843	https://image.aladin.co.kr/product/3642/0/cover500/8955473222_1.jpg	/NL/contents/search.do#viewKey=200262054&viewType=AH1				Owned	26-10-04 20:16	2026-10-4 19:19	
2025-10-29 19:42	BK-20251029-0527	9788982641145	도올의 도마복음 이야기 1 - 이집트·이스라엘 초기기독교 성지순례기	도올 김용옥 (지은이)	통나무	2008-03-07	360	kor	종교	기독교	성서(성경)	233.995	https://image.aladin.co.kr/product/189/39/cover500/8982641149_1.jpg	/NL/contents/search.do#viewKey=85304229&viewType=AH1				Owned	26-10-04 20:16	2026-10-4 19:19	
2025-10-29 19:42	BK-20251029-0528	9788982641138	큐복음서 - 신약성서 속의 예수의 참 모습, 참 말씀	도올 김용옥 (지은이)	통나무	2008-03-07	264	kor	종교	기독교	성서(성경)	233.6	https://image.aladin.co.kr/product/189/36/cover500/8982641130_1.jpg	/NL/contents/search.do#viewKey=85304233&viewType=AH1				Owned	26-10-04 20:16	2026-10-4 19:19	
2025-10-29 19:43	BK-20251029-0529	9788932104515	베드로가 쓴 많은 이야기	최헌	가톨릭출판사	2000-09-01	288	kor	종교	기독교	교파	238						Owned	26-10-04 20:16	2026-10-4 19:19	
2025-10-29 19:43	BK-20251029-0530	9788932311470	예수가 외면한 그 한가지 질문 - 열린 종교를 위한 대화	오강남 (지은이)	현암사	2002-06-06	336	kor	종교	기독교	기독교	230.4	https://image.aladin.co.kr/product/36/15/cover500/8932311471_1.gif					Owned	26-10-04 20:16	2026-10-4 19:19	
2025-10-29 19:43	BK-20251029-0531	9788932311104	예수는 없다 - 기독교 뒤집어 읽기	오강남 (지은이)	현암사	2001-05-30	336	kor	종교	기독교	기독교	230.4	https://image.aladin.co.kr/product/28/7/cover500/8932311102_2.jpg					Owned	26-10-04 20:16	2026-10-4 19:19	
2025-10-29 19:43	BK-20251029-0532	9788988798218	최고경영자 예수 (JESUS CEO)	로리 베스 존스, 송경근 외 역	한언	2002-12-15	332	kor	사회과학	경제학	경영	325.3						Owned	26-10-04 20:16	2026-10-4 19:19	
2025-10-29 19:43	BK-20251029-0533	9788933107188	영원한 기쁨	성 알폰소 마리아 데 리구오리 (지은이), 이종훈 (옮긴이)	바오로딸(성바오로딸)	2004-06-20	174	kor	종교	기독교	교파	238.24	https://image.aladin.co.kr/product/50/6/cover500/8933107185_1.gif					Owned	26-10-04 20:16	2026-10-4 19:19	
2025-10-29 19:44	BK-20251029-0534	9788938810618	목적이 이끄는 삶 (양장)	릭 워렌 (지은이)	디모데	2005-04-25	430	kor	종교	기독교	종교신앙, 신앙록, 신앙생활	234						Owned	26-10-04 20:16	2026-10-4 19:19	
2025-10-29 19:49	BK-20251029-0535	9788982732188	모든 것은 기도에서 시작됩니다	마더 데레사 (지은이), 앤서니 스턴 (엮은이), 이해인 (옮긴이)	황금가지	1999-08-30	174	kor	종교	기독교	교파	238	https://image.aladin.co.kr/product/20/38/cover500/8982732187_2.jpg					Owned	26-10-04 20:16	2026-10-4 19:19	
2025-10-29 19:49	BK-20251029-0536	9788952745378	여자의 사랑이 남자를 바꿀 수 없다 - 당신을 괴롭히는 '나쁜 사랑'의 심리학	파트리시아 들라애 (지은이), 최내경 (옮긴이)	시공사	2006-12-13	272	kor	철학	심리학	각론	181.71	https://image.aladin.co.kr/product/86/61/cover500/895274537x_1.jpg	/NL/contents/search.do#viewKey=66950397&viewType=AH1				Owned	26-10-04 20:16	2026-10-4 19:19	
2025-10-29 19:49	BK-20251029-0537	9788985494724	아름다운 삶, 사랑 그리고 마무리	헬렌 니어링 (지은이), 이석태 (옮긴이)	보리	1997-10-15	248	kor	문학	영미문학	소설	843	https://image.aladin.co.kr/product/9/36/cover500/8985494724_2.jpg					Owned	26-10-04 20:16	2026-10-4 19:19	
2025-10-29 19:50	BK-20251029-0538	9788987999487	오프라 윈프리 - 신화가 된 여자	재닛 로우 (지은이), 신리나 (옮긴이)	청년정신	2002-03-25	270	kor	예술	공연예술, 매체예술	텔레비전극 및 시청각매체 방송 예술	687	https://image.aladin.co.kr/product/34/7/cover500/8987999483_1.gif					Owned	26-10-04 20:16	2026-10-4 19:19	
2025-10-29 19:50	BK-20251029-0539	9788965700609	멈추면, 비로소 보이는 것들 - 혜민 스님과 함께하는 내 마음 다시보기	혜민 (지은이), 이영철 (그림)	쌤앤파커스	2012-01-27	292	kor	종교	불교	불교	220.4	https://image.aladin.co.kr/product/1465/48/cover500/8965700604_2.jpg	/NL/contents/search.do#viewKey=CNTS-00078419777&viewType=C				Owned	26-10-04 20:16	2026-10-4 19:19	
2025-10-29 19:50	BK-20251029-0540	9788970900773	강한여자는 수채화처럼 산다	이정순 (지은이)	동아일보사	1994-10-01	414	kor	문학	한국문학	르포르타주 및 기타	818.6						Owned	26-10-04 20:16	2026-10-4 19:19	
2025-10-29 19:50	BK-20251029-0541	9788964561911	저는 분노 조절이 안 되는 호텔리어입니다	제이콥 톰스키 (지은이), 이현주 (옮긴이)	중앙M&B	2013-10-14	400	kor	문학	영미문학	수필	844	https://image.aladin.co.kr/product/3225/25/cover500/8964561910_1.jpg	/NL/contents/search.do#viewKey=186822748&viewType=AH1				Owned	26-10-04 20:16	2026-10-4 19:19	(596.81)에서 변경
2025-10-29 19:50	BK-20251029-0542	9788950913618	빌 브라이슨 발칙한 유럽산책 - 발칙한 글쟁이의 의외로 훈훈한 여행기	빌 브라이슨 (지은이), 권상미 (옮긴이)	21세기북스	2008-04-30	390	kor	역사	지리	유럽지리	982.02	https://image.aladin.co.kr/product/210/70/cover500/8950913615_3.jpg	/NL/contents/search.do#viewKey=86155772&viewType=AH1				Owned	26-10-04 20:16	2026-10-4 19:19	
2025-10-29 19:51	BK-20251029-0543	9788901156514	파리에선 그대가 꽃이다 - 시들한 내 삶에 선사하는 찬란하고 짜릿한 축제	손미나 (지은이)	웅진지식하우스	2013-07-23	424	kor	역사	지리	유럽지리	982.6302	https://image.aladin.co.kr/product/2898/37/cover500/8901156512_2.jpg	/NL/contents/search.do#viewKey=179778559&viewType=AH1				Owned	26-10-04 20:16	2026-10-4 19:19	
2025-10-29 19:51	BK-20251029-0544	9788965962205	라틴어 수업 (리커버) - 지적이고 아름다운 삶을 위한	한동일 (지은이)	흐름출판	2020-10-16	312	kor	문학	한국문학	수필	814	https://image.aladin.co.kr/product/25351/1/cover500/k732633600_1.jpg	/NL/contents/search.do#viewKey=378941865&viewType=AH1				Owned	26-10-04 20:16	2026-10-4 19:19	(792.2)에서 변경
2025-10-29 20:02	BK-20251029-0545	9788991799400	번역의 탄생 - 한국어가 바로 서는 살아 있는 번역 강의	이희재 (지은이)	교양인	2009-02-09	412	kor	언어	언어	언어학	701.7	https://image.aladin.co.kr/product/323/15/cover500/899179940x_2.jpg	/NL/contents/search.do#viewKey=94674878&viewType=AH1				Owned	26-10-04 20:16	2026-10-4 19:19	
2025-10-29 20:03	BK-20251029-0546	9788993905373	한비자 (양장) - 제왕학의 영원한 성전	한비 (지은이), 김원중 (옮긴이)	글항아리	2010-10-11	600	kor	철학	동양철학, 동양사상	중국 철학, 사상	152.25	https://image.aladin.co.kr/product/787/82/cover500/8993905371_1.jpg	/NL/contents/search.do#viewKey=113533395&viewType=AH1				Owned	26-10-04 20:16	2026-10-4 19:19	
2025-10-29 20:03	BK-20251029-0547	9788971393185	노자의 목소리로 듣는 도덕경	최진석 (지은이)	소나무	2001-12-20	556	kor	철학	동양철학, 동양사상	중국 철학, 사상	152.222	https://image.aladin.co.kr/product/32/27/cover500/8971393181_2.jpg	/NL/contents/search.do#viewKey=592967362&viewType=AH1				Owned	26-10-04 20:16	2026-10-4 19:19	
2025-10-29 20:04	BK-20251029-0548	9780394805726	There's a Boy in the Girls' Bathroom (Paperback)	루이스 새커 (지은이)	Yearling Books	1988-08-12	224	eng	문학	영미문학	소설	843	https://image.aladin.co.kr/product/106/31/cover500/039480572f_1.jpg	/NL/contents/search.do#viewKey=103396180&viewType=AH1				Owned	26-10-04 20:16	2026-10-4 19:19	듀이(813.54)에서 변경
2025-10-29 20:04	BK-20251029-0549	9780688161330	The Chocolate Touch (Paperback) - 『미다스의 초콜릿』원서	패트릭 스킨 카틀링 (지은이), 마곳 애플 (그림)	Harpercollins Childrens Books	2006-05-23	128	eng	문학	영미문학	소설	843	https://image.aladin.co.kr/product/153/65/cover500/9780688161330_1.jpg					Owned	26-10-04 20:16	2026-10-4 19:19	
2025-10-29 20:05	BK-20251029-0550	9788956053295	Matilda (원서 읽는 단어장 : Paperback)	마이클 앨렌 마이즈너 (지은이)	롱테일북스	2009-03-02	136	eng	언어	영어	어휘	744	https://image.aladin.co.kr/product/338/88/cover500/8956053294_1.jpg	/NL/contents/search.do#viewKey=97730565&viewType=AH1				Owned	26-10-04 20:16	2026-10-4 19:19	
2025-10-29 20:05	BK-20251029-0551	9791199015876	강철 멘탈 필사노트 - 필사하며 명언과 영단어를 익히는 신개념 교양 학습서	정승익 (지은이), 최혜영, Isaac Smith (감수)	NEVER GIVE UP(네버기브업)	2025-02-12	256	kor	언어	영어	독본, 해석, 회화	747.5	https://image.aladin.co.kr/product/35712/23/cover500/k042036220_1.jpg					Owned	26-10-04 20:16	2026-10-4 19:19	
2025-10-29 21:26	BK-20251029-0552	9780374464523	7 X 9 = Trouble! (Paperback)	클로디아 밀스 (지은이), G. 브라이언 카라스 (그림)	Farrar Straus & Giroux	2004-09-10	103	eng	문학	영미문학	소설	843	https://image.aladin.co.kr/product/145/43/cover500/0374464529_1.jpg					Owned	26-10-04 20:16	2026-10-4 19:19	원본확인필요
2025-10-29 21:26	BK-20251029-0553	9788946415454	이 집은 누구인가 - 건축가 김진애의 사람 사는 집에 대한 열두 가지 생각	김진애 (지은이)	샘터사	2006-04-20	338	kor	기술과학	건축, 건축학	건축, 건축학	540.4	https://image.aladin.co.kr/product/64/53/cover500/8946415452_1.jpg					Owned	26-10-04 20:16	2026-10-4 19:19	
2025-10-29 21:29	BK-20251029-0554	9788931551341	키노트 기본 + 활용 실무테크닉 - 최고의 프레젠테이션을 위한	전용문 (지은이)	성안당	2011-09-08	320	kor	총류	총류	프로그래밍, 프로그램, 데이터	005.55	https://image.aladin.co.kr/product/1296/90/cover500/8931551347_1.jpg	/NL/contents/search.do#viewKey=140155166&viewType=AH1				Owned	26-10-04 20:16	2026-10-4 19:19	
2025-10-29 21:29	BK-20251029-0555	9788991767621	엑셀 파워포인트 좀하는 직장인에게 권하는 엑셀차트기술 2003 + 2007	최준선 (지은이)	멘토르	2008-01-25	504	kor	총류	총류	프로그래밍, 프로그램, 데이터	005.3	https://image.aladin.co.kr/product/169/94/cover500/8991767621_1.jpg	/NL/contents/search.do#viewKey=80594132&viewType=AH1				Owned	26-10-04 20:16	2026-10-4 19:19	
2025-10-29 21:29	BK-20251029-0556	9788991767911	엑셀 좀 하는 직장인에게 권하는 엑셀 데이터 분석 & 예측 기술	최준선 (지은이)	멘토르	2008-07-01	624	kor	총류	총류	프로그래밍, 프로그램, 데이터	005.3	https://image.aladin.co.kr/product/229/57/cover500/8991767915_1.jpg	/NL/contents/search.do#viewKey=87029968&viewType=AH1				Owned	26-10-04 20:16	2026-10-4 19:19	
2025-10-29 21:29	BK-20251029-0557	9791169212304	일잘러의 비밀, 구글 스프레드시트 제대로 파헤치기 - 구글 스프레드시트로 엑셀 밟고 칼퇴하자!!, 개정판	강남석 (지은이)	한빛미디어	2024-06-03	512	kor	총류	총류	프로그래밍, 프로그램, 데이터	005.53	https://image.aladin.co.kr/product/33990/6/cover500/k732930546_1.jpg	/NL/contents/search.do#viewKey=1045224944&viewType=AH1				Owned	26-10-04 20:16	2026-10-4 19:19	
2025-10-29 21:29	BK-20251029-0558	9781118642184	101 Excel 2013 Tips, Tricks and Timesavers (Paperback)	John Walkenbach (지은이)	John Wiley & Sons Inc	2013-07-01	320	eng	총류	총류	프로그래밍, 프로그램, 데이터	005.53	https://image.aladin.co.kr/product/2281/1/cover500/111864218x_1.jpg					Owned	26-10-04 20:16	2026-10-4 19:19	
2025-10-29 21:30	BK-20251029-0559	9781118490365	Excel 2013 Bible (Paperback)	John Walkenbach (지은이)	John Wiley & Sons Inc	2013-03-04	1056	eng	총류	총류	프로그래밍, 프로그램, 데이터	005.53	https://image.aladin.co.kr/product/2001/60/cover500/1118490363_1.jpg					Owned	26-10-04 20:16	2026-10-4 19:19	
2025-10-29 21:30	BK-20251029-0560	9780201076165	Exploratory Data Analysis (Paperback)	John W. Tukey (지은이)	Pearson College Div	1977-01-01	688	eng	자연과학	수학	통계학	413	https://image.aladin.co.kr/product/894/92/cover500/0201076160_1.jpg					Owned	26-10-04 20:16	2026-10-4 19:19	
2025-10-29 21:30	BK-20251029-0561	9781594204111	The Signal and the Noise: Why So Many Predictions Fail-But Some Don't (Hardcover) - Why Most Predictions Fail-but Some Don't	네이트 실버 (지은이)	Penguin Group USA	2012-09-27	544	eng	자연과학	수학	통계학	413.85	https://image.aladin.co.kr/product/1600/32/cover500/159420411x_2.jpg	/NL/contents/search.do#viewKey=176245543&viewType=AH1				Owned	26-10-04 20:16	2026-10-4 19:19	듀이(519.542)에서 변경
2025-10-29 21:31	BK-20251029-0562	9788966187584	신호와 소음 - 미래는 어떻게 당신 손에 잡히는가	네이트 실버 (지은이), 이경식 (옮긴이)	더퀘스트	2014-07-11	764	kor	자연과학	수학	통계학	413.85	https://image.aladin.co.kr/product/4273/98/cover500/8966187587_3.jpg	/NL/contents/search.do#viewKey=220259004&viewType=AH1				Owned	26-10-04 20:16	2026-10-4 19:19	(331.541)에서 변경
2025-10-29 21:31	BK-20251029-0563	9788972914570	춤추는 술고래의 수학 이야기	레너드 믈로디노프 (지은이), 이덕환 (옮긴이)	까치	2009-03-25	312	kor	자연과학	수학	통계학	413.1	https://image.aladin.co.kr/product/350/52/cover500/8972914576_2.jpg	/NL/contents/search.do#viewKey=98000137&viewType=AH1				Owned	26-10-04 20:16	2026-10-4 19:19	
2025-10-29 21:31	BK-20251029-0564	9788938640000	선형대수학 - 삼정판	이일해 (지은이)	사이텍미디어(희중당)	1996-08-01	356	kor	자연과학	수학	대수학	412.85						Owned	26-10-04 20:16	2026-10-4 19:19	
2025-10-29 21:31	BK-20251029-0565	9780155510074	Linear Algebra and Its Applications	Gilbert Strang	Harcourt Brace Jovanovich	1988-01-01	520	eng	자연과학	수학	대수학	412	https://image.aladin.co.kr/product/10417/32/cover500/0155510053_2.jpg					Owned	26-10-04 20:16	2026-10-4 19:19	
2025-10-29 21:31	BK-20251029-0566	9791195526123	세계적인 투자은행의 엑셀 업무 활용법	쿠마노 히토시 (지은이), 김용화 (옮긴이)	아이스토리(ISTORY)	2016-02-22	208	kor	총류	총류	프로그래밍, 프로그램, 데이터	005.53	https://image.aladin.co.kr/product/7818/66/cover500/k132434428_1.jpg	/NL/contents/search.do#viewKey=269656167&viewType=AH1				Owned	26-10-04 20:16	2026-10-4 19:19	
2025-10-29 21:32	BK-20251029-0567	9788901057415	누구나 쓸 수 있는 엑셀함수 필살기	이동숙 (지은이)	NEWRUN(뉴런)	2006-05-27	335	kor	총류	총류	프로그래밍, 프로그램, 데이터	005.53	https://image.aladin.co.kr/product/65/83/cover500/8901057417_1.jpg					Owned	26-10-04 20:16	2026-10-4 19:19	
2025-10-29 21:32	BK-20251029-0568	9788901056296	엑셀 필살기	이동숙 (지은이)	NEWRUN(뉴런)	2006-04-05	320	kor	총류	총류	프로그래밍, 프로그램, 데이터	005.53	https://image.aladin.co.kr/product/63/61/cover500/8901056291_1.jpg					Owned	26-10-04 20:16	2026-10-4 19:19	
2025-10-29 21:33	BK-20251029-0569	9788955982060	웃으며 찾는 엑셀 매크로 & VBA 활용 사전 212	선양미, 웰기획 (지은이)	사이버출판사	2007-06-30	448	kor	총류	총류	프로그래밍, 프로그램, 데이터	005.53	https://image.aladin.co.kr/product/93/65/cover500/8955982062_1.jpg	/NL/contents/search.do#viewKey=72809491&viewType=AH1				Owned	26-10-04 20:16	2026-10-4 19:19	(005.3)에서 변경
2025-10-29 21:33	BK-20251029-0570	9791156562955	수학의 마술 The magic of math 1 - 생각하는 힘을 길러주는 수학의 바이블	아서 벤저민 (지은이), 이경희, 윤미선, 김은현, 성지현 (옮긴이)	한솔아카데미	2016-03-21	206	kor	자연과학	수학	수학	410	https://image.aladin.co.kr/product/7974/76/cover500/k082434337_1.jpg	/NL/contents/search.do#viewKey=278775677&viewType=AH1				Owned	26-10-04 20:16	2026-10-4 19:19	
2025-10-29 21:33	BK-20251029-0571	9791156562962	수학의 마술 The magic of math 2 - 생각하는 힘을 길러주는 수학의 바이블	아서 벤저민 (지은이), 이경희, 윤미선, 김은현, 성지현 (옮긴이)	한솔아카데미	2016-03-21	206	kor	자연과학	수학	수학	410	https://image.aladin.co.kr/product/7974/98/cover500/k272434337_1.jpg	/NL/contents/search.do#viewKey=278775677&viewType=AH1				Owned	26-10-04 20:16	2026-10-4 19:19	
2025-10-29 21:33	BK-20251029-0572	9788961057097	8일간의 선형대수학	박부성 (지은이)	경문사(경문북스)	2014-03-05	140	kor	자연과학	수학	대수학	412.85	https://image.aladin.co.kr/product/3844/5/cover500/896105709x_1.jpg	/NL/contents/search.do#viewKey=206762871&viewType=AH1				Owned	26-10-04 20:16	2026-10-4 19:19	
2025-10-29 21:33	BK-20251029-0573	9788961058711	선형대수학 (서지 랭)	서지 랭 (지은이), 정자아 (옮긴이)	경문사(경문북스)	2015-03-16	378	kor	자연과학	수학	대수학	412.85	https://image.aladin.co.kr/product/5478/38/cover500/8961058711_1.jpg	/NL/contents/search.do#viewKey=243734034&viewType=AH1				Owned	26-10-04 20:16	2026-10-4 19:19	
2025-10-29 21:34	BK-20251029-0574	9788935640379	수학독본 1	마츠자카 가즈오 (지은이), 김태성 (옮긴이)	한길사	1994-01-01	236	kor	자연과학	수학	수학	410	https://image.aladin.co.kr/product/29/96/cover500/8935640379_1.jpg					Owned	26-10-04 20:16	2026-10-4 19:19	
2025-10-29 21:34	BK-20251029-0575	9788935640386	수학독본 2	마츠자카 가즈오 (지은이), 김태성 (옮긴이)	한길사	1994-01-01	236	kor	자연과학	수학	수학	410	https://image.aladin.co.kr/product/29/96/cover500/8935640387_1.jpg					Owned	26-10-04 20:16	2026-10-4 19:19	
2025-10-29 21:34	BK-20251029-0576	9788935640393	수학독본 3	마츠자카 가즈오 (지은이), 김태성 (옮긴이)	한길사	1995-04-05	718	kor	자연과학	수학	수학	410	https://image.aladin.co.kr/product/29/96/cover500/8935640395_1.jpg					Owned	26-10-04 20:16	2026-10-4 19:19	
2025-10-29 21:34	BK-20251029-0577	9788935640409	수학독본 4	마츠자카 가즈오 (지은이), 김태성 (옮긴이)	한길사	1995-04-05	1016	kor	자연과학	수학	수학	410	https://image.aladin.co.kr/product/29/96/cover500/8935640409_1.jpg					Owned	26-10-04 20:16	2026-10-4 19:19	
2025-10-29 21:34	BK-20251029-0578	9788935640416	수학독본 5	마츠자카 가즈오 (지은이), 김태성 (옮긴이)	한길사	1994-01-01	236	kor	자연과학	수학	수학	410	https://image.aladin.co.kr/product/29/96/cover500/8935640417_1.jpg					Owned	26-10-04 20:16	2026-10-4 19:19	
2025-10-29 21:34	BK-20251029-0579	9788935640423	수학독본 6	마츠자카 가즈오 (지은이), 김태성 (옮긴이)	한길사	1994-01-20	1570	kor	자연과학	수학	수학	410	https://image.aladin.co.kr/product/24/57/cover500/8935640425_1.jpg					Owned	26-10-04 20:16	2026-10-4 19:19	
2025-10-29 21:35	BK-20251029-0580	9780471360094	Value Nets: Breaking the Supply Chain to Unlock Hidden Profits (Hardcover)	David Bovet, Joseph Martha (지은이)	Wiley	2000-05-24	270	eng	사회과학	경제학	상업, 교통, 통신	326	https://image.aladin.co.kr/product/4261/59/cover500/0471360090_1.jpg					Owned	26-10-04 20:16	2026-10-4 19:19	
2025-10-29 21:35	BK-20251029-0581	9788977660755	라이딩 샷건 CEO-COO	네이선 베넷, 스티븐 A. 마일즈 (지은이), 최경남 (옮긴이)	다른세상	2007-09-03	342	kor	사회과학	경제학	경영	325	https://image.aladin.co.kr/product/97/79/cover500/8977660750_1.jpg	/NL/contents/search.do#viewKey=CNTS-00093276385&viewType=C				Owned	26-10-04 20:16	2026-10-4 19:19	
2025-10-29 21:35	BK-20251029-0582	9788986698275	필립 코틀러의 미래형 마케팅 - 세종마케팅총서 3	필립 코틀러 (지은이), 김정구 (옮긴이)	세종연구원	1999-12-30	386	kor	사회과학	경제학	상업, 교통, 통신	326	https://image.aladin.co.kr/product/21/69/cover500/8986698277_1.jpg					Owned	26-10-04 20:16	2026-10-4 19:19	
2025-10-29 21:35	BK-20251029-0583	9788984070226	거리의 소멸, 디지털 혁명	프랜시스 케언크로스 (지은이), 홍석기 (옮긴이)	세종(세종서적)	1999-10-05	408	kor	사회과학	경제학	경제학	320.4	https://image.aladin.co.kr/product/20/89/cover500/898407022x_1.gif	/NL/contents/search.do#viewKey=CNTS-00030136166&viewType=C				Owned	26-10-04 20:16	2026-10-4 19:19	
2025-10-29 21:35	BK-20251029-0584	9788984070080	가상사회와 전자상거래	존 하겔 3세, 아더 암스트롱 (지은이), 한영주 (옮긴이)	세종(세종서적)	1999-02-15	304	kor	사회과학	경제학	경영	325.1	https://image.aladin.co.kr/product/0/31/cover500/8984070084_1.gif	/NL/contents/search.do#viewKey=CNTS-00030135949&viewType=C				Owned	26-10-04 20:16	2026-10-4 19:19	
2025-10-29 21:36	BK-20251029-0585	9788984072985	경영의 미래	게리 해멀, 빌 브린 (지은이), 권영설, 김종식, 신희철 (옮긴이)	세종(세종서적)	2009-02-25	303	kor	사회과학	경제학	경영	325.1	https://image.aladin.co.kr/product/335/59/cover500/8984072982_1.jpg	/NL/contents/search.do#viewKey=CNTS-00071067353&viewType=C				Owned	26-10-04 20:16	2026-10-4 19:19	
2025-10-29 21:36	BK-20251029-0586	9788935204304	프로페셔널의 조건	피터 드러커 (지은이), 이재규 (옮긴이)	청림출판	2001-01-31	386	kor	사회과학	경제학	경영	325	https://image.aladin.co.kr/product/26/41/cover500/8935204307_2.jpg					Owned	26-10-04 20:16	2026-10-4 19:19	
2025-10-29 21:36	BK-20251029-0587	9788935204434	변화 리더의 조건	피터 드러커 (지은이), 이재규 (옮긴이)	청림출판	2001-04-10	410	kor	사회과학	경제학	경영	325	https://image.aladin.co.kr/product/27/24/cover500/8935204439_1.gif					Owned	26-10-04 20:16	2026-10-4 19:19	
2025-10-29 21:36	BK-20251029-0588	9788990872494	히든 챔피언 (특별보급판) - 세계시장을 제패한 숨은 1등 기업의 비밀	헤르만 지몬 (지은이), 이미옥 (옮긴이), 유필화 (감수)	흐름출판	2008-10-06	558	kor	사회과학	경제학	기업경제	324.3	https://image.aladin.co.kr/product/263/97/cover500/8990872499_1.jpg	/NL/contents/search.do#viewKey=177090614&viewType=AH1				Owned	26-10-04 20:16	2026-10-4 19:19	
2025-10-29 21:37	BK-20251029-0589	9788960773448	In The Plex 0과 1로 세상을 바꾸는 구글, 그 모든 이야기	스티븐 레비 (지은이), 위민복 (옮긴이), 박기성 (감수)	에이콘출판	2012-09-21	596	kor	사회과학	경제학	경영	325.1	https://image.aladin.co.kr/product/1959/18/cover500/8960773441_2.jpg	/NL/contents/search.do#viewKey=155962813&viewType=AH1				Owned	26-10-04 20:16	2026-10-4 19:19	
2025-10-29 21:37	BK-20251029-0590	9788925550510	착각하는 CEO - 직관의 오류를 깨뜨리는 심리의 모든 것	유정식 (지은이)	알에이치코리아(RHK)	2013-06-17	592	kor	사회과학	경제학	경영	325.24	https://image.aladin.co.kr/product/2777/66/cover500/8925550512_1.jpg	/NL/contents/search.do#viewKey=177363022&viewType=AH1				Owned	26-10-04 20:16	2026-10-4 19:19	
2025-10-29 21:37	BK-20251029-0591	9788934910640	성공하는 기업들의 8가지 습관	제리 포라스, 짐 콜린스 (지은이), 워튼포럼 (옮긴이)	김영사	2002-10-10	472	kor	사회과학	경제학	경영	325.04	https://image.aladin.co.kr/product/38/16/cover500/893491064x_2.jpg					Owned	26-10-04 20:16	2026-10-4 19:19	
2025-10-29 21:37	BK-20251029-0592	9788986320527	아메바 경영	미야 히로시, 타니 타케유키, 카고노 타다오 (지은이), 신근수 (옮긴이)	한송	2006-08-25	276	kor	사회과학	경제학	경영	325	https://image.aladin.co.kr/product/68/93/cover500/8986320525_1.jpg					Owned	26-10-04 20:16	2026-10-4 19:19	
2025-10-29 21:38	BK-20251029-0593	9788956590967	이나모리 가즈오의 아메바 경영	이나모리 가즈오 (지은이), 우성주 (옮긴이)	예문	2007-04-30	256	kor	사회과학	경제학	경영	325.1	https://image.aladin.co.kr/product/91/6/cover500/8956590966_2.jpg	/NL/contents/search.do#viewKey=70773505&viewType=AH1				Owned	26-10-04 20:16	2026-10-4 19:19	
2025-10-29 21:38	BK-20251029-0594	9788957635353	토요타 사람들은 어떻게 일을 할까?	이시이 스미에 (지은이), 신현호 (옮긴이)	디앤씨미디어(주)(D&C미디어)	2005-10-25	216	kor	사회과학	경제학	경영	325.1	https://image.aladin.co.kr/product/59/26/cover500/8957635351_1.jpg					Owned	26-10-04 20:16	2026-10-4 19:19	
2025-10-29 21:38	BK-20251029-0595	9788952746160	주식시장을 이기는 작은책	조엘 그린블라트 (지은이), 안진환 (옮긴이)	시공사	2006-05-12	240	kor	사회과학	경제학	금융	327.85	https://image.aladin.co.kr/product/64/82/cover500/8952746163_1.jpg					Owned	26-10-04 20:16	2026-10-4 19:19	
2025-10-29 21:38	BK-20251029-0596	9780060555665	Intelligent Investor: The Definitive Book on Value Investing (Paperback, Revised) - 벤저민 그레이엄 '현명한 투자자' 원서	벤저민 그레이엄, 제이슨 츠바이크 (지은이)	Harper Collins	2003-07-08	640	eng	사회과학	경제학	금융	327.856	https://image.aladin.co.kr/product/92/80/cover500/006055566f_1.jpg					Owned	26-10-04 20:16	2026-10-4 19:19	
2025-10-29 21:38	BK-20251029-0597	9788990966391	난 은행적금보다 주식저축이 더 좋다	김대중 (지은이)	원앤원북스	2005-01-25	224	kor	사회과학	경제학	금융	327.85	https://image.aladin.co.kr/product/53/90/cover500/8990966396_1.jpg	/NL/contents/search.do#viewKey=CNTS-00030145066&viewType=C				Owned	26-10-04 20:16	2026-10-4 19:19	
2025-10-29 21:39	BK-20251029-0598	9788959242733	부자들의 개인 도서관 - 돈버는 모든 원리가 숨어 있는곳	이상건 (지은이)	랜덤하우스코리아	2005-04-22	312	kor	사회과학	경제학	금융	327.04	https://image.aladin.co.kr/product/55/68/cover500/895924273x_2.jpg					Owned	26-10-04 20:16	2026-10-4 19:19	
2025-10-29 21:39	BK-20251029-0599	9788991378032	보수적인 투자자는 마음이 편하다	필립 피셔 (지은이), 박정태 (옮긴이)	굿모닝북스	2005-07-10	206	kor	사회과학	경제학	금융	327	https://image.aladin.co.kr/product/56/99/cover500/899137803x_2.jpg					Owned	26-10-04 20:16	2026-10-4 19:19	
2025-10-29 21:39	BK-20251029-0600	9788989353980	돈, 뜨겁게 사랑하고 차갑게 다루어라	앙드레 코스톨라니 (지은이), 김재경 (옮긴이)	미래의창	2005-10-15	276	kor	사회과학	경제학	금융	327.85	https://image.aladin.co.kr/product/58/64/cover500/898935398x_1.jpg					Owned	26-10-04 20:16	2026-10-4 19:19	
2025-10-29 21:39	BK-20251029-0601	9788952208941	워렌 버핏처럼 재무제표 읽는 법 - 꼭 사야 할 기업과 절대 사지 말아야 할 기업	이민주 (지은이)	살림Biz	2008-05-28	352	kor	사회과학	경제학	경영	325.93	https://image.aladin.co.kr/product/219/68/cover500/8952208943_1.jpg	/NL/contents/search.do#viewKey=85458822&viewType=AH1				Owned	26-10-04 20:16	2026-10-4 19:19	
2025-10-29 21:40	BK-20251029-0602	9780471445500	Common Stocks and Uncommon Profits and Other Writings (Paperback)	필립 피셔 (지은이)	John Wiley & Sons Inc	2003-08-29	292	eng	사회과학	경제학	금융	327	https://image.aladin.co.kr/product/138/28/cover500/0471445509_2.jpg					Owned	26-10-04 20:16	2026-10-4 19:19	
2025-10-29 21:40	BK-20251029-0603	9788990831156	워렌 버핏의 실전 주식투자	데이비드 클라크, 메리 버핏 (지은이), 최준철 (옮긴이)	이콘	2005-04-25	344	kor	사회과학	경제학	금융	327	https://image.aladin.co.kr/product/55/75/cover500/8990831156_2.jpg					Owned	26-10-04 20:16	2026-10-4 19:19	
2025-10-29 21:40	BK-20251029-0604	9788990831057	한국형 가치투자 전략	최준철, 김민국 (지은이)	이콘	2004-02-13	383	kor	사회과학	경제학	금융	327.856	https://image.aladin.co.kr/product/46/60/cover500/8990831059_1.jpg					Owned	26-10-04 20:16	2026-10-4 19:19	
2025-10-29 21:40	BK-20251029-0605	9788935205943	버블 붐 - 세계 경제 대예측 2005~2009	해리 S. 덴트 (지은이), 최태희 (옮긴이)	청림출판	2005-02-05	432	kor	사회과학	경제학	경제학	320.942	https://image.aladin.co.kr/product/54/8/cover500/893520594x_1.jpg					Owned	26-10-04 20:16	2026-10-4 19:19	
2025-10-29 21:40	BK-20251029-0606	9788995709856	주식시장의 영원한 고수익 테마들	조엘 그린블라트 (지은이), 서지원 (옮긴이), 하상주 (감수)	돈키호테	2006-12-26	304	kor	사회과학	경제학	금융	327	https://image.aladin.co.kr/product/86/75/cover500/8995709855_1.jpg					Owned	26-10-04 20:16	2026-10-4 19:19	
2025-10-29 22:04	BK-20251029-0607	9791197518553	Banksy 	글: 알레산드라 마탄자 옮긴이: 정다은	Pensel	2022-01-01	239	kor	예술	회화, 도화, 디자인	시대별 및 국별 회화	653		/NL/contents/search.do#viewKey=1322541492&viewType=AH1				Owned	26-10-04 20:16	2026-10-4 19:19	수작업입력
2025-10-29 22:05	BK-20251029-0608	9788949120775	줄무늬 파자마를 입은 소년	존 보인 (지은이), 정회성 (옮긴이)	비룡소	2007-07-20	342	kor	문학	영미문학	소설	843	https://image.aladin.co.kr/product/94/61/cover500/8949120771_1.jpg	/NL/contents/search.do#viewKey=73324673&viewType=AH1				Owned	26-10-04 20:16	2026-10-4 19:19	
2025-10-29 22:21	BK-20251029-0609	9788995242445	낙천주의자 캉디드	볼떼르 (지은이), 최복현 (옮긴이)	아테네	2003-09-10	304	kor	문학	프랑스문학	소설	863	https://image.aladin.co.kr/product/43/22/cover500/8995242442_1.gif					Owned	26-10-04 20:16	2026-10-4 19:19	
2025-10-29 22:21	BK-20251029-0610	9788956606613	원숭이와 게의 전쟁	요시다 슈이치 (지은이), 이영미 (옮긴이)	은행나무	2012-12-19	556	kor	문학	일본문학 및 기타 아시아 제문학	소설	833.6	https://image.aladin.co.kr/product/2156/38/cover500/8956606617_1.jpg	/NL/contents/search.do#viewKey=159809063&viewType=AH1				Owned	26-10-04 20:16	2026-10-4 19:19	
2025-10-29 22:21	BK-20251029-0611	9788987180724	은하철도의 밤 - 미야자와 겐지 걸작선	미야자와 겐지 (지은이), 이선희 (옮긴이)	바다출판사	2000-12-10	264	kor	문학	일본문학 및 기타 아시아 제문학	소설	833	https://image.aladin.co.kr/product/25/91/cover500/8987180727_1.gif					Owned	26-10-04 20:16	2026-10-4 19:19	
2025-10-29 22:22	BK-20251029-0612	9788937422188	방드르디, 태평양의 끝	미셸 투르니에 (지은이), 김화영 (옮긴이)	민음사	1995-08-01	372	kor	문학	프랑스문학	소설	863	https://image.aladin.co.kr/product/5/80/cover500/8937422182_1.gif					Owned	26-10-04 20:16	2026-10-4 19:19	
2025-10-29 22:23	BK-20251029-0613	9788930704366	고리오 영감	오노레 드 발자크 (지은이), 신동진 (옮긴이)	청목(청목사)	1990-03-01	330	kor	문학	프랑스문학	소설	863	https://image.aladin.co.kr/product/1/3/cover500/8930704360_1.gif	/NL/contents/search.do#viewKey=CNTS-00030536548&viewType=C				Owned	26-10-04 20:16	2026-10-4 19:19	
2025-10-29 22:23	BK-20251029-0614	9788970130156	페스트	알베르 카뮈 (지은이)	책세상	1992-10-01	350	kor	문학	프랑스문학	소설	863						Owned	26-10-04 20:16	2026-10-4 19:19	
2025-10-29 22:23	BK-20251029-0615	9788970130026	이방인	알베르 카뮈 (지은이), 김화영 (옮긴이)	책세상	1987-12-10	237	kor	문학	프랑스문학	소설	863			KMO198802225			Owned	26-10-04 20:16	2026-10-4 19:19	수작업입력
2025-10-29 23:28	BK-20251029-0616	9788947525602	경영의 실제	피터 드러커 (지은이), 이재규 (옮긴이)	한국경제신문	2006-02-20	574	kor	사회과학	경제학	경영	325	https://image.aladin.co.kr/product/62/26/cover500/894752560x_1.jpg					Owned	26-10-04 20:16	2026-10-4 19:19	
2025-10-29 23:28	BK-20251029-0617	9788960860155	미래의 물결 - 자크 아탈리	자크 아탈리 (지은이), 양영란 (옮긴이)	위즈덤하우스	2007-04-14	388	kor	사회과학	사회학, 사회문제	사회학	331.54	https://image.aladin.co.kr/product/90/73/cover500/8960860158_1.jpg	/NL/contents/search.do#viewKey=70975139&viewType=AH1				Owned	26-10-04 20:16	2026-10-4 19:19	
2025-10-29 23:29	BK-20251029-0618	9788988925546	금융투기의 역사 - 튤립투기에서 인터넷 버블까지	에드워드 챈슬러 (지은이), 강남규 (옮긴이)	국일증권경제연구소	2001-06-20	519	kor	사회과학	경제학	금융	327.8309	https://image.aladin.co.kr/product/28/25/cover500/8988925548_2.jpg	/NL/contents/search.do#viewKey=CNTS-00030144384&viewType=C				Owned	26-10-04 20:16	2026-10-4 19:19	
2025-10-29 23:29	BK-20251029-0619	9788984053090	초우량 기업의 조건 - 기업 경영을 지배하는 불변의 원칙 8가지	톰 피터스, 로버트 워터맨 (지은이), 이동현 (옮긴이)	더난출판사	2005-07-11	550	kor	사회과학	경제학	경영	325	https://image.aladin.co.kr/product/56/97/cover500/8984053090_1.jpg					Owned	26-10-04 20:16	2026-10-4 19:19	
2025-10-29 23:35	BK-20251029-0620	9788925512433	부의 기원 - 최첨단 경제학과 과학이론이 밝혀낸 부의 원천과 진화	에릭 바인하커 (지은이), 안현실, 정성철 (옮긴이)	랜덤하우스코리아	2007-08-27	812	kor	사회과학	경제학	경제학	320.1	https://image.aladin.co.kr/product/97/56/cover500/8925512432_1.jpg	/NL/contents/search.do#viewKey=75525975&viewType=AH1				Owned	26-10-04 20:16	2026-10-4 19:19	
2025-10-30 0:57	BK-20251030-0621	9788988092378	조직설계 방법론 - 확대개정판, 전략.구조.프로세스 통합을 위한	제이 R. 갈브레이스 (지은이), 정재상, 김현주 (옮긴이), 김영배 (감수)	시그마인사이트컴	2005-06-15	272	kor	사회과학	경제학	경영	325.2	https://image.aladin.co.kr/product/56/47/cover500/8988092376_1.jpg					Owned	26-10-04 20:16	2026-10-4 19:19	
2025-10-30 0:57	BK-20251030-0622	9788927804581	인센티브와 무임승차 - 성공전략은 왜 성공하지 못했을까	마야 보발레 (지은이), 권지현 (옮긴이)	중앙books(중앙북스)	2013-07-31	216	kor	사회과학	경제학	경영	325.1	https://image.aladin.co.kr/product/2942/86/cover500/8927804589_1.jpg	/NL/contents/search.do#viewKey=178332315&viewType=AH1				Owned	26-10-04 20:16	2026-10-4 19:19	
2025-10-30 0:57	BK-20251030-0623	9788989797036	몽키 비즈니스 - 경영자도 살고 회사고 살고 직원도 사는,	윌리엄 언컨 3세 (지은이),한창수 (옮긴이)	예지(Wisdom)	2007-04-15	198	kor	사회과학	경제학	경영	325.21	https://image.aladin.co.kr/product/38388/79/cover500/k652135562_2.jpg					Owned	26-10-04 20:16	2026-10-4 19:19	
2025-10-30 0:57	BK-20251030-0624	9788992060141	피드백 이야기 - 사람을 움직이는 힘	리처드 윌리엄스 (지은이), 고원 (옮긴이)	토네이도	2007-02-28	240	kor	사회과학	경제학	경영	325.345	https://image.aladin.co.kr/product/88/50/cover500/8992060149_1.jpg	/NL/contents/search.do#viewKey=67803557&viewType=AH1				Owned	26-10-04 20:16	2026-10-4 19:19	
2025-10-30 0:57	BK-20251030-0625	9788992060714	매력 있는 팀장은 피드백이 다르다	켄 로이드 (지은이), 이아린 (옮긴이)	토네이도	2008-11-17	248	kor	사회과학	경제학	경영	325.345	https://image.aladin.co.kr/product/282/39/cover500/8992060718_1.jpg	/NL/contents/search.do#viewKey=91570943&viewType=AH1				Owned	26-10-04 20:16	2026-10-4 19:19	
2025-10-30 0:58	BK-20251030-0626	9788962603101	팀장의 동기부여 - 부하직원의 열정과 성과를 끌어올리는 방법, 동기부여	패트릭 포사이스 (지은이), 한수영 (옮긴이)	비즈니스맵	2011-07-22	241	kor	사회과학	경제학	경영	325.345	https://image.aladin.co.kr/product/1256/1/cover500/8962603101_1.jpg	/NL/contents/search.do#viewKey=138718114&viewType=AH1				Owned	26-10-04 20:16	2026-10-4 19:19	
2025-10-30 0:58	BK-20251030-0627	9788996348214	성과를 내는 기술 - 하는 일마다 결과를 만들어내는 성공 리더의 구체적이고 실천적인 방법	김기남 (지은이)	지식공간	2010-04-01	220	kor	사회과학	경제학	경영	325.04	https://image.aladin.co.kr/product/672/55/cover500/899634821x_1.jpg	/NL/contents/search.do#viewKey=108106875&viewType=AH1				Owned	26-10-04 20:16	2026-10-4 19:19	
2025-10-30 0:58	BK-20251030-0628	9788959890866	리더십 파이프라인 - 강한 조직을 만드는 GE식 인재양성 프로그램	램 차란, 스테픈 드로터, 제임스 노엘 (지은이), 한근태 (옮긴이)	미래의창	2008-04-15	375	kor	사회과학	경제학	경영	325.21	https://image.aladin.co.kr/product/206/86/cover500/8959890863_1.jpg	/NL/contents/search.do#viewKey=84823981&viewType=AH1				Owned	26-10-04 20:16	2026-10-4 19:19	
2025-10-30 0:58	BK-20251030-0629	9788992307451	팀워크 심리학	대니얼 레비 (지은이), 정명진 (옮긴이)	부글북스	2010-04-25	420	kor	사회과학	경제학	경영	325.2	https://image.aladin.co.kr/product/686/40/cover500/8992307454_1.jpg	/NL/contents/search.do#viewKey=111630726&viewType=AH1				Owned	26-10-04 20:16	2026-10-4 19:19	
2025-10-30 0:58	BK-20251030-0630	9788995921708	강한 조직을 설계한다	데이비드 내들러, 마이클 투시먼 (지은이), 이은종 (옮긴이)	주영사	2007-03-28	352	kor	사회과학	경제학	경영	325.2	https://image.aladin.co.kr/product/90/31/cover500/8995921706_1.jpg	/NL/contents/search.do#viewKey=69547328&viewType=AH1				Owned	26-10-04 20:16	2026-10-4 19:19	
2025-10-30 0:59	BK-20251030-0631	9788950922672	파킨슨의 법칙 - 왜? 직원 수가 늘어도 성과는 늘지 않을까	노스코트 파킨슨 (지은이), 김광웅 (옮긴이)	21세기북스	2010-04-14	168	kor	사회과학	경제학	경영	325.2	https://image.aladin.co.kr/product/683/20/cover500/8950922673_3.jpg	/NL/contents/search.do#viewKey=111802102&viewType=AH1				Owned	26-10-04 20:16	2026-10-4 19:19	
2025-10-30 0:59	BK-20251030-0632	9788934908449	숨겨진 힘 - 사람	제프리 페퍼, 찰스 오레일리 (지은이), 김병두 (옮긴이)	김영사	2002-01-25	460	kor	사회과학	경제학	경영	325.3	https://image.aladin.co.kr/product/32/95/cover500/8934908440_1.jpg	/NL/contents/search.do#viewKey=80867154&viewType=AH1				Owned	26-10-04 20:16	2026-10-4 19:19	
2025-10-30 0:59	BK-20251030-0633	9788934969006	구글은 어떻게 일하는가 - 에릭 슈미트가 직접 공개하는 구글 방식의 모든 것	에릭 슈미트, 조너선 로젠버그, 앨런 이글 (지은이), 박병화 (옮긴이)	김영사	2014-10-17	400	kor	사회과학	경제학	경영	325.1	https://image.aladin.co.kr/product/4669/54/cover500/8934969008_1.jpg	/NL/contents/search.do#viewKey=232695428&viewType=AH1				Owned	26-10-04 20:16	2026-10-4 19:19	
2025-10-30 0:59	BK-20251030-0634	9788934003366	스태핑 - 최적의 인력배치를 위한 전략적 인력계획	토머스 P. 베체트 (지은이), 유정식 (옮긴이)	거름	2006-08-10	366	kor	사회과학	경제학	경영	325.3	https://image.aladin.co.kr/product/67/70/cover500/8934003367_1.jpg					Owned	26-10-04 20:16	2026-10-4 19:19	
2025-10-30 1:06	BK-20251030-0635	9788947526883	리스크 - 위험, 기회, 미래가 공존하는	피터 L. 번스타인 (지은이), 안진환 (옮긴이)	한국경제신문	2008-12-15	536	kor	사회과학	경제학	금융	327	https://image.aladin.co.kr/product/287/91/cover500/8947526886_1.jpg	/NL/contents/search.do#viewKey=93805643&viewType=AH1				Owned	26-10-04 20:16	2026-10-4 19:19	
2025-10-30 1:06	BK-20251030-0636	9788900006728	엔트로피	제레미 리프킨 (지은이)	두산동아	1991-11-01	372	kor	사회과학	사회학, 사회문제	사회학	331.54	https://image.aladin.co.kr/product/10/7/cover500/890000672x_1.jpg					Owned	26-10-04 20:16	2026-10-4 19:19	
2025-10-30 1:06	BK-20251030-0637	9788935203673	빌 게이츠@생각의 속도 - 디지털 신경망 비즈니스	빌 게이츠 (지은이), 안진환, 이규행 (옮긴이)	청림출판	1999-05-10	520	kor	사회과학	경제학	경영	325.1	https://image.aladin.co.kr/product/19/13/cover500/893520367x_1.gif					Owned	26-10-04 20:16	2026-10-4 19:19	
2025-10-30 1:06	BK-20251030-0638	9788988205037	정보법칙을 알면 .COM이 보인다	칼 샤피로 (지은이)	미디어퓨전	1999-05-15	352	kor	사회과학	경제학	경영	325.1	https://image.aladin.co.kr/product/19/11/cover500/8988205030_1.gif					Owned	26-10-04 20:16	2026-10-4 19:19	
2025-10-30 1:07	BK-20251030-0639	9788933870181	어떻게 원하는 것을 얻는가 - 13년 연속 와튼스쿨 최고 인기 강의	스튜어트 다이아몬드 (지은이), 김태훈 (옮긴이)	8	2011-11-30	400	kor	사회과학	경제학	경영	325.04	https://image.aladin.co.kr/product/1402/65/cover500/8933870180_1.jpg	/NL/contents/search.do#viewKey=143357277&viewType=AH1				Owned	26-10-04 20:16	2026-10-4 19:19	
2025-10-30 1:08	BK-20251030-0640	9780374533267	Adapt: Why Success Always Starts with Failure (Paperback)	팀 하포드 (지은이)	Farrar Straus & Giroux	2011-05-01	320	eng	사회과학	경제학	경영	325	https://image.aladin.co.kr/product/1157/78/cover500/0374533261_1.jpg					Owned	26-10-04 20:16	2026-10-4 19:19	
2025-10-30 1:08	BK-20251030-0641	9788959890354	기업의 인간적 측면 - 주석판	더글러스 맥그리거 (지은이), 한근태 (옮긴이), 조엘 컷처 거센펠드	미래의창	2006-05-20	488	kor	사회과학	경제학	경영	325.3	https://image.aladin.co.kr/product/65/62/cover500/8959890359_1.jpg					Owned	26-10-04 20:16	2026-10-4 19:19	
2025-10-30 1:08	BK-20251030-0642	9788989566090	탑그레이딩 - 최고 인재를 찾는 방법 최고 인재가 되는 방법	브래드 스마트 (지은이), 이석재, 정재창, 이재영 (옮긴이)	김앤김북스	2003-11-08	526	kor	사회과학	경제학	경영	325.21	https://image.aladin.co.kr/product/43/66/cover500/8989566096_1.gif					Owned	26-10-04 20:16	2026-10-4 19:19	
2025-10-30 1:08	BK-20251030-0643	9788993943122	근로기준법과 인사쟁이 노무 비법노트	손원준, 한만용 (지은이)	지식만들기	2012-08-16	368	kor	사회과학	경제학	경영	325.3	https://image.aladin.co.kr/product/488/77/cover500/8993943125_1.jpg	/NL/contents/search.do#viewKey=126454460&viewType=AH1				Owned	26-10-04 20:16	2026-10-4 19:19	
2025-10-30 1:09	BK-20251030-0644	9788960511194	그들이 말하지 않는 23가지	장하준 (지은이), 김희정, 안세민 (옮긴이)	부키	2010-11-04	368	kor	사회과학	경제학	경제정책	322.01	https://image.aladin.co.kr/product/783/53/cover500/8960511196_3.jpg	/NL/contents/search.do#viewKey=117414036&viewType=AH1				Owned	26-10-04 20:16	2026-10-4 19:19	
2025-10-30 1:10	BK-20251030-0645	9788949114118	여름이 온다	이수지 (지은이)	비룡소	2021-07-27	148	kor	문학	한국문학	소설	813.7	https://image.aladin.co.kr/product/27669/17/cover500/8949114119_1.jpg	/NL/contents/search.do#viewKey=783903367&viewType=AH1				Owned	26-10-04 20:16	2026-10-4 19:19	
2025-10-30 3:21	BK-20251030-0646	9788957090268	여행의 기술	알랭 드 보통 (지은이), 정영목 (옮긴이)	이레	2004-07-26	354	kor	문학	영미문학	수필	844	https://image.aladin.co.kr/product/50/62/cover500/8957090266_1.gif					Owned	26-10-04 20:16	2026-10-4 19:19	(980.2) 에서 변경
2025-10-30 3:21	BK-20251030-0647	9788986836394	공항에서 일주일을 - 히드로 다이어리	알랭 드 보통 (지은이), 정영목 (옮긴이)	청미래	2010-01-04	214	kor	문학	영미문학	수필	844	https://image.aladin.co.kr/product/610/31/cover500/8986836394_2.jpg	/NL/contents/search.do#viewKey=106949719&viewType=AH1				Owned	26-10-04 20:16	2026-10-4 19:19	(326,379)에서 변경
2025-10-30 3:21	BK-20251030-0648	9788901059365	스페인, 너는 자유다 - 모든 것을 훌훌 털어 버리고 떠난 낯선 땅에서 나를 다시 채우고 돌아오다, 개정판	손미나 (지은이)	웅진지식하우스	2006-07-28	340	kor	역사	지리	유럽지리	982.702	https://image.aladin.co.kr/product/67/57/cover500/8901059363_2.jpg	/NL/contents/search.do#viewKey=750148174&viewType=AH1				Owned	26-10-04 20:16	2026-10-4 19:19	
2025-10-30 3:22	BK-20251030-0649	9788954616195	어쨌든, 잇태리	박찬일 (지은이)	난다	2011-10-25	360	kor	문학	한국문학	르포르타주 및 기타	818	https://image.aladin.co.kr/product/1356/79/cover500/8954616194_1.jpg	/NL/contents/search.do#viewKey=141083149&viewType=AH1				Owned	26-10-04 20:16	2026-10-4 19:19	
2025-10-30 3:22	BK-20251030-0650	9788934907688	공지영의 수도원 기행	공지영 (지은이)	김영사	2001-07-26	254	kor	문학	한국문학	일기, 서간, 기행	816.6	https://image.aladin.co.kr/product/28/89/cover500/8934907681_1.gif					Owned	26-10-04 20:16	2026-10-4 19:19	
2025-10-30 3:22	BK-20251030-0651	9788972594901	앙코르 : 장엄한 성벽도시	브뤼노 다강 (지은이)	시공사	1997-06-05	190	kor	역사	역사	전집, 총서	908	https://image.aladin.co.kr/product/9/70/cover500/8972594903_1.jpg	/NL/contents/search.do#viewKey=CNTS-00115819796&viewType=C				Owned	26-10-04 20:16	2026-10-4 19:19	
2025-10-30 3:23	BK-20251030-0652	9788982642104	앙코르와트, 월남가다 - 하 - 조선인의 아시아 문명탐험	도올 김용옥 (지은이)	통나무	2005-02-02	284	kor	역사	지리	아시아지리	981.402	https://image.aladin.co.kr/product/54/20/cover500/8982642102_1.jpg					Owned	26-10-04 20:16	2026-10-4 19:19	
2025-10-30 3:23	BK-20251030-0653	9788982642098	앙코르와트, 월남가다 -상 - 조선인의 아시아 문명탐험	도올 김용옥 (지은이)	통나무	2005-02-02	270	kor	역사	지리	아시아지리	981.402	https://image.aladin.co.kr/product/54/19/cover500/8982642099_1.jpg					Owned	26-10-04 20:16	2026-10-4 19:19	
2025-10-30 3:23	BK-20251030-0654	9789748225272	Ancient Angkor	마이클 프리맨, Claude Jacques (지은이)	River Books	2007-01-01	240	eng	역사	지리	아시아지리	981.402	https://image.aladin.co.kr/product/156/84/cover500/9749863259_1.jpg					Owned	26-10-04 20:16	2026-10-4 19:19	ISBN오매칭, 수작업으로 변경
2025-10-30 3:23	BK-20251030-0655	9788987315508	신화가 만든 문명 앙코르 와트	서규석 (지은이)	리북	2003-01-20	392	kor	역사	아시아	동남아시아	914.3	https://image.aladin.co.kr/product/39/82/cover500/8987315509_1.gif					Owned	26-10-04 20:16	2026-10-4 19:19	
2025-10-30 3:23	BK-20251030-0656	9788995848029	All About 터키 - All About 세계 여행	민병규 (지은이)	AATNB(여행친구트래블게릴라)	2007-01-03	286	kor	역사	지리	아시아지리	981.87	https://image.aladin.co.kr/product/87/18/cover500/8995848022_1.jpg					Owned	26-10-04 20:16	2026-10-4 19:19	
2025-10-30 3:24	BK-20251030-0657	9788990449405	터키, 신화와 성서의 무대, 이슬람이 숨쉬는 땅 - 타산지석 4, 개정3판	이희철 (지은이)	리수	2002-04-01	352	kor	역사	지리	유럽지리	982.02	https://image.aladin.co.kr/product/94/44/cover500/8990449405_1.jpg	/NL/contents/search.do#viewKey=76940630&viewType=AH1				Owned	26-10-04 20:16	2026-10-4 19:19	(309.1187)에서 변경
2025-10-30 3:24	BK-20251030-0658	9788995847978	터키, 지독한 사랑에 빠지다 - 여행의 재발견 02	조희섭, 엠레 잔 (지은이)	위캔북스	2007-06-28	288	kor	역사	지리	아시아지리	981.8702	https://image.aladin.co.kr/product/93/48/cover500/8995847972_1.jpg	/NL/contents/search.do#viewKey=72372888&viewType=AH1				Owned	26-10-04 20:16	2026-10-4 19:19	
2025-10-30 3:24	BK-20251030-0659	9788991645189	터키의 유혹 - 역사.문화.여행.성지순례…터키에 관한 모든 것	강용수 (지은이)	유토피아	2007-04-11	784	kor	역사	지리	아시아지리	981.8702	https://image.aladin.co.kr/product/90/62/cover500/8991645186_1.jpg	/NL/contents/search.do#viewKey=70093894&viewType=AH1				Owned	26-10-04 20:16	2026-10-4 19:19	
2025-10-30 3:24	BK-20251030-0660	9788961884303	미국 서부 U.S.A. West Coast - 테마가 살아있는 정통 가이드북	중앙books 편집부 (엮은이)	중앙books(중앙북스)	2010-02-23	588	kor	역사	북아메리카	북아메리카	940	https://image.aladin.co.kr/product/651/11/cover500/8961884301_1.jpg					Owned	26-10-04 20:16	2026-10-4 19:19	
2025-10-30 13:25	BK-20251030-0661	9788991449596	세계 명화 속 숨은 그림 읽기 - 상징과 테마를 알면 그림이 보인다	파트릭 데 링크 (지은이), 박누리 (옮긴이)	마로니에북스	2006-06-02	372	kor	예술	회화, 도화, 디자인	회화, 도화, 디자인	650.4	https://image.aladin.co.kr/product/66/1/cover500/899144959x_1.jpg					Owned	26-10-04 20:16	2026-10-4 19:19	
2025-10-30 13:25	BK-20251030-0662	9788988902110	웬디 수녀의 유럽 미술 산책	웬디 베케트 (지은이), 김현우 (옮긴이), 이주헌 (감수)	예담	2000-12-15	240	kor	예술	회화, 도화, 디자인	시대별 및 국별 회화	653.2	https://image.aladin.co.kr/product/25/87/cover500/8988902114_1.gif					Owned	26-10-04 20:16	2026-10-4 19:19	
2025-10-30 13:26	BK-20251030-0663	9788936613624	클래식음악감상해설	일신음악연구회 (엮은이)	일신서적	1990-04-01	712	kor	예술	음악	음악	670.15						Owned	26-10-04 20:16	2026-10-4 19:19	
2025-10-30 13:27	BK-20251030-0664	9788983756329	여자들의 동경 여행	김명희 (지은이)	랜덤하우스코리아	2004-02-10	248	kor	역사	지리	아시아지리	981.302	https://image.aladin.co.kr/product/28/74/cover500/8983756322_1.jpg					Owned	26-10-04 20:16	2026-10-4 19:19	
2025-10-30 13:27	BK-20251030-0665	9788990816443	마추픽추 정상에서 라틴아메리카를 보다 - 손호철의 세계를 가다 1	손호철 (지은이)	이매진	2007-04-20	271	kor	역사	남아메리카	남아메리카(남미)	950	https://image.aladin.co.kr/product/91/17/cover500/8990816440_1.jpg	/NL/contents/search.do#viewKey=71006139&viewType=AH1				Owned	26-10-04 20:16	2026-10-4 19:19	(340.95)에서 변경
2025-10-30 13:27	BK-20251030-0666	9788925533087	태국 100배 즐기기 (2009) - 태국 베트남 캄보디아 라오스 - World 100배 즐기기 2009년 최신판	트래블게릴라 (지은이)	랜덤하우스코리아	2009-06-19	784	kor	역사	지리	아시아지리	981.402	https://image.aladin.co.kr/product/416/23/cover500/8925533081_2.jpg	/NL/contents/search.do#viewKey=99574370&viewType=AH1				Owned	26-10-04 20:16	2026-10-4 19:19	
2025-10-30 13:27	BK-20251030-0667	9791196370282	오! 마이 하와이 1 - 하와이 대표 스폿 & 오아후, 2019~2020년 최신판	마할로, 박성혜 (지은이)	두사람	2019-03-30	528	kor	역사	지리	오세아니아와 양극 지리	986.7802	https://image.aladin.co.kr/product/18681/5/cover500/k252635562_1.jpg	/NL/contents/search.do#viewKey=573648226&viewType=AH1				Owned	26-10-04 20:16	2026-10-4 19:19	
2025-10-30 13:28	BK-20251030-0668	9788991055063	콜로세움이 무너지는 날이면 1 - 건축가 정태남의 로마 문화여행	정태남 (지은이)	조선일보생활미디어	2004-11-30	264	kor	역사	유럽	고대 로마	922	https://image.aladin.co.kr/product/53/5/cover500/8991055060_1.jpg					Owned	26-10-04 20:16	2026-10-4 19:19	
2025-10-30 13:28	BK-20251030-0669	9791195838837	어디로 가야 할지 알 수 없을 때 비로소 여행은 시작된다 - 떠남과 행복을 충동하는 여행 에세이	최석구, 박재희, 박영숙, 서정희 (지은이), 정은주 (그림)	디스커버리미디어	2016-11-15	280	kor	문학	한국문학	일기, 서간, 기행	816.7	https://image.aladin.co.kr/product/9837/86/cover500/k292535253_1.jpg					Owned	26-10-04 20:16	2026-10-4 19:19	
2025-10-30 13:29	BK-20251030-0670	9780061992278	The One and Only Ivan (Paperback, Reprint) - 『세상에서 단 하나뿐인 아이반』 원서, 2013 Newbery	캐서린 애플게이트 (지은이), Patricia Castelao (그림)	Harpercollins Childrens Books	2015-01-06	336	eng	문학	영미문학	소설	843	https://image.aladin.co.kr/product/4077/73/cover500/006199227d_1.jpg					Owned	26-10-04 20:16	2026-10-4 19:19	
2025-10-30 13:29	BK-20251030-0671	9780440180296	Slaughterhouse-Five: Or the Children's Crusade, a Duty-Dance with Death (Mass Market Paperback) - 『제5도살장』원서	커트 보니것 (지은이)	Dell	1991-11-03	224	eng	문학	영미문학	소설	843	https://image.aladin.co.kr/product/91/40/cover500/044018029f_1.jpg					Owned	26-10-04 20:16	2026-10-4 19:19	
2025-10-30 13:30	BK-20251030-0672	9780803740167	Roller Girl: (Newbery Honor Award Winner) (Paperback)	빅토리아 제이미슨 (지은이)	Dial Books for Young Readers	2015-03-10	256	eng	문학	영미문학	소설	843	https://image.aladin.co.kr/product/4189/14/cover500/080374016d_1.jpg	/NL/contents/search.do#viewKey=362643833&viewType=AH1				Owned	26-10-04 20:16	2026-10-4 19:19	(741.5)에서 변경
2025-10-30 13:30	BK-20251030-0673	9780679819462	Marvin Redpost #1: Kidnapped at Birth? (Paperback) - 『왕자되기는 힘들어』원서	루이스 새커 (지은이)	Random House Books for Young Readers	1992-07-28	96	eng	문학	영미문학	소설	843	https://image.aladin.co.kr/product/86/60/cover500/067981946d_1.jpg	/NL/contents/search.do#viewKey=143075270&viewType=AH1				Owned	26-10-04 20:16	2026-10-4 19:19	듀이(813.54)에서 변경
2025-10-30 14:53	BK-20251030-0674	9788968484827	엑셀 2016 바이블 - 회사에서 필요한 기능은 모두 있다!	최준선 (지은이)	한빛미디어	2016-09-30	1092	kor	총류	총류	프로그래밍, 프로그램, 데이터	005.53	https://image.aladin.co.kr/product/9277/71/cover500/8968484821_1.jpg	/NL/contents/search.do#viewKey=334919465&viewType=AH1				Owned	26-10-04 20:16	2026-10-4 19:19	
2025-10-30 14:53	BK-20251030-0675	9788955650143	통계데이터분석 - Excell 활용	권혁제 (지은이)	청목출판사	2002-03-20	703	kor	자연과학	수학	통계학	413	https://image.aladin.co.kr/product/34/11/cover500/8955650140_1.gif					Owned	26-10-04 20:16	2026-10-4 19:19	
2025-10-30 14:56	BK-20251030-0676	9780961392147	The Visual Display of Quantitative Information (Hardcover, 2nd)	Edward R. Tufte (지은이)	Graphics Press USA	2001-05-01	197	eng	예술	회화, 도화, 디자인	디자인	658	https://image.aladin.co.kr/product/1266/77/cover500/0961392142_1.jpg					Owned	26-10-04 20:16	2026-10-4 19:19	
2025-10-30 14:56	BK-20251030-0677	9780970601988	Now You See It: Simple Visualization Techniques for Quantitative Analysis (Hardcover)	스티븐 퓨 (지은이)	Analytics Pr	2009-04-01	327	eng	사회과학	경제학	경영	325.26	https://image.aladin.co.kr/product/273/1/cover500/0970601980_1.jpg					Owned	26-10-04 20:16	2026-10-4 19:19	
2025-10-30 14:57	BK-20251030-0678	9781292024998	Introduction to Mathematical Statistics: Pearson New International Edition (Paperback, 7 ed)	Robert Hogg (지은이)	Pearson	2013-07-26	656	eng	자연과학	수학	통계학	413	https://image.aladin.co.kr/product/2889/55/cover500/1292024992_1.jpg					Owned	26-10-04 20:16	2026-10-4 19:19	
2025-10-30 14:57	BK-20251030-0679	9781292163444	Thomas' Calculus: Early Transcendentals in SI Units (Paperback, 13 ed)	Maurice D. Weir, George B. Thomas, Joel R. Hass (지은이)	Pearson Education Limited	2016-06-06	1224	eng	자연과학	수학	해석학	414.1	https://image.aladin.co.kr/product/7906/72/cover500/1292163445_2.jpg	/NL/contents/search.do#viewKey=376915844&viewType=AH1				Owned	26-10-04 20:16	2026-10-4 19:19	듀이(515)에서 변경
2025-10-30 14:57	BK-20251030-0680	9780963488404	Visualizing Data (Hardcover)	Cleveland, William S (지은이)	Hobart Press	1993-01-03	360	eng	자연과학	수학	통계학	413.8	https://image.aladin.co.kr/product/2665/74/cover500/0963488406_1.jpg					Owned	26-10-04 20:16	2026-10-4 19:19	
2025-10-30 14:57	BK-20251030-0681	9780963488411	The Elements of Graphing Data (Hardcover, Revised)	William S. Cleveland (지은이)	Hobart Pr	1994-09-01	323	eng	자연과학	수학	통계학	413.8	https://image.aladin.co.kr/product/4077/28/cover500/0963488414_1.jpg					Owned	26-10-04 20:16	2026-10-4 19:19	
2025-10-30 14:58	BK-20251030-0682	9788970593586	정보 디자인 교과서	강성중, 오병근 (지은이)	안그라픽스	2008-04-16	344	kor	예술	회화, 도화, 디자인	디자인	658	https://image.aladin.co.kr/product/204/76/cover500/8970593586_1.jpg	/NL/contents/search.do#viewKey=85369286&viewType=AH1				Owned	26-10-04 20:16	2026-10-4 19:19	
2025-10-30 14:58	BK-20251030-0683	9788963302553	감성 디자인	도널드 A. 노먼 (지은이), 박경욱, 이영수, 최동성 (옮긴이), 김진우 (감수)	학지사	2010-01-20	315	kor	철학	심리학	각론	181.21	https://image.aladin.co.kr/product/822/98/cover500/8963302555_1.jpg	/NL/contents/search.do#viewKey=CNTS-00092963050&viewType=C				Owned	26-10-04 20:16	2026-10-4 19:19	
2025-10-30 14:58	BK-20251030-0684	9788992124072	맥킨지, 차트의 기술	진 젤라즈니 (지은이), 안진환 (옮긴이)	스마트비즈니스	2006-11-01	230	kor	사회과학	경제학	경영	325.1	https://image.aladin.co.kr/product/85/1/cover500/8992124074_2.jpg	/NL/contents/search.do#viewKey=CNTS-00030139158&viewType=C				Owned	26-10-04 20:16	2026-10-4 19:19	
2025-10-30 14:58	BK-20251030-0685	9780393347289	The Wall Street Journal Guide to Information Graphics: The Dos and Don'ts of Presenting Data, Facts, and Figures (Paperback)	Dona M. Wong (지은이)	W W Norton & Co Inc	2013-12-16	160	eng	사회과학	경제학	경영	325.26	https://image.aladin.co.kr/product/2482/40/cover500/0393347281_1.jpg					Owned	26-10-04 20:16	2026-10-4 19:19	
2025-10-30 14:58	BK-20251030-0686	9788966260935	월스트리트저널 인포그래픽 가이드 - 데이터, 사실, 수치를 표현할 때 지켜야 할 기본 원칙	도나 M. 웡 (지은이), 이현경 (옮긴이), 강규영 (감수)	인사이트	2014-03-14	156	kor	사회과학	경제학	경영	325.26	https://image.aladin.co.kr/product/3776/26/cover500/8966260934_1.jpg	/NL/contents/search.do#viewKey=216179350&viewType=AH1				Owned	26-10-04 20:16	2026-10-4 19:19	
2025-10-30 16:36	BK-20251030-0687	9788952769633	스페인 미술관 산책 - 파리, 런던, 뉴욕을 잇는 최고의 예술 여행	최경화 (지은이)	시공아트	2013-08-02	404	kor	예술	예술	미술분야의 학회, 단체, 기관, 회의	606.927	https://image.aladin.co.kr/product/2905/89/cover500/8952769635_1.jpg	/NL/contents/search.do#viewKey=180441244&viewType=AH1				Owned	26-10-04 20:16	2026-10-4 19:19	
2025-10-30 16:36	BK-20251030-0688	9780205309023	The Elements of Style (Paperback, 4)	엘윈 브룩스 화이트, 윌리엄 스트렁크 (지은이)	Allyn & Bacon	1999-07-23	128	eng	언어	영어	문법	745	https://image.aladin.co.kr/product/21/83/cover500/9780205309023_1.jpg					Owned	26-10-04 20:16	2026-10-4 19:19	
2025-10-30 19:24	BK-20251030-0689	9788970851266	C++ 자료구조론	이석호 (옮긴이)	교보문고(교재)	2004-08-16	754	kor	총류	총류	프로그래밍, 프로그램, 데이터	005.133	https://image.aladin.co.kr/product/17/68/cover500/8970851267_1.jpg					Owned	26-10-04 20:16	2026-10-4 19:19	
2025-10-30 19:24	BK-20251030-0690	9788931541946	C 기초 플러스	Stephen Prata (지은이), 구익환 (옮긴이)	성안당	1994-03-01	880	kor	총류	총류	프로그래밍, 프로그램, 데이터	005.13	https://image.aladin.co.kr/product/17/66/cover500/8931541945_1.gif					Owned	26-10-04 20:16	2026-10-4 19:19	
2025-10-30 19:24	BK-20251030-0691	9788985197366	터보C, 딱 하루만 투자합시다! 	박명신	영중	1994-02-21	352	kor	총류	총류	프로그래밍, 프로그램, 데이터	005.133			KMO199404487			Owned	26-10-04 20:16	2026-10-4 19:19	ISBN오매칭(애니메이터 PRO (실전)),수작업입력
2025-10-30 19:24	BK-20251030-0692	9788946803787	거시조직이론 - 개정4판	김인수 (지은이)	무역경영사	2007-02-15	644	kor	사회과학	경제학	경영	325.2	https://image.aladin.co.kr/product/88/96/cover500/8946803789_1.jpg	/NL/contents/search.do#viewKey=70083235&viewType=AH1				Owned	26-10-04 20:16	2026-10-4 19:19	
2025-10-30 19:25	BK-20251030-0693	9788958327103	산업 및 조직심리학 - 제9판	폴 뮤친스키 (지은이), 유태용 (옮긴이)	시그마프레스	2009-07-01	700	kor	철학	심리학	응용심리학 일반	189	https://image.aladin.co.kr/product/426/45/cover500/8958327103_1.jpg	/NL/contents/search.do#viewKey=102457334&viewType=AH1				Owned	26-10-04 20:16	2026-10-4 19:19	
2025-10-30 19:25	BK-20251030-0694	9780256146387	Investments (Irwin Series in Finance)	Alan J. Marcus, Zvi Bodie, Alex Kane	McGraw-Hill Companies	1995-01-01	1153	eng	사회과학	경제학	금융	327						Owned	26-10-04 20:16	2026-10-4 19:19	
2025-10-30 19:25	BK-20251030-0695	9780070854659	Introduction to the Theory of Statistics (Paperback, International 3rd Revised ed)	Mood, A M (지은이)	McGraw-Hill Higher Education	1974-06-01	480	eng	자연과학	수학	통계학	413	https://image.aladin.co.kr/product/1525/27/cover500/0070854653_1.jpg					Owned	26-10-04 20:16	2026-10-4 19:19	
2025-10-30 19:26	BK-20251030-0696	9780471805304	Introduction to Mathematical Statistics (5th Edition, Paperback)	Paul Gerhard Hoel (지은이)	John Wiley & Sons	1985-03-13	446	eng	자연과학	수학	통계학	413	https://image.aladin.co.kr/product/1294/54/cover500/0471805300_2.jpg					Owned	26-10-04 20:16	2026-10-4 19:19	
2025-10-30 19:26	BK-20251030-0697	9780495385080	Mathematical Statistics with Applications (Paperback, 7th Edition)	Dennis D. Wackerly (지은이)	Thomson	2007-11-01	912	eng	자연과학	수학	통계학	413.8	https://image.aladin.co.kr/product/213/87/cover500/0495385085_1.jpg	/NL/contents/search.do#viewKey=97536745&viewType=AH1				Owned	26-10-04 20:16	2026-10-4 19:19	듀이십진분류(519.536)에서 재분류
2025-10-30 19:26	BK-20251030-0698	9788918110257	통계학 (류근관) - 제3판	류근관 (지은이)	법문사	2013-02-20	660	kor	자연과학	수학	통계학	413	https://image.aladin.co.kr/product/2467/24/cover500/8918110251_1.jpg	/NL/contents/search.do#viewKey=164968684&viewType=AH1				Owned	26-10-04 20:16	2026-10-4 19:19	(310)에서 변경
2025-10-30 19:26	BK-20251030-0699	9788964541173	수리통계학 (송문섭 외) - 제4개정판	송문섭, 허문열 (지은이)	박영사	2011-02-25	401	kor	자연과학	수학	통계학	413.8	https://image.aladin.co.kr/product/1100/97/cover500/8964541170_1.jpg	/NL/contents/search.do#viewKey=133382254&viewType=AH1				Owned	26-10-04 20:16	2026-10-4 19:19	
2025-10-30 19:27	BK-20251030-0700	9788955661101	R을 이용한 누구나 하는 통계분석	안재형 (지은이)	한나래	2011-01-15	234	kor	자연과학	수학	통계학	413	https://image.aladin.co.kr/product/850/2/cover500/s652635364_1.jpg	/NL/contents/search.do#viewKey=133069183&viewType=AH1				Owned	26-10-04 20:16	2026-10-4 19:19	(310.16)에서 변경
2025-10-30 19:27	BK-20251030-0701	9788973389162	R을 활용한 탐색적 자료분석 - 개정판	허명회 (지은이)	자유아카데미	2011-12-31	282	kor	자연과학	수학	통계학	413	https://image.aladin.co.kr/product/1452/29/cover500/8973389165_1.jpg	/NL/contents/search.do#viewKey=CNTS-00101016630&viewType=C				Owned	26-10-04 20:16	2026-10-4 19:19	
2025-10-30 19:27	BK-20251030-0702	9788971891971	통계적 사고 - 제2판, 개정판	남궁평, 박종선, 허문열 (지은이)	박영사	2009-08-30	349	kor	자연과학	수학	통계학	413	https://image.aladin.co.kr/product/461/36/cover500/8971891971_1.jpg	/NL/contents/search.do#viewKey=CNTS-00054213671&viewType=C				Owned	26-10-04 20:16	2026-10-4 19:19	
2025-10-30 19:28	BK-20251030-0703	9788910150404	알기쉽게 풀어쓴 통계학	이원우	박영사	2004-01-30	467	kor	자연과학	수학	통계학	413						Owned	26-10-04 20:16	2026-10-4 19:19	
2025-10-30 19:28	BK-20251030-0704	9780321766564	An Introduction to Mathematical Statistics and Its Applications (Paperback)	Larsen, Richard J. /. Marx (지은이)	Pearson Educacion	2010-12-01	768	eng	자연과학	수학	통계학	413.8						Owned	26-10-04 20:16	2026-10-4 19:19	
2025-10-30 19:28	BK-20251030-0705	9780470542811	Introduction to Linear Regression Analysis (Hardcover, 5)	Douglas C. Montgomery, Elizabeth A. Peck (지은이)	John Wiley & Sons	2012-04-09	672	eng	자연과학	수학	통계학	413.8	https://image.aladin.co.kr/product/1644/37/cover500/0470542810_2.jpg	/NL/contents/search.do#viewKey=180084966&viewType=AH1				Owned	26-10-04 20:16	2026-10-4 19:19	듀이십진분류(519.536)에서 재분류
2025-10-30 19:29	BK-20251030-0706	9788971940617	일반통계학	김우철,김재주 외	영지문화사	1996-09-20	551	kor	자연과학	수학	통계학	413	https://image.aladin.co.kr/product/12/6/cover500/s642833156_1.jpg					Owned	26-10-04 20:16	2026-10-4 19:19	
2025-10-30 19:29	BK-20251030-0707	9788918110240	고급통계분석론 - 이론과 실습	이희연, 노승철 (지은이)	법문사	2012-05-15	852	kor	자연과학	수학	통계학	413	https://image.aladin.co.kr/product/1714/14/cover500/8918110243_1.jpg	/NL/contents/search.do#viewKey=151440485&viewType=AH1				Owned	26-10-04 20:16	2026-10-4 19:19	(310.16)에서 변경
2025-10-30 21:46	BK-20251030-0708	9780321288394	Elementary Statistics (Hardcover, CD-ROM, 9th) - Updates for the latest technology	Mario F. Triola (지은이)	Addison-Wesley	2004-06-30	837	eng	자연과학	수학	통계학	413	https://image.aladin.co.kr/product/146/75/cover500/0321288394_1.jpg					Owned	26-10-04 20:16	2026-10-4 19:19	
2025-10-30 21:46	BK-20251030-0709	9781886529380	Introduction to Probability (Paperback, 2nd Edition)	Dimitri P. Bertsekas (지은이)	Athena Scientific	2008-01-01	528	eng	자연과학	수학	통계학	413.2	https://image.aladin.co.kr/product/1294/56/cover500/188652938d_1.jpg					Owned	26-10-04 20:16	2026-10-4 19:19	
2025-10-30 22:23	BK-20251030-0710	9788954608428	외국어를 공부하는 시간	오현종 (지은이)	문학동네	2009-06-30	215	kor	문학	한국문학	소설	813.6	https://image.aladin.co.kr/product/419/8/cover500/8954608426_1.jpg	/NL/contents/search.do#viewKey=99228563&viewType=AH1				Owned	26-10-04 20:16	2026-10-4 19:19	
2025-10-30 22:24	BK-20251030-0711	9788937400056	사람의 아들	이문열 (지은이)	민음사	1999-05-01	340	kor	문학	한국문학	소설	813	https://image.aladin.co.kr/product/6/74/cover500/8937400057_1.gif					Owned	26-10-04 20:16	2026-10-4 19:19	
2025-10-30 22:24	BK-20251030-0712	9788932004679	별과 같이 살다 / 카인의 후예	황순원 (지은이)	문학과지성사	1990-11-05	364	kor	문학	한국문학	소설	813	https://image.aladin.co.kr/product/6/6/cover500/8932004676_2.jpg					Owned	26-10-04 20:16	2026-10-4 19:19	
2025-10-30 22:24	BK-20251030-0713	9788991643161	뿌리 깊은 나무 2	이정명 (지은이)	밀리언하우스	2006-07-18	292	kor	문학	한국문학	소설	813	https://image.aladin.co.kr/product/66/78/cover500/8991643167_3.jpg	/NL/contents/search.do#viewKey=CNTS-00030182354&viewType=C				Owned	26-10-04 20:16	2026-10-4 19:19	
2025-10-30 22:24	BK-20251030-0714	9788991643154	뿌리 깊은 나무 1	이정명 (지은이)	밀리언하우스	2007-07-30	292	kor	문학	한국문학	소설	813	https://image.aladin.co.kr/product/2072/58/cover500/8991643159_1.jpg	/NL/contents/search.do#viewKey=CNTS-00030182383&viewType=C				Owned	26-10-04 20:16	2026-10-4 19:19	
2025-10-30 22:25	BK-20251030-0715	9788925511962	폼페이 - 판타스틱 픽션 블랙 BLACK 4-1	로버트 해리스 (지은이), 박아람 (옮긴이)	랜덤하우스코리아	2007-09-13	464	kor	문학	영미문학	소설	843	https://image.aladin.co.kr/product/98/16/cover500/8925511967_1.jpg	/NL/contents/search.do#viewKey=76838812&viewType=AH1				Owned	26-10-04 20:16	2026-10-4 19:19	
2025-10-30 22:25	BK-20251030-0716	9788952789020	나니아 연대기	C. S. 루이스 (지은이), 폴린 베인즈 (그림), 햇살과나무꾼 (옮긴이)	시공주니어	2005-11-05	1080	kor	문학	영미문학	소설	843.5	https://image.aladin.co.kr/product/18656/56/cover500/8952789024_1.jpg					Owned	26-10-04 20:16	2026-10-4 19:19	
2025-10-30 22:26	BK-20251030-0717	9788937830587	Alice - 이상한 나라의 앨리스.거울 나라의 앨리스	루이스 캐럴 (지은이), 존 테니엘 (그림), 최인자 (옮긴이), 마틴 가드너	북폴리오	2005-03-18	432	kor	문학	영미문학	소설	843	https://image.aladin.co.kr/product/54/97/cover500/8937830582_2.jpg					Owned	26-10-04 20:16	2026-10-4 19:19	
2025-10-30 22:26	BK-20251030-0718	9788956250595	남한산성	김훈 (지은이)	학고재	2007-04-14	384	kor	문학	한국문학	소설	813.6	https://image.aladin.co.kr/product/90/61/cover500/8956250596_2.jpg	/NL/contents/search.do#viewKey=70478250&viewType=AH1				Owned	26-10-04 20:16	2026-10-4 19:19	
2025-10-30 22:26	BK-20251030-0719	9788957090121	월든	헨리 데이비드 소로우 (지은이), 강승영 (옮긴이)	이레	2004-01-05	485	kor	문학	영미문학	수필	844	https://image.aladin.co.kr/product/27/54/cover500/8957090126_2.jpg					Owned	26-10-04 20:16	2026-10-4 19:19	
2025-10-30 22:27	BK-20251030-0720	9788932308692	소피의 세계 (합본)	요슈타인 가아더 (지은이), 장영은 (옮긴이)	현암사	1996-02-01	752	kor	문학	독일문학	기타 게르만 문학	859	https://image.aladin.co.kr/product/8/29/cover500/8932308691_2.jpg					Owned	26-10-04 20:16	2026-10-4 19:19	
2025-10-30 22:27	BK-20251030-0721	9788932308845	카드의 비밀	요슈타인 가아더 (지은이), 백설자 (옮긴이)	현암사	1996-10-31	408	kor	문학	독일문학	기타 게르만 문학	859	https://image.aladin.co.kr/product/14/65/cover500/8932308845_1.gif					Owned	26-10-04 20:16	2026-10-4 19:19	
2025-10-30 22:27	BK-20251030-0722	9788949170602	끝없는 이야기	미하엘 엔데 (지은이), 로즈비타 콰드플리크 (그림), 허수경 (옮긴이)	비룡소	2003-03-25	703	kor	문학	독일문학	소설	853	https://image.aladin.co.kr/product/40/94/cover500/8949170604_3.jpg					Owned	26-10-04 20:16	2026-10-4 19:19	
2025-10-30 22:28	BK-20251030-0723	9780062206190	How Will You Measure Your Life? (Paperback, International) - '당신의 인생을 어떻게 평가할 것인가' 원서	클레이튼 M. 크리스텐슨 (지은이)	HarperBusiness	2012-05-15	240	eng	철학	윤리학, 도덕철학	도덕훈, 교훈	199.1	https://image.aladin.co.kr/product/1712/21/cover500/0062206192_1.jpg	/NL/contents/search.do#viewKey=761012621&viewType=AH1				Owned	26-10-04 20:16	2026-10-4 19:19	(158.1)에서 재분류
2025-10-30 22:28	BK-20251030-0724	9780812975215	Fooled by Randomness: The Hidden Role of Chance in Life and in the Markets (Paperback, 2)	나심 니콜라스 탈레브 (지은이)	Random House Inc	2005-08-23	368	eng	사회과학	경제학	금융	327.04	https://image.aladin.co.kr/product/95/13/cover500/0812975219_1.jpg					Owned	26-10-04 20:16	2026-10-4 19:19	
2025-10-30 22:28	BK-20251030-0725	9780812973815	The Black Swan: Second Edition: The Impact of the Highly Improbable: With a New Section: &quot;On Robustness and Fragility&quot; (Paperback) - '블랙 스완' 원서	나심 니콜라스 탈레브 (지은이)	Random House Inc	2010-05-11	480	eng	사회과학	경제학	금융	327.04	https://image.aladin.co.kr/product/529/13/cover500/081297381x_1.jpg					Owned	26-10-04 20:16	2026-10-4 19:19	재분류
2025-10-30 22:29	BK-20251030-0726	9780140115857	Moon Palace (Paperback) - 『달의 궁전』원서	폴 오스터 (지은이)	Penguin Group USA	1990-04-01	320	eng	문학	영미문학	소설	843	https://image.aladin.co.kr/product/102/84/cover500/0140115854_1.jpg					Owned	26-10-04 20:16	2026-10-4 19:19	
2025-10-30 22:29	BK-20251030-0727	9780071348270	Mission Possible (Paperback, 1st)	켄 블랜차드 (지은이)	McGraw-Hill Education	1999-05-21	227	eng	사회과학	경제학	경영	325						Owned	26-10-04 20:16	2026-10-4 19:19	
2025-10-30 22:29	BK-20251030-0728	9780747551003	Harry Potter and the Order of the Phoenix : Book 5 (Hardcover, 영국판)	J.K. 롤링 (지은이)	Bloomsbury	2003-06-21	768	eng	문학	영미문학	소설	843	https://image.aladin.co.kr/product/42/2/cover500/0747551006_2.jpg					Owned	26-10-04 20:16	2026-10-4 19:19	
2025-10-30 22:29	BK-20251030-0729	9780156012195	The Little Prince (Paperback, 미국판) - 어린 왕자 영문판 원서	앙투안 드 생텍쥐페리 (지은이), 리차드 하워드 (옮긴이)	Harcourt	2000-06-29	96	eng	문학	프랑스문학	소설	863	https://image.aladin.co.kr/product/44/81/cover500/0156012197_2.jpg	/NL/contents/search.do#viewKey=698319429&viewType=AH1				Owned	26-10-04 20:16	2026-10-4 19:19	(843.912)에서 변경
2025-10-30 22:30	BK-20251030-0730	9780684801223	The Old Man and the Sea (Paperback, 미국판) - 『노인과 바다』 원서	어니스트 헤밍웨이 (지은이)	Scribner	1995-05-01	128	eng	문학	영미문학	소설	843	https://image.aladin.co.kr/product/47/23/cover500/068480122g_1.jpg					Owned	26-10-04 20:16	2026-10-4 19:19	
2025-10-30 22:31	BK-20251030-0731	9788958642572	닭을 죽이지 마라 (보급판 문고본)	케빈 왕 (지은이), 권남희 (옮긴이)	이가서	2008-04-01	138	kor	사회과학	경제학	경영	325.01	https://image.aladin.co.kr/product/196/62/cover500/8958642572_1.jpg	/NL/contents/search.do#viewKey=98000467&viewType=AH1				Owned	26-10-04 20:16	2026-10-4 19:19	(833.6)에서 변경
2025-10-30 22:31	BK-20251030-0732	9780062018205	Predictably Irrational: The Hidden Forces That Shape Our Decisions (Mass Market Paperback, International)	댄 애리얼리 (지은이)	Harper Collins	2010-05-11	348	eng	사회과학	경제학	경제학	320.4	https://image.aladin.co.kr/product/696/67/cover500/0062018205_1.jpg	/NL/contents/search.do#viewKey=89763968&viewType=AH1				Owned	26-10-04 20:16	2026-10-4 19:19	
2025-10-30 22:31	BK-20251030-0733	9788980150229	내성적 성격을 고치려면	C. H. 티이어 (지은이), 정성호 (옮긴이)	성바오로출판사	1994-07-15	96	kor	철학	심리학	응용심리학 일반	189	https://image.aladin.co.kr/product/305/46/cover500/8980150229_1.jpg					Owned	26-10-04 20:16	2026-10-4 19:19	
2025-10-30 22:32	BK-20251030-0734	9788980152469	기억력을 강하게 만들려면	디닌, J, 정성호	성바오로출판사	1987-11-28	93	kor	철학	심리학	각론	181.141			KMO198802840			Owned	26-10-04 20:16	2026-10-4 19:19	수작업입력
2025-10-30 22:32	BK-20251030-0735	9788980152773	능숙한 대화를 하려면	M. 퍼킨스 (지은이), 정성호 (옮긴이)	성바오로출판사	2009-04-30	96	kor	철학	윤리학, 도덕철학	도덕훈, 교훈	199.1	https://image.aladin.co.kr/product/305/46/cover500/8980152779_1.jpg					Owned	26-10-04 20:16	2026-10-4 19:19	
2025-10-30 22:32	BK-20251030-0736	9788980152766	상상력을 활용하려면	L. O. 코어스 (지은이), 정성호 (옮긴이)	성바오로출판사	1999-06-30	116	kor	철학	심리학	각론	181.5	https://image.aladin.co.kr/product/256/82/cover500/8980153392_1.jpg					Owned	26-10-04 20:16	2026-10-4 19:19	
2025-10-30 22:32	BK-20251030-0737	9788980153237	공부의 능률을 올리려면	M.로즈 지음; 정성호 옮김	성바오로출판사	1988-03-21	99	kor	철학	심리학	각론	181.44	https://image.aladin.co.kr/product/37/18/cover500/8980153236_1.gif		KMO198805564			Owned	26-10-04 20:16	2026-10-4 19:19	ISBN이 잘못인쇄됨
2025-10-30 22:32	BK-20251030-0738	9780385512275	The Present (Paperback) - 『선물』원서	스펜서 존슨 (지은이)	doubleday	2003-01-01	109	eng	철학	윤리학, 도덕철학	도덕훈, 교훈	199.1	https://image.aladin.co.kr/product/43/77/cover500/0385512279_2.jpg					Owned	26-10-04 20:16	2026-10-4 19:19	(325.04)를 스펜서존슨책 전부 199.1로 이동
2025-10-30 22:33	BK-20251030-0739	9788976332844	복잡계로 바라본 조직관리	최창현 (지은이)	삼성경제연구소	2005-12-09	136	kor	사회과학	경제학	경영	325.2	https://image.aladin.co.kr/product/60/75/cover500/8976332849_1.jpg	/NL/contents/search.do#viewKey=CNTS-00030339411&viewType=C				Owned	26-10-04 20:16	2026-10-4 19:19	
2025-10-30 22:34	BK-20251030-0740	9788976334107	데메테르의 지혜로운 선택 - 아이의 미래를 여는 경제 에세이	정갑영 (지은이)	삼성경제연구소	2009-12-28	172	kor	사회과학	경제학	금융	327.04	https://image.aladin.co.kr/product/611/92/cover500/8976334108_1.jpg	/NL/contents/search.do#viewKey=107223632&viewType=AH1				Owned	26-10-04 20:16	2026-10-4 19:19	
2025-10-30 22:36	BK-20251030-0741	9780671733353	How to Stop Worrying and Start Living (Mass Market Paperback, Revised)	데일 카네기 (지은이)	Pocket Books	1990-09-15	358	eng	철학	윤리학, 도덕철학	도덕훈, 교훈	199.1	https://image.aladin.co.kr/product/91/3/cover500/0671733354_1.jpg					Owned	26-10-04 20:16	2026-10-4 19:19	
2025-10-30 22:36	BK-20251030-0742	9780061143304	Freakonomics	스티븐 레빗, 스티븐 더브너 (지은이)	Harper Torch	2005-03-01	242	eng	사회과학	사회학, 사회문제	사회학, 사회문제	330	https://image.aladin.co.kr/product/65/88/cover500/0061143308_1.jpg	/NL/contents/search.do#viewKey=155716564&viewType=AH1				Owned	26-10-04 20:16	2026-10-4 19:19	
2025-10-30 22:36	BK-20251030-0743	9780345331359	Cosmos (Mass Market Paperback)	칼 세이건 (지은이)	Ballantine Books	1985-10-12	324	eng	자연과학	천문학	기술천문학	443.1	https://image.aladin.co.kr/product/90/7/cover500/0345331354_2.jpg					Owned	26-10-04 20:16	2026-10-4 19:19	
2025-10-30 22:37	BK-20251030-0744	9780385496490	Tuesdays with Morrie (Mass Market Paperback, 미국판, Internantional) - 『모리와 함께한 화요일』 원서	미치 앨봄 (지은이)	Anchor	1998-12-29	192	eng	문학	영미문학	소설	843	https://image.aladin.co.kr/product/42/16/cover500/0385496494_1.jpg					Owned	26-10-04 20:16	2026-10-4 19:19	
2025-10-31 2:59	BK-20251031-0745	9788917160246	프랭클린 자서전	시사영어사 편집부 (엮은이)	와이비엠	1999-04-20	110	eng	역사	전기	북아메리카전기	994		/NL/contents/search.do#viewKey=CNTS-00030534850&viewType=C				Owned	26-10-04 20:16	2026-10-4 19:19	
2025-10-31 13:49	BK-20251031-0746	9788937886966	10대를 위한 정의란 무엇인가 - 하버드대 마이클 샌델 교수의 정의 수업	마이클 샌델 (원작), 신현주 (글), 조혜진 (그림), 김선욱 (감수)	미래엔아이세움	2014-11-30	216	kor	철학	윤리학, 도덕철학	국가 및 정치윤리	193	https://image.aladin.co.kr/product/4947/78/cover500/8937886960_2.jpg	/NL/contents/search.do#viewKey=235737652&viewType=AH1				Owned	26-10-04 20:16	2026-10-4 19:19	
2025-10-31 13:50	BK-20251031-0747	9791188990160	백범 일지 - 독립을 향한 열정의 기록	강창훈 (지은이), 신슬기 (그림), 배경식 (감수)	책과함께어린이	2018-12-10	176	kor	역사	전기	주제별 전기	998.3	https://image.aladin.co.kr/product/17624/16/cover500/k292534111_1.jpg	/NL/contents/search.do#viewKey=551123251&viewType=AH1				Owned	26-10-04 20:16	2026-10-4 19:19	
2025-11-2 11:32	BK-20251102-0748	9788964600108	엄마표 뇌교육 - 내 아이의 미래가 달라지는	서유헌 (지은이)	생각의나무	2010-02-22	216	kor	기술과학	생활과학	육아	598.1	https://image.aladin.co.kr/product/646/48/cover500/896460010x_1.jpg	/NL/contents/search.do#viewKey=107930091&viewType=AH1				Owned	26-10-04 20:16	2026-10-4 19:19	
2025-11-2 11:32	BK-20251102-0749	9788952755988	아이의 사생활	EBS 아이의 사생활 제작팀 (지은이)	지식채널	2009-07-29	432	kor	기술과학	생활과학	육아	598.1	https://image.aladin.co.kr/product/426/66/cover500/8952755987_1.jpg	/NL/contents/search.do#viewKey=102939045&viewType=AH1				Owned	26-10-04 20:16	2026-10-4 19:19	
2025-11-2 11:32	BK-20251102-0750	9788947527897	내 아이를 위한 감정코칭 - 존 가트맨.최성애 박사의	조벽, 최성애, 존 가트맨 (지은이)	한국경제신문	2011-02-08	352	kor	기술과학	생활과학	육아	598.1	https://image.aladin.co.kr/product/866/1/cover500/8947527890_1.jpg	/NL/contents/search.do#viewKey=CNTS-00059267645&viewType=C				Owned	26-10-04 20:16	2026-10-4 19:19	
2025-11-2 11:33	BK-20251102-0751	9788956591094	한 권으로 끝내는 와인특강	전상헌 (지은이), 이순주 (감수)	예문	2008-02-12	528	kor	기술과학	화학공학	음료기술	573.2	https://image.aladin.co.kr/product/171/2/cover500/8956591091_1.jpg	/NL/contents/search.do#viewKey=81246692&viewType=AH1				Owned	26-10-04 20:16	2026-10-4 19:19	
2025-11-2 11:33	BK-20251102-0752	9788996333920	두 번 고른 장난감 - 에디터 맘 정원씨의	강정원 (지은이)	낭만북스	2010-03-17	200	kor	기술과학	생활과학	육아	598.45	https://image.aladin.co.kr/product/660/51/cover500/8996333921_2.jpg					Owned	26-10-04 20:16	2026-10-4 19:19	
2025-11-2 11:34	BK-20251102-0753	9788992109468	초간단 생활놀이 150 - 엄마는 편하고 아이는 즐거운	즐거운상상 편집부 (엮은이), 량선 (그림)	즐거운상상	2009-07-22	280	kor	기술과학	생활과학	육아	598.4	https://image.aladin.co.kr/product/428/6/cover500/8992109466_1.jpg	/NL/contents/search.do#viewKey=101726058&viewType=AH1				Owned	26-10-04 20:16	2026-10-4 19:19	
2025-11-2 11:35	BK-20251102-0754	9788996508458	한 그릇 아이 밥 - 1일 필요 영양에 맞춘 108가지 일품요리	김영빈 (지은이), 이선경 (감수)	수작걸다	2011-11-17	232	kor	기술과학	생활과학	식품과 식료	594.5	https://image.aladin.co.kr/product/1382/26/cover500/8996508454_1.jpg	/NL/contents/search.do#viewKey=141685710&viewType=AH1				Owned	26-10-04 20:16	2026-10-4 19:19	
2025-11-2 11:35	BK-20251102-0755	9788994030722	Home Cafe 101 : Vol. 1 Egg - 집에서 쉽고 간단하게 만드는 101가지 달걀 요리	라퀴진 (지은이)	나무수	2011-11-01	160	kor	기술과학	생활과학	식품과 식료	594.5	https://image.aladin.co.kr/product/1359/43/cover500/8994030727_2.jpg	/NL/contents/search.do#viewKey=141684900&viewType=AH1				Owned	26-10-04 20:16	2026-10-4 19:19	
2025-11-2 11:35	BK-20251102-0756	9788952740021	한비네 집 맛있는 이야기 - 귀여운 엘비스가 전하는 아이 먹거리 육아 살림 비법	이현정 (지은이)	미호	2013-12-20	368	kor	기술과학	생활과학	식품과 식료	594.5	https://image.aladin.co.kr/product/3431/46/cover500/8952740025_1.jpg	/NL/contents/search.do#viewKey=194168595&viewType=AH1				Owned	26-10-04 20:16	2026-10-4 19:19	
2025-11-2 11:35	BK-20251102-0757	9788952798565	입시의 정도 - 대한민국 학부모라면 반드시 알아야 할	강현주 (지은이)	지식너머	2019-03-28	360	kor	사회과학	교육학	대학, 전문, 고등 교육	377.37	https://image.aladin.co.kr/product/18754/4/cover500/8952798562_1.jpg	/NL/contents/search.do#viewKey=571336616&viewType=AH1				Owned	26-10-04 20:16	2026-10-4 19:19	
2025-11-2 11:36	BK-20251102-0758	9791162201510	김영철·타일러의 진짜 미국식 영어 - 한 마디를 해도 통하는	김영철, 타일러 라쉬 (지은이)	위즈덤하우스	2017-12-08	336	kor	언어	영어	독본, 해석, 회화	747.5	https://image.aladin.co.kr/product/12441/28/cover500/s652931231_1.jpg	/NL/contents/search.do#viewKey=488130323&viewType=AH1				Owned	26-10-04 20:16	2026-10-4 19:19	
2025-11-2 11:36	BK-20251102-0759	9791196427306	너를 영어1등급으로 만들어주마 - 최신개정판	서림 (지은이)	메리포핀스	2023-12-21	326	kor	언어	영어	영어	740.7	https://image.aladin.co.kr/product/33061/83/cover500/k002937994_1.jpg					Owned	26-10-04 20:16	2026-10-4 19:19	
2025-11-2 11:36	BK-20251102-0760	9788964806548	엄마표 생활영어 표현사전 - ‘영어’ 하면 기죽는 보통엄마들의 고민 끝!, 개정증보판	쑥쑥닷컴 영어교육연구소 (홍현주 외) (지은이)	로그인	2018-08-06	576	kor	언어	영어	영어	740	https://image.aladin.co.kr/product/19406/39/cover500/k792635310_1.jpg	/NL/contents/search.do#viewKey=137397687&viewType=AH1				Owned	26-10-04 20:16	2026-10-4 19:19	
2025-11-2 11:37	BK-20251102-0761	9788915040885	내 몸을 고치는 셀프 마사지	이연희, 홍승정 (지은이)	삼성출판사	2005-05-01	173	kor	기술과학	의학	임상의학 일반	512.44	https://image.aladin.co.kr/product/55/45/cover500/8915040880_1.jpg	/NL/contents/search.do#viewKey=CNTS-00030317547&viewType=C				Owned	26-10-04 20:16	2026-10-4 19:19	
2025-11-2 11:37	BK-20251102-0762	9788967212575	나 혼자 우쿨렐레 친다 비기너 (스프링) - 은별아빠의 우쿨렐레 독학	심승규 (지은이)	삼호ETM	2021-03-25	220	kor	예술	음악	현악기	677.47	https://image.aladin.co.kr/product/26717/9/cover500/8967212577_1.jpg	/NL/contents/search.do#viewKey=753435372&viewType=AH1				Owned	26-10-04 20:16	2026-10-4 19:19	
2025-11-2 11:37	BK-20251102-0763	9788997686551	반찬이 필요 없는 밥 요리 - 대한민국 주부를 응원합니다!	노애리 (지은이)	이밥차(그리고책)	2015-03-02	248	kor	기술과학	생활과학	식품과 식료	594.5	https://image.aladin.co.kr/product/5415/5/cover500/8997686550_1.jpg	/NL/contents/search.do#viewKey=239839704&viewType=AH1				Owned	26-10-04 20:16	2026-10-4 19:19	
2025-11-2 11:37	BK-20251102-0764	9788936309268	남편 사로잡는 101가지 요리비법 - 여자에겐 요리도 힘이다!	이보은 (지은이)	파프리카(교문사)	2008-05-09	237	kor	기술과학	생활과학	식품과 식료	594.5	https://image.aladin.co.kr/product/216/85/cover500/8936309269_1.jpg	/NL/contents/search.do#viewKey=88391104&viewType=AH1				Owned	26-10-04 20:16	2026-10-4 19:19	
2025-11-2 11:37	BK-20251102-0765	9788964942338	생각이 커지는 수학 퍼즐 - 천재 수학자 샘 로이드의	샘 로이드 (지은이)	바이킹	2015-11-20	96	kor	자연과학	수학	수학	410	https://image.aladin.co.kr/product/6949/70/cover500/8964942337_1.jpg	/NL/contents/search.do#viewKey=266525955&viewType=AH1				Owned	26-10-04 20:16	2026-10-4 19:19	
2025-11-2 11:38	BK-20251102-0766	9788956810973	곤도 노리코의 수납이 잘된 집 - 수납 인테리어의 女王	곤도 노리코 (지은이), 최수진 (옮긴이)	아카데미북	2009-10-15	124	kor	기술과학	생활과학	주택관리 및 가정설비	595.4	https://image.aladin.co.kr/product/476/8/cover500/8956810974_1.jpg	/NL/contents/search.do#viewKey=102984497&viewType=AH1				Owned	26-10-04 20:16	2026-10-4 19:19	
2025-11-2 11:38	BK-20251102-0767	9788992309264	엄마가 모르는 아빠효과 - EBS 교육방송	김영훈 (지은이)	베가북스	2009-10-26	330	kor	기술과학	생활과학	육아	598.1	https://image.aladin.co.kr/product/484/25/cover500/8992309260_3.jpg	/NL/contents/search.do#viewKey=CNTS-00073699452&viewType=C				Owned	26-10-04 20:16	2026-10-4 19:19	
2025-11-2 11:38	BK-20251102-0768	9788959133642	아기 성장 보고서 - EBS 특별기획 다큐멘터리	EBS 아기성장보고서 제작팀 (지은이)	위즈덤하우스	2009-01-25	296	kor	기술과학	생활과학	육아	598.122	https://image.aladin.co.kr/product/311/90/cover500/8959133647_3.jpg	/NL/contents/search.do#viewKey=94210997&viewType=AH1				Owned	26-10-04 20:16	2026-10-4 19:19	
2025-11-2 11:39	BK-20251102-0769	9788957918647	엄마의 독서학교 - 태어나서 7세까지 우리 아이 두뇌 프로젝트	남미영 (지은이)	애플비	2007-12-10	300	kor	총류	문헌정보학	독서 및 정보매체의 이용	029.8	https://image.aladin.co.kr/product/102/16/cover500/8957918647_1.jpg	/NL/contents/search.do#viewKey=79896731&viewType=AH1				Owned	26-10-04 20:16	2026-10-4 19:19	
2025-11-2 11:39	BK-20251102-0770	9791186650080	초등 적기글쓰기 - 초등 학년별 아이의 성장에 필요한 글쓰기만 모은 첫 책!	장서영 (지은이)	글담출판	2016-01-15	282	kor	문학	문학	문장작법, 수사학	802	https://image.aladin.co.kr/product/7453/18/cover500/k612434407_1.jpg	/NL/contents/search.do#viewKey=266387728&viewType=AH1				Owned	26-10-04 20:16	2026-10-4 19:19	
2025-11-2 11:40	BK-20251102-0771	9791158360207	글쓰기 처방전 - 동화 작가 채인선의 하루 한 장	채인선 (지은이), 정우열, 스노우캣(권윤주) (그림)	책읽는곰	2016-02-18	384	kor	문학	문학	문장작법, 수사학	802	https://image.aladin.co.kr/product/7805/76/cover500/k102434328_2.jpg	/NL/contents/search.do#viewKey=277901897&viewType=AH1				Owned	26-10-04 20:16	2026-10-4 19:19	
2025-11-2 11:40	BK-20251102-0772	9788965180449	일기, 독서록, 체험학습보고서 쓰기 - 현직 교사가 알려주는	김수정 (지은이)	경향에듀(경향미디어)	2011-12-22	307	kor	문학	문학	문장작법, 수사학	802	https://image.aladin.co.kr/product/1426/98/cover500/8965180449_1.jpg	/NL/contents/search.do#viewKey=145108707&viewType=AH1				Owned	26-10-04 20:16	2026-10-4 19:19	
2025-11-2 11:40	BK-20251102-0773	9788959759811	쉽게 배우는 새로운 코바늘 손뜨개의 기초 - 95가지 손뜨개 기호와 50가지 손뜨개 기법 & 멋진 손뜨개 작품 22점	일본 보그사 (지은이), 김현영 (옮긴이)	한즈미디어(한스미디어)	2016-06-27	152	kor	기술과학	생활과학	의복	592.27	https://image.aladin.co.kr/product/8645/46/cover500/8959759813_1.jpg					Owned	26-10-04 20:16	2026-10-4 19:19	
2025-11-2 11:41	BK-20251102-0774	9788985509954	에디슨 아동 키워주고 살려주고	루시 조 팰러디노 (지은이)	세종(세종서적)	1998-05-12	344	kor	사회과학	교육학	교육학	370.18	https://image.aladin.co.kr/product/10/3/cover500/8985509950_1.gif	/NL/contents/search.do#viewKey=CNTS-00030265915&viewType=C				Owned	26-10-04 20:16	2026-10-4 19:19	
2025-11-2 11:41	BK-20251102-0775	9788995346624	웰빙 와인 상식 50	김준철, 한관규, 서한정 (지은이)	그랑벵코리아	2006-01-16	130	kor	기술과학	화학공학	음료기술	573.2	https://image.aladin.co.kr/product/53/82/cover500/8995346620_1.jpg					Owned	26-10-04 20:16	2026-10-4 19:19	
2025-11-2 11:42	BK-20251102-0776	9788970961491	한국미술사 - 신판, 한국학총서 1	김원룡, 안휘준 (지은이)	서울대학교출판부	1997-04-10	608	kor	예술	예술	미술사	609.11	https://image.aladin.co.kr/product/16/5/cover500/8970961496_1.gif					Owned	26-10-04 20:16	2026-10-4 19:19	
2025-11-2 11:44	BK-20251102-0777	9788985482905	핵심동사 33개로 구동사 만들기	구학관 (지은이)	어학마을(리딩리더)	2004-03-17	368	kor	언어	영어	문법	745.4	https://image.aladin.co.kr/product/47/35/cover500/8985482904_1.gif					Owned	26-10-04 20:16	2026-10-4 19:19	
2025-11-2 11:44	BK-20251102-0778	9788982203145	한국에 잘못 알려진 영문법 70가지	김경숙 (지은이)	넥서스	2003-10-31	264	kor	언어	영어	문법	745	https://image.aladin.co.kr/product/43/93/cover500/8982203141_1.gif					Owned	26-10-04 20:16	2026-10-4 19:19	
2025-11-2 11:45	BK-20251102-0779	9788925517025	남자는 왜 젖꼭지가 있을까? (책 + MP3 CD 1장)	빌리 골드버그, 마크 레이너 (지은이), munge(박상희) (그림), 이한음 (옮긴이)	두앤비컨텐츠(랜덤하우스코리아)	2008-02-26	352	kor	문학	영미문학	수필	844	https://image.aladin.co.kr/product/182/61/cover500/8925517027_1.jpg	/NL/contents/search.do#viewKey=82518409&viewType=AH1				Owned	26-10-04 20:16	2026-10-4 19:19	(747.2)에서 변경
2025-11-2 11:46	BK-20251102-0780	9788936304515	영어전치사연구 - 의미와 용법	이기동 (지은이)	교문사	1998-07-10	446	kor	언어	영어	문법	745.7	https://image.aladin.co.kr/product/10/45/cover500/8936304518_2.jpg					Owned	26-10-04 20:16	2026-10-4 19:19	
2025-11-2 11:46	BK-20251102-0781	9788970410906	Updated 꼬리에 꼬리를 무는 영어	한호림 (지은이)	디자인하우스	1997-12-01	480	kor	언어	영어	어휘	744	https://image.aladin.co.kr/product/2/57/cover500/8970410902_1.gif					Owned	26-10-04 20:16	2026-10-4 19:19	
2025-11-2 11:46	BK-20251102-0782	9788970410869	꼭 알아야 할 ENGLISH RULES 250	이상빈, 이브 로스만 (지은이)	디자인하우스	1997-12-15	334	kor	언어	영어	독본, 해석, 회화	747	https://image.aladin.co.kr/product/2/60/cover500/8970410864_1.gif					Owned	26-10-04 20:16	2026-10-4 19:19	
2025-11-2 11:47	BK-20251102-0783	9788995177648	구학관박사의 영문법이야기 - 영어의 늪에 빠진 대한민국 국민여러분! 제 2권	구학관 (지은이)	테스트뱅크21.com	2000-12-20	268	kor	언어	영어	문법	745.1	https://image.aladin.co.kr/product/25/89/cover500/8995177640_1.gif					Owned	26-10-04 20:16	2026-10-4 19:19	
2025-11-2 11:47	BK-20251102-0784	9788934903918	동사를 알면 죽은 영어도 살린다 - Neoquest English 3,개정판	네오퀘스트 (지은이)	김영사	2000-12-27	476	kor	언어	영어	문법	745	https://image.aladin.co.kr/product/19/9/cover500/8934903910_1.gif					Owned	26-10-04 20:16	2026-10-4 19:19	
2025-11-2 11:47	BK-20251102-0785	9780679745891	Word Smart 1	애덤 로빈슨, 프린스턴 리뷰팀 (지은이)	Princeton Review	1993-01-01	319	eng	언어	영어	어휘	744	https://image.aladin.co.kr/product/18/67/cover500/0679745890_1.gif					Owned	26-10-04 20:16	2026-10-4 19:19	
2025-11-2 11:47	BK-20251102-0786	9780194311977	Practical English Usage (Paperback, 2nd)	Michael Swan (지은이)	Oxford	1993-04-01	658	eng	언어	영어	문법	745	https://image.aladin.co.kr/product/2318/39/cover500/scm2504592327517.jpg					Owned	26-10-04 20:16	2026-10-4 19:19	
2025-11-2 11:47	BK-20251102-0787	9780768911749	GRE CAT Answers to Real Essay Questions (Peterson's GRE Answers to the Real Essay Questions) (Paperback, 2nd)	아르코 (Arco) (지은이)	Arco	2003-01-17	352	eng	언어	영어	독본, 해석, 회화	747	https://image.aladin.co.kr/product/4262/62/cover500/0768911745_1.jpg					Owned	26-10-04 20:16	2026-10-4 19:19	
2025-11-2 11:48	BK-20251102-0788	9780764113659	1100 Words You Need to Know (Paperback, 4) - Fourth Edition	머레이 브롬버그 (지은이)	Barrons Educational Series	2000-09-01	380	eng	언어	영어	어휘	744	https://image.aladin.co.kr/product/0/1/cover500/0764113658_1.gif					Owned	26-10-04 20:16	2026-10-4 19:19	
2025-11-2 11:48	BK-20251102-0789	9788990700254	해커스 토플 스피킹 (Hackers TOEFL Speaking) : 1st iBT Edition (iBT) (책 + CD 2장)	David Cho (지은이)	해커스어학연구소(Hackers)	2006-06-05	460	kor	언어	영어	독본, 해석, 회화	747	https://image.aladin.co.kr/product/66/14/cover500/8990700256_2.jpg					Owned	26-10-04 20:16	2026-10-4 19:19	
2025-11-2 11:56	BK-20251102-0790	9780375762185	Word Smart 1 - 3rd Edition	애덤 로빈슨, 프린스턴 리뷰팀 (지은이)	Princeton Review	2001-08-07	386	eng	언어	영어	어휘	744	https://image.aladin.co.kr/product/29/55/cover500/0375762183_1.gif					Owned	26-10-04 20:16	2026-10-4 19:19	
2025-11-2 11:56	BK-20251102-0791	9788980980697	1000단어로 8000단어를 정복한다	동서문화 아카데미 (엮은이)	인터미디어	2000-11-01	450	kor	언어	영어	어휘	744	https://image.aladin.co.kr/product/25/65/cover500/8980980698_1.gif					Owned	26-10-04 20:16	2026-10-4 19:19	
2025-11-2 11:57	BK-20251102-0792	9788982320309	헨리홍의 영어발음구구단	헨리홍 (지은이)	한뜻	1996-12-30	234	kor	언어	영어	음운, 음성, 문자	741.1	https://image.aladin.co.kr/product/16/94/cover500/9788982320309.gif					Owned	26-10-04 20:16	2026-10-4 19:19	
2025-11-2 11:57	BK-20251102-0793	9788936433895	몽실 언니 - 권정생 소년소설, 개정판	권정생 (지은이), 이철수 (그림)	창비	2012-04-25	300	kor	문학	한국문학	소설	813.6	https://image.aladin.co.kr/product/1634/54/cover500/893643389x_2.jpg	/NL/contents/search.do#viewKey=151119452&viewType=AH1				Owned	26-10-04 20:16	2026-10-4 19:19	
2025-11-2 11:57	BK-20251102-0794	9780521577687	Vocabulary in Use Upper Intermediate with Answers (Paperback)	마이클 맥카시, McCarthy, Michael (지은이)	Cambridge Univ Pr	1997-03-13	297	eng	언어	영어	어휘	744	https://image.aladin.co.kr/product/18/65/cover500/0521577683_1.jpg					Owned	26-10-04 20:16	2026-10-4 19:19	
2025-11-2 12:02	BK-20251102-0795	9788965913481	나의 첫 세계사 여행 : 유럽.아메리카 - 세계 여행과 세계사 공부를 한 번에 끝내는 본격 학습 교양서!	전국역사교사모임 (지은이), 송진욱 (그림)	휴먼어린이	2018-01-29	252	kor	역사	역사	세계사, 세계문화사	909	https://image.aladin.co.kr/product/13172/66/cover500/8965913489_1.jpg	/NL/contents/search.do#viewKey=488375691&viewType=AH1				Owned	26-10-04 20:16	2026-10-4 19:19	
2025-11-2 12:02	BK-20251102-0796	9788965820505	한국대표수필 75 - 중고생이 꼭 읽어야 할, 개정증보판	피천득 (지은이), 박찬영, 이서인, 김형주 (엮은이)	리베르	2013-01-29	440	kor	문학	한국문학	수필	814.6	https://image.aladin.co.kr/product/2318/62/cover500/8965820502_3.jpg	/NL/contents/search.do#viewKey=160695844&viewType=AH1				Owned	26-10-04 20:16	2026-10-4 19:19	
2025-11-2 12:03	BK-20251102-0797	9788965820499	한국고전소설 40 - 중고생이 꼭 읽어야 할, 개정증보판	박지원 (지은이), 권정현, 김형주 (엮은이)	리베르	2013-01-09	648	kor	문학	한국문학	소설	813.5	https://image.aladin.co.kr/product/2248/65/cover500/8965820499_3.jpg	/NL/contents/search.do#viewKey=160695820&viewType=AH1				Owned	26-10-04 20:16	2026-10-4 19:19	
2025-11-2 12:08	BK-20251102-0798	9780375762574	The Princeton Review Word Smart Junior (Paperback, 2nd) - 2nd Edition	Cynthia L. Brantley (지은이)	Princeton Review	2002-08-01	352	eng	언어	영어	어휘	744	https://image.aladin.co.kr/product/40/0/cover500/0375762574_1.gif	/NL/contents/search.do#viewKey=697684735&viewType=AH1				Owned	26-10-04 20:16	2026-10-4 19:19	듀이십진분류에서 변경
2025-11-2 17:29	BK-20251102-0799	9791197578410	채사장의 지대넓얕 1 : 권력의 탄생 - 지적 대화를 위한 넓고 얕은 지식	채사장, 마케마케 (지은이), 정용환 (그림)	돌핀북	2021-09-29	164	kor	총류	총류	지식 및 학문 일반	001	https://image.aladin.co.kr/product/27944/7/cover500/k332734114_1.jpg	/NL/contents/search.do#viewKey=795325901&viewType=AH1				Owned	26-10-04 20:16	2026-10-4 19:19	
2025-11-2 17:29	BK-20251102-0800	9791197578427	채사장의 지대넓얕 2 : 자본이라는 신 - 지적 대화를 위한 넓고 얕은 지식	채사장, 마케마케 (지은이), 정용환 (그림)	돌핀북	2022-01-12	160	kor	총류	총류	지식 및 학문 일반	001	https://image.aladin.co.kr/product/28568/80/cover500/k852835146_1.jpg	/NL/contents/search.do#viewKey=795325901&viewType=AH1				Owned	26-10-04 20:16	2026-10-4 19:19	
2025-11-2 17:29	BK-20251102-0801	9791197578434	채사장의 지대넓얕 3 : 폭력의 시대 - 지적 대화를 위한 넓고 얕은 지식	채사장, 마케마케 (지은이), 정용환 (그림)	돌핀북	2022-04-30	168	kor	총류	총류	지식 및 학문 일반	001	https://image.aladin.co.kr/product/29282/23/cover500/k692837906_1.jpg	/NL/contents/search.do#viewKey=795325901&viewType=AH1				Owned	26-10-04 20:16	2026-10-4 19:19	
2025-11-2 17:30	BK-20251102-0802	9791197578441	채사장의 지대넓얕 4 : 보이지 않는 손 - 지적 대화를 위한 넓고 얕은 지식	채사장, 마케마케 (지은이), 정용환 (그림)	돌핀북	2022-08-20	160	kor	총류	총류	지식 및 학문 일반	001	https://image.aladin.co.kr/product/29958/47/cover500/k132838145_1.jpg	/NL/contents/search.do#viewKey=795325901&viewType=AH1				Owned	26-10-04 20:16	2026-10-4 19:19	
2025-11-2 17:30	BK-20251102-0803	9791197578458	채사장의 지대넓얕 5 : 자본주의의 역습 - 지적 대화를 위한 넓고 얕은 지식	채사장, 마케마케 (지은이), 정용환 (그림)	돌핀북	2022-12-24	160	kor	총류	총류	지식 및 학문 일반	001	https://image.aladin.co.kr/product/30614/95/cover500/k762830721_1.jpg	/NL/contents/search.do#viewKey=795325901&viewType=AH1				Owned	26-10-04 20:16	2026-10-4 19:19	
2025-11-2 17:30	BK-20251102-0804	9788964960226	손으로 그려 봐야 우리 땅을 잘 알지 - 2026 개정, 그리며 배우는 한국지리	구혜경, 정은주 (지은이), 김효진 (그림), 류재명 (추천)	토토북	2020-09-21	208	kor	역사	지리	아시아지리	981.1	https://image.aladin.co.kr/product/892/64/cover500/896496022x_2.jpg	/NL/contents/search.do#viewKey=132641546&viewType=AH1				Owned	26-10-04 20:16	2026-10-4 19:19	
2025-11-2 17:37	BK-20251102-0805	9788968305795	바람을 품은 집, 장경판전	조경희 (지은이), 김태현 (그림)	개암나무	2020-05-06	156	kor	문학	한국문학	소설	813.7	https://image.aladin.co.kr/product/23941/11/cover500/896830579x_1.jpg	/NL/contents/search.do#viewKey=697122839&viewType=AH1				Owned	26-10-04 20:16	2026-10-4 19:19	
2025-11-3 12:57	BK-20251103-0806	9788952724632	크리스마스 캐럴	찰스 디킨스 (지은이), 퀀틴 블레이크 (그림), 김난령 (옮긴이)	시공주니어	2003-11-25	204	kor	문학	영미문학	소설	843	https://image.aladin.co.kr/product/44/40/cover500/8952724631_2.jpg					Owned	26-10-04 20:16	2026-10-4 19:19	
2025-11-3 12:59	BK-20251103-0807	9788952788719	찰리와 초콜릿 공장 - 개정판	로알드 달 (지은이), 퀸틴 블레이크 (그림), 지혜연 (옮긴이)	시공주니어	2019-01-25	260	kor	문학	영미문학	소설	843	https://image.aladin.co.kr/product/18009/53/cover500/8952788710_1.jpg					Owned	26-10-04 20:16	2026-10-4 19:19	
2025-11-3 13:00	BK-20251103-0808	9788943305550	헨쇼 선생님께	비벌리 클리어리 (지은이), 이승민 (그림), 선우미정 (옮긴이)	보림	2005-03-10	150	kor	문학	영미문학	소설	843	https://image.aladin.co.kr/product/54/64/cover500/8943305559_2.jpg					Owned	26-10-04 20:16	2026-10-4 19:19	
2025-11-3 13:00	BK-20251103-0809	9788952761071	내 이름은 삐삐 롱스타킹 (반양장)	아스트리드 린드그렌 (지은이), 로렌 차일드 (그림), 햇살과나무꾼 (옮긴이)	시공주니어	2011-06-10	202	kor	문학	독일문학	기타 게르만 문학	859.7	https://image.aladin.co.kr/product/1246/10/cover500/8952761073_1.jpg	/NL/contents/search.do#viewKey=138928749&viewType=AH1				Owned	26-10-04 20:16	2026-10-4 19:19	
2025-11-3 13:01	BK-20251103-0810	9788965462385	엘 데포 - 특별한 아이와 진실한 친구 이야기, 2015 뉴베리 명예상 수상작	시시 벨 (지은이), 고정아 (옮긴이)	밝은미래	2016-07-15	248	kor	문학	영미문학	소설	843	https://image.aladin.co.kr/product/8741/81/cover500/896546238x_1.jpg	/NL/contents/search.do#viewKey=285134391&viewType=AH1				Owned	26-10-04 20:16	2026-10-4 19:19	
2025-11-3 13:02	BK-20251103-0811	9788935652792	마법의 설탕 두 조각	미하엘 엔데 (지은이), 유혜자 (옮긴이)	한길사	2001-05-10	92	kor	문학	독일문학	소설	853	https://image.aladin.co.kr/product/27/73/cover500/8935652792_2.jpg					Owned	26-10-04 20:16	2026-10-4 19:19	
2025-11-3 13:03	BK-20251103-0812	9791185751870	살아남은 여름 1854 - 런던을 집어삼킨 죽음의 그림자, 살아남을 시간은 단 나흘	데보라 홉킨슨 (지은이), 길상효 (옮긴이)	씨드북(주)	2016-06-30	260	kor	문학	영미문학	소설	843	https://image.aladin.co.kr/product/8597/3/cover500/k852535472_1.jpg	/NL/contents/search.do#viewKey=282826291&viewType=AH1				Owned	26-10-04 20:16	2026-10-4 19:19	
2025-11-3 13:03	BK-20251103-0813	9788935653751	헤르만의 비밀 여행	미하엘 엔데 (지은이), 이지연 (옮긴이)	한길사	2002-08-10	94	kor	문학	독일문학	소설	853	https://image.aladin.co.kr/product/37/28/cover500/8935653756_1.gif					Owned	26-10-04 20:16	2026-10-4 19:19	
2025-11-3 13:04	BK-20251103-0814	9791189044084	일곱 빛깔 독도 이야기	황선미 (지은이), 우지현 (그림)	이마주	2018-10-05	168	kor	문학	한국문학	소설	813.7	https://image.aladin.co.kr/product/17546/68/cover500/k302534408_1.jpg	/NL/contents/search.do#viewKey=674510720&viewType=AH1				Owned	26-10-04 20:16	2026-10-4 19:19	
2025-11-3 13:04	BK-20251103-0815	9788989646075	그림 도둑 준모	오승희 (지은이), 최정인 (그림)	낮은산	2003-05-30	103	kor	문학	한국문학	소설	813.7	https://image.aladin.co.kr/product/41/65/cover500/8989646073_2.jpg	/NL/contents/search.do#viewKey=132646831&viewType=AH1				Owned	26-10-04 20:16	2026-10-4 19:19	
2025-11-3 13:04	BK-20251103-0816	9788970572581	햄스터 덩이와 고양이 리옹	박신식 (지은이), 안은진 (그림)	주니어파랑새(파랑새어린이)	2001-11-30	136	kor	문학	한국문학	소설	813.8	https://image.aladin.co.kr/product/31/2/cover500/8970572589_1.gif					Owned	26-10-04 20:16	2026-10-4 19:19	
2025-11-3 13:04	BK-20251103-0817	9788900098402	반딧불이 똥구멍에서 빛이 나	이미애 (지은이), 이웅기 (그림)	두산동아	2001-05-29	112	kor	문학	한국문학	소설	813.8	https://image.aladin.co.kr/product/28/0/cover500/8900098403_2.jpg					Owned	26-10-04 20:16	2026-10-4 19:19	
2025-11-3 13:05	BK-20251103-0818	9788956899183	나 하나 쯤이야 - 공중도덕	이상배 (지은이), 백명식 (그림)	소담주니어	2013-11-15	101	kor	문학	한국문학	소설	813.7	https://image.aladin.co.kr/product/3322/9/cover500/8956899185_1.jpg	/NL/contents/search.do#viewKey=200262953&viewType=AH1				Owned	26-10-04 20:16	2026-10-4 19:19	
2025-11-3 13:06	BK-20251103-0819	9788936441418	아빠, 법이 뭐예요?	우리누리 (지은이)	창비	2005-04-05	236	kor	문학	한국문학	소설	813.8	https://image.aladin.co.kr/product/9/41/cover500/8936441418_2.jpg					Owned	26-10-04 20:16	2026-10-4 19:19	
2025-11-3 13:06	BK-20251103-0820	9788936446796	별 볼 일 없는 4학년 - 주디 블룸 장편동화	주디 블룸 (지은이), 오승민 (그림), 윤여숙 (옮긴이)	창비	2015-07-10	184	kor	문학	영미문학	소설	843	https://image.aladin.co.kr/product/6284/38/cover500/8936446797_1.jpg	/NL/contents/search.do#viewKey=252178005&viewType=AH1				Owned	26-10-04 20:16	2026-10-4 19:19	(808.3)에서 재분류
2025-11-3 13:07	BK-20251103-0821	9788935502493	원숭이 꽃신 - 주제별 동화선집 2, 역사 바로 알기	어린이도서연구회 (엮은이)	오늘	2001-05-15	208	kor	문학	한국문학	소설	813.808	https://image.aladin.co.kr/product/11/18/cover500/8935502499_2.jpg					Owned	26-10-04 20:16	2026-10-4 19:19	
2025-11-3 13:07	BK-20251103-0822	9788955600261	초등학생을 위한 탈무드 111가지	세상모든책 편집부 (엮은이)	세상모든책	2002-08-15	360	kor	종교	기독교	유대교(유태교)	239.3	https://image.aladin.co.kr/product/37/12/cover500/8955600267_2.jpg					Owned	26-10-04 20:16	2026-10-4 19:19	
2025-11-3 13:11	BK-20251103-0823	9791155818633	Horrible Science - Chemical Chaos: 처음 만나는 과학 영어 수업 (화학) - 스콜라스틱×윌북 영어 원서 리딩 프로젝트	닉 아놀드, 지소철 (지은이), 토니 드 솔스 (그림)	윌북주니어	2025-09-23	276	kor	언어	영어	영어	740	https://image.aladin.co.kr/product/37087/20/cover500/k812030159_1.jpg	/NL/contents/search.do#viewKey=1221371147&viewType=AH1				Owned	26-10-04 20:16	2026-10-4 19:19	
2025-11-3 13:11	BK-20251103-0824	9791155818657	Horrible Science - Deadly Diseases : 처음 만나는 과학 영어 수업 (생명과학) - 스콜라스틱×윌북 영어 원서 리딩 프로젝트	닉 아놀드, 지소철 (지은이), 토니 드 솔스 (그림)	윌북주니어	2025-09-23	272	kor	언어	영어	영어	740	https://image.aladin.co.kr/product/37086/69/cover500/k972030159_1.jpg	/NL/contents/search.do#viewKey=1221372983&viewType=AH1				Owned	26-10-04 20:16	2026-10-4 19:19	
2025-11-3 13:11	BK-20251103-0825	9791155818619	Horrible Science - Fatal Forces : 처음 만나는 과학 영어 수업 (물리) - 스콜라스틱×윌북 영어 원서 리딩 프로젝트	닉 아놀드, 지소철 (지은이), 토니 드 솔스 (그림)	윌북주니어	2025-09-23	288	kor	언어	영어	영어	740	https://image.aladin.co.kr/product/37086/81/cover500/k212030159_1.jpg	/NL/contents/search.do#viewKey=1221369326&viewType=AH1				Owned	26-10-04 20:16	2026-10-4 19:19	
2025-11-3 13:29	BK-20251103-0826	9788972976189	초등학생을 위한 나의 라임 오렌지나무 (초등용)	J.M. 바스콘셀로스 (지은이), 최수연 (그림), 박동원 (옮긴이)	동녘주니어	2005-08-25	304	kor	문학	스페인 및 포르투갈문학	포르투갈문학	879	https://image.aladin.co.kr/product/697/75/cover500/s092839882_1.jpg					Owned	26-10-04 20:16	2026-10-4 19:19	
2025-11-3 13:29	BK-20251103-0827	9788915058255	허클베리핀의 모험	마크 트웨인 (지은이), 이갑규 (그림), 한상남 (옮긴이)	삼성출판사	2007-08-01	255	kor	문학	문학	전집, 총서	808	https://image.aladin.co.kr/product/97/49/cover500/8915058259_1.jpg	/NL/contents/search.do#viewKey=90542990&viewType=AH1				Owned	26-10-04 20:16	2026-10-4 19:19	
2025-11-3 13:29	BK-20251103-0828	9788965463030	친절한 악마 씨	크리스티네 뇌스틀링거 (지은이), 한호진 (그림), 전은경 (옮긴이)	밝은미래	2018-03-26	176	kor	문학	독일문학	소설	853	https://image.aladin.co.kr/product/13933/26/cover500/8965463033_1.jpg	/NL/contents/search.do#viewKey=502008059&viewType=AH1				Owned	26-10-04 20:16	2026-10-4 19:19	
2025-11-3 13:30	BK-20251103-0829	9788915091337	안네의 일기 (반양장)	최미숙 (그림), 백승자 (옮긴이), 안네 프랑크, 이지훈	삼성출판사	2014-10-01	256	kor	문학	문학	전집, 총서	808	https://image.aladin.co.kr/product/4699/47/cover500/8915091337_1.jpg	/NL/contents/search.do#viewKey=234055888&viewType=AH1				Owned	26-10-04 20:16	2026-10-4 19:19	
2025-11-3 13:30	BK-20251103-0830	9788971847572	위대한 개츠비	프랜시스 스콧 피츠제럴드 (지은이), 김욱동 (옮긴이)	푸른숲주니어	2007-12-20	236	kor	문학	영미문학	소설	843	https://image.aladin.co.kr/product/102/67/cover500/8971847573_2.jpg	/NL/contents/search.do#viewKey=82600116&viewType=AH1				Owned	26-10-04 20:16	2026-10-4 19:19	
2025-11-3 13:30	BK-20251103-0831	9788915058163	해저 2만리	쥘 베른 (지은이), 오승철 (그림), 정제광 (옮긴이)	삼성출판사	2007-08-01	223	kor	문학	프랑스문학	소설	863	https://image.aladin.co.kr/product/97/49/cover500/891505816x_1.jpg	/NL/contents/search.do#viewKey=90543030&viewType=AH1				Owned	26-10-04 20:16	2026-10-4 19:19	(808)에서 재분류
2025-11-4 2:51	BK-20251104-0832	KMO199002673	가이아 : 생명체로서의 지구	러브록, J.E 홍욱희 옮김[1955-] Lovelock, J.E	서울	1990-01-01	243	kor	자연과학	지학	지학	450		/NL/contents/search.do#viewKey=196269&viewType=AH1				Owned	26-10-04 20:16	2026-10-4 19:19	
2025-11-4 2:54	BK-20251104-0833	KMO199513603	내이름은 콘라드	로저 젤라즈니 지음;강수백 옮김	시공사	1995-01-01	339	kor	문학	영미문학	소설	843		/NL/contents/search.do#viewKey=305180&viewType=AH1				Owned	26-10-04 20:16	2026-10-4 19:19	
2025-11-4 3:02	BK-20251104-0834	KMO202072443	클라식 名曲大事典	이성삼 저	세광음악출판사	1985-01-01	835	kor	예술	음악	음악	670		/NL/contents/search.do#viewKey=710037893&viewType=AH1				Owned	26-10-04 20:16	2026-10-4 19:19	
2025-11-4 3:09	BK-20251104-0835	KMO202268310	피아노 명곡 해설	[일신서적공사] 編輯部 編	일신서적출판사	1990-01-01	223	kor	예술	음악	건반악기 및 타악기	676.2		/NL/contents/search.do#viewKey=851493165&viewType=AH1				Owned	26-10-04 20:16	2026-10-4 19:19	
2025-11-4 3:11	BK-20251104-0836	KMO198708301	AIDS	파스퇴르연구소 편;이경일 역	범양사출판부	1987-01-01	173	kor	기술과학	의학	내과학	513.99		/NL/contents/search.do#viewKey=164348&viewType=AH1				Owned	26-10-04 20:16	2026-10-4 19:19	
2025-11-4 3:20	BK-20251104-0837	KMO202268309	관현악·협주곡 해설	[일신서적공사] 編輯部 編	일신서적공사	1989-01-01	214	kor	예술	음악	음악	670.15		/NL/contents/search.do#viewKey=851492397&viewType=AH1				Owned	26-10-04 20:16	2026-10-4 19:19	
2025-11-4 16:11	BK-20251104-0838	KMO201466403	마이크로코스모스 : 40억년의 미생물 진화	린 마굴리스,도리언 세이건 지음 ;홍욱희 옮김	범양사출판부	1987-01-01	308	kor	자연과학	생명과학	생물진화	476.01		/NL/contents/search.do#viewKey=229483879&viewType=AH1				Owned	26-10-04 20:16	2026-10-4 19:19	
2025-11-4 16:13	BK-20251104-0839	KMO198704035	요술베틀	로버트 자스트로 지음;최광복 옮김	범양사출판부	1987-01-01	191	kor	기술과학	의학	기초의학	511		/NL/contents/search.do#viewKey=160120&viewType=AH1				Owned	26-10-04 20:16	2026-10-4 19:19	총류(028.1)에서 뇌과학으로 재분류
2025-11-4 16:21	BK-20251104-0840	KMO198408812	새	유르겐 니콜라이 지음;이성범;원병오 공역	범양사	1984-01-01	241	kor	자연과학	동물학	조류	498.01		/NL/contents/search.do#viewKey=136734&viewType=AH1				Owned	26-10-04 20:16	2026-10-4 19:19	
2025-11-4 16:21	BK-20251104-0841	KMO198500768	(한국의)새 : 천연기념물	원병오 지음	범양사출판부	1984-01-01	149	kor	자연과학	동물학	조류	498.0911		/NL/contents/search.do#viewKey=138757&viewType=AH1				Owned	26-10-04 20:16	2026-10-4 19:19	
2025-11-4 16:37	BK-20251104-0842	KMO198906288	음악가의 만년과 죽음	이덕희 지음	藝河	1989-01-01	264	kor	예술	음악	음악	670.99		/NL/contents/search.do#viewKey=184761&viewType=AH1				Owned	26-10-04 20:16	2026-10-4 19:19	
2025-11-4 18:06	BK-20251104-0843	9788937424755	소유의 종말	제러미 리프킨 (지은이), 이희재 (옮긴이)	민음사	2001-05-25	448	kor	사회과학	사회학, 사회문제	사회학	331.54	https://image.aladin.co.kr/product/27/85/cover500/8937424754_3.jpg					Owned	26-10-04 20:16	2026-10-4 19:19	
2025-11-5 5:13	BK-20251105-0844	KMO199411972	서양미술의 이해	오병욱 지음	일지사	1994-01-01	337	kor	예술	예술	미술사	609.2		/NL/contents/search.do#viewKey=278966&viewType=AH1				Owned	26-10-04 20:16	2026-10-4 19:19	
2025-11-5 5:15	BK-20251105-0845	KMO200848771	확률의 함정	데보라 J. 베넷 지음 ;박병철 옮김	영림카디널	2003-01-01	240	kor	자연과학	수학	통계학	413.1	https://image.aladin.co.kr/product/42/29/cover500/8984010723_1.gif	/NL/contents/search.do#viewKey=90624891&viewType=AH1				Owned	26-10-04 20:16	2026-10-4 19:19	
2025-11-5 11:21	BK-20251105-0846	KMO198901566	이 한 장의 명반	안동림 지음	玄岩社	1988-01-01	384	kor	예술	음악	관악기(취주악기)	678.99		/NL/contents/search.do#viewKey=180003&viewType=AH1				Owned	26-10-04 20:16	2026-10-4 19:19	
2025-11-5 11:24	BK-20251105-0847	KMO000006861	宇宙와 歷史	M. 엘리아데 著;鄭鎭弘 譯	現代思想社	1976-01-01	352	kor	철학	철학	강연집, 수필집	104		/NL/contents/search.do#viewKey=6554&viewType=AH1				Owned	26-10-04 20:16	2026-10-4 19:19	
2025-11-5 11:28	BK-20251105-0848	KMO198904233	포박자	葛洪 著;張泳暢 편역	자유문고	1989-01-01	273	kor	철학	동양철학, 동양사상	중국 철학, 사상	152.33		/NL/contents/search.do#viewKey=182559&viewType=AH1				Owned	26-10-04 20:16	2026-10-4 19:19	
2025-11-5 11:32	BK-20251105-0849	KMO200444002	宗敎學의 理解 : 宗敎硏究 方法論을 중심으로	金勝惠 編著	분도출판사	1995-01-01	382	kor	종교	종교	종교철학 및 종교사상	201		/NL/contents/search.do#viewKey=49536262&viewType=AH1				Owned	26-10-04 20:16	2026-10-4 19:19	
2025-11-5 11:35	BK-20251105-0850	KMO199200211	너희도 神처럼 되리라	에리히 프롬 著;崔赫洵 譯	범우사	1989-01-01	253	kor	종교	기독교	기독교신학, 교의학(조직신학)	231	https://image.aladin.co.kr/product/19/85/cover500/8908020063_1.gif	/NL/contents/search.do#viewKey=230397&viewType=AH1				Owned	26-10-04 20:16	2026-10-4 19:19	
2025-11-5 11:38	BK-20251105-0851	KMO201026142	소유냐 삶이냐	지은이: 에리히 프롬 ;옮긴이: 김제	두풍	1987-01-01	286	kor	철학	인식론, 인과론, 인간학	철학적 인간학	126	https://cover.nl.go.kr/kolis_on/2012/CNTS-00055342597_thumbnail.jpg	/NL/contents/search.do#viewKey=110364076&viewType=AH1				Owned	26-10-04 20:16	2026-10-4 19:19	
2025-11-5 11:42	BK-20251105-0852	KMO200549968	사랑의 기술	에리히 프롬 著;黃文秀 譯	문예출판사	1993-01-01	191	kor	철학	심리학	각론	181.71	https://cover.nl.go.kr/kolis_on/2007/CNTS-00047965881_thumbnail.jpg	/NL/contents/search.do#viewKey=58366174&viewType=AH1				Owned	26-10-04 20:16	2026-10-4 19:19	
2025-11-5 11:45	BK-20251105-0853	KMO198800252	노동과 독점자본 : 20세기에서의 노동의 쇠퇴	해리 브레이버맨 저;이한주;강남훈 공역	까치	1987-01-01	392	kor	사회과학	경제학	경제각론	321.5	https://cover.nl.go.kr/kolis_on/2002/CNTS-00047846328_thumbnail.jpg	/NL/contents/search.do#viewKey=166402&viewType=AH1				Owned	26-10-04 20:16	2026-10-4 19:19	
2025-11-5 11:46	BK-20251105-0854	KMO199002411	(함께 가보는)철학사여행 : 탈레스부터 마르크스까지	고사까 슈우헤이 저;방준필 옮김;변영우 그림	사민서각	1990-01-01	333	kor	철학	철학	철학사	109		/NL/contents/search.do#viewKey=196041&viewType=AH1				Owned	26-10-04 20:16	2026-10-4 19:19	
2025-11-5 13:37	BK-20251105-0855	9791161571379	불편한 편의점 2 (단풍 에디션)	김호연 (지은이)	나무옆의자	2022-08-10	320	kor	문학	한국문학	소설	813.7	https://image.aladin.co.kr/product/30370/64/cover500/s122834213_1.jpg	/NL/contents/search.do#viewKey=866505594&viewType=AH1				Owned	26-10-04 20:16	2026-10-4 19:19	
2025-11-5 13:38	BK-20251105-0856	9791161571188	불편한 편의점 (벚꽃 에디션)	김호연 (지은이)	나무옆의자	2021-04-20	268	kor	문학	한국문학	소설	813.7	https://image.aladin.co.kr/product/29045/74/cover500/k192836746_2.jpg	/NL/contents/search.do#viewKey=754449281&viewType=AH1				Owned	26-10-04 20:16	2026-10-4 19:19	
2025-11-5 13:38	BK-20251105-0857	9791166815386	프랑켄슈타인 (무삭제 완역본) - 현대판 프로메테우스	메리 셸리 (지은이), 오수원 (옮긴이)	현대지성	2021-05-21	320	kor	문학	영미문학	소설	843.4	https://image.aladin.co.kr/product/27148/78/cover500/k612731541_2.jpg	/NL/contents/search.do#viewKey=762908324&viewType=AH1				Owned	26-10-04 20:16	2026-10-4 19:19	
2025-11-5 14:09	BK-20251105-0858	KMO199200222	아웃사이더	콜린 윌슨 著;李成圭 譯	범우사	1989-01-01	346	kor	문학	문학	문학사, 평론	809.05		/NL/contents/search.do#viewKey=230386&viewType=AH1				Owned	26-10-04 20:16	2026-10-4 19:19	
2025-11-5 14:11	BK-20251105-0859	KMO199503509	(新)사랑의 의미	김중술 지음	서울대학교출판부	1994-01-01	280	kor	철학	심리학	각론	181.71		/NL/contents/search.do#viewKey=295059&viewType=AH1				Owned	26-10-04 20:16	2026-10-4 19:19	
2025-11-5 14:14	BK-20251105-0860	KMO201451085	인간 登頂의 발자취	지은이: J. 브로노프스키 ;옮긴이: 김은국	범양사	1985-01-01	378	kor	자연과학	자연과학	철학 및 이론	401		/NL/contents/search.do#viewKey=224414121&viewType=AH1				Owned	26-10-04 20:16	2026-10-4 19:19	
2025-11-5 14:30	BK-20251105-0861	KMO000037954	孤獨과 純潔의 노래	Cronin, Archibald Joseph 이종환	성바오로	1974-01-01	324	kor	문학	영미문학	소설	843		/NL/contents/search.do#viewKey=37546&viewType=AH1				Owned	26-10-04 20:16	2026-10-4 19:19	
2025-11-5 16:55	BK-20251105-0862	9788937460388	달과 6펜스	서머싯 몸 (지은이), 송무 (옮긴이)	민음사	2000-06-20	376	kor	문학	영미문학	소설	843	https://image.aladin.co.kr/product/23/77/cover500/s692639624_2.jpg					Owned	26-10-04 20:16	2026-10-4 19:19	
2025-11-5 16:55	BK-20251105-0863	9788937462757	픽션들	호르헤 루이스 보르헤스 (지은이), 송병선 (옮긴이)	민음사	2011-10-21	264	kor	문학	스페인 및 포르투갈문학	소설	873	https://image.aladin.co.kr/product/1373/13/cover500/8937462753_2.jpg	/NL/contents/search.do#viewKey=141385321&viewType=AH1				Owned	26-10-04 20:16	2026-10-4 19:19	
2025-11-5 16:55	BK-20251105-0864	9788937460678	황야의 이리	헤르만 헤세 (지은이), 김누리 (옮긴이)	민음사	2002-07-30	340	kor	문학	독일문학	소설	853	https://image.aladin.co.kr/product/37/1/cover500/s392934787_1.jpg					Owned	26-10-04 20:16	2026-10-4 19:19	
2025-11-5 16:55	BK-20251105-0865	9788937460371	거미여인의 키스	마누엘 푸익 (지은이), 송병선 (옮긴이)	민음사	2000-06-12	440	kor	문학	스페인 및 포르투갈문학	소설	873	https://image.aladin.co.kr/product/23/69/cover500/s142933054_1.jpg	/NL/contents/search.do#viewKey=1262286155&viewType=AH1				Owned	26-10-04 20:16	2026-10-4 19:19	
2025-11-5 16:56	BK-20251105-0866	9788937462344	참을 수 없는 존재의 가벼움	밀란 쿤데라 (지은이), 이재룡 (옮긴이)	민음사	2009-12-24	496	kor	문학	기타 제문학	인도-유럽계문학	892.96	https://image.aladin.co.kr/product/610/30/cover500/s772137205_1.jpg	/NL/contents/search.do#viewKey=107189358&viewType=AH1				Owned	26-10-04 20:16	2026-10-4 19:19	
2025-11-5 16:56	BK-20251105-0867	9788937462160	성채 2	A. J. 크로닌 (지은이), 이은정 (옮긴이)	민음사	2009-07-24	309	kor	문학	영미문학	소설	843.5	https://image.aladin.co.kr/product/431/89/cover500/8937462168_2.jpg	/NL/contents/search.do#viewKey=105506103&viewType=AH1				Owned	26-10-04 20:16	2026-10-4 19:19	
2025-11-5 16:56	BK-20251105-0868	9788937462153	성채 1	A. J. 크로닌 (지은이), 이은정 (옮긴이)	민음사	2009-07-24	317	kor	문학	영미문학	소설	843.5	https://image.aladin.co.kr/product/431/88/cover500/893746215x_2.jpg	/NL/contents/search.do#viewKey=105506103&viewType=AH1				Owned	26-10-04 20:16	2026-10-4 19:19	
2025-11-5 16:56	BK-20251105-0869	9788935654888	로마인 이야기 15 - 로마 세계의 종언	시오노 나나미 (지은이), 김석희 (옮긴이)	한길사	2007-02-05	532	kor	역사	유럽	고대 로마	922	https://image.aladin.co.kr/product/87/68/cover500/8935654884_2.jpg	/NL/contents/search.do#viewKey=67028748&viewType=AH1				Owned	26-10-04 20:16	2026-10-4 19:19	
2025-11-5 16:56	BK-20251105-0870	9788935654871	로마인 이야기 14 - 그리스도의 승리	시오노 나나미 (지은이), 김석희 (옮긴이)	한길사	2006-02-10	396	kor	역사	유럽	고대 로마	922	https://image.aladin.co.kr/product/61/91/cover500/8935654876_2.jpg					Owned	26-10-04 20:16	2026-10-4 19:19	
2025-11-5 16:57	BK-20251105-0871	9788935654864	로마인 이야기 13 - 최후의 노력	시오노 나나미 (지은이), 김석희 (옮긴이)	한길사	2005-03-02	376	kor	역사	유럽	고대 로마	922	https://image.aladin.co.kr/product/54/39/cover500/8935654868_2.jpg					Owned	26-10-04 20:16	2026-10-4 19:19	
2025-11-5 16:57	BK-20251105-0872	9788935654857	로마인 이야기 12 - 위기로 치닫는 제국	시오노 나나미 (지은이), 김석희 (옮긴이)	한길사	2004-02-20	464	kor	역사	유럽	고대 로마	922	https://image.aladin.co.kr/product/46/13/cover500/893565485x_2.jpg					Owned	26-10-04 20:16	2026-10-4 19:19	
2025-11-5 16:57	BK-20251105-0873	9788935654833	로마인 이야기 11 - 종말의 시작	시오노 나나미 (지은이), 김석희 (옮긴이)	한길사	2003-01-30	435	kor	역사	유럽	고대 로마	922	https://image.aladin.co.kr/product/39/85/cover500/8935654833_2.jpg					Owned	26-10-04 20:16	2026-10-4 19:19	
2025-11-5 16:57	BK-20251105-0874	9788935653249	로마인 이야기 10 - 모든 길은 로마로 통한다	시오노 나나미 (지은이), 김석희 (옮긴이)	한길사	2002-03-15	344	kor	역사	유럽	고대 로마	922	https://image.aladin.co.kr/product/33/41/cover500/8935653241_2.jpg					Owned	26-10-04 20:16	2026-10-4 19:19	
2025-11-5 16:58	BK-20251105-0875	9788935652600	로마인 이야기 9 - 현제賢帝의 세기	시오노 나나미 (지은이), 김석희 (옮긴이)	한길사	2000-11-13	478	kor	역사	유럽	고대 로마	922	https://image.aladin.co.kr/product/25/53/cover500/8935652601_2.jpg					Owned	26-10-04 20:16	2026-10-4 19:19	
2025-11-5 16:58	BK-20251105-0876	9788932900421	개미 1	베르나르 베르베르 (지은이), 이세욱 (옮긴이)	열린책들	1993-06-01	394	kor	문학	프랑스문학	소설	863	https://image.aladin.co.kr/product/0/52/cover500/8932900426_1.gif					Owned	26-10-04 20:16	2026-10-4 19:19	
2025-11-5 16:58	BK-20251105-0877	9788932900438	개미 2	베르나르 베르베르 (지은이)	열린책들	1993-07-01	334	kor	문학	프랑스문학	소설	863	https://image.aladin.co.kr/product/0/52/cover500/8932900434_1.gif					Owned	26-10-04 20:16	2026-10-4 19:19	
2025-11-5 16:59	BK-20251105-0878	9788932900445	개미 3	베르나르 베르베르 (지은이)	열린책들	1993-07-01	308	kor	문학	프랑스문학	소설	863	https://image.aladin.co.kr/product/0/52/cover500/8932900442_1.gif					Owned	26-10-04 20:16	2026-10-4 19:19	
2025-11-5 16:59	BK-20251105-0879	9788932903415	천사들의 제국 -하	베르나르 베르베르 (지은이), 이세욱 (옮긴이)	열린책들	2000-12-25	588	kor	문학	프랑스문학	소설	863	https://image.aladin.co.kr/product/26/2/cover500/8932903417_1.gif					Owned	26-10-04 20:16	2026-10-4 19:19	
2025-11-5 16:59	BK-20251105-0880	9788988091050	위대한 개츠비	F. 스콧 피츠제럴드 (지은이)	피카소	1999-06-30	270	kor	문학	영미문학	소설	843						Owned	26-10-04 20:16	2026-10-4 19:19	기본이미지, https://image.aladin.co.kr/img/noimg_b.gif
2025-11-5 17:00	BK-20251105-0881	9788970120157	상실의 시대	무라카미 하루키 (지은이),유유정 (옮긴이)	문학사상사	1994-01-01	470	kor	문학	일본문학 및 기타 아시아 제문학	소설	833	https://image.aladin.co.kr/product/7/27/cover500/8970123695_3.jpg					Owned	26-10-04 20:16	2026-10-4 19:19	
2025-11-5 17:00	BK-20251105-0882	9788970120102	댄스, 댄스, 댄스	무라카미 하루키 (지은이),유유정 (옮긴이)	문학사상사	1988-01-01	344	kor	문학	일본문학 및 기타 아시아 제문학	소설	833	https://image.aladin.co.kr/product/3/78/cover500/8970126716_1.jpg					Owned	26-10-04 20:16	2026-10-4 19:19	
2025-11-5 17:00	BK-20251105-0883	9788970122113	세계의 끝과 하드보일드 원더랜드 1	무라카미 하루키 (지은이), 김진욱 (옮긴이)	문학사상사	1996-06-28	342	kor	문학	일본문학 및 기타 아시아 제문학	소설	833.6	https://image.aladin.co.kr/product/7/98/cover500/8970122117_2.jpg					Owned	26-10-04 20:16	2026-10-4 19:19	
2025-11-5 17:00	BK-20251105-0884	9788970122120	세계의 끝과 하드보일드 원더랜드 2	무라카미 하루키 (지은이), 김진욱 (옮긴이)	문학사상사	1996-06-28	352	kor	문학	일본문학 및 기타 아시아 제문학	소설	833.6	https://image.aladin.co.kr/product/7/98/cover500/8970122125_3.jpg					Owned	26-10-04 20:16	2026-10-4 19:19	
2025-11-5 17:01	BK-20251105-0885	9788985247900	바람의 노래를 들어라	무라카미 하루키 (지은이), 김춘미 (옮긴이)	한양출판	1991-08-01	308	kor	문학	일본문학 및 기타 아시아 제문학	소설	833	https://image.aladin.co.kr/product/5/62/cover500/8985247905_1.gif					Owned	26-10-04 20:16	2026-10-4 19:19	
2025-11-5 17:01	BK-20251105-0886	9788957590768	천사와 악마 1	댄 브라운 (지은이), 양선아 (옮긴이)	북스캔(대교북스캔)	2004-09-30	410	kor	문학	영미문학	소설	843.6	https://image.aladin.co.kr/product/51/77/cover500/8957590765_1.gif	/NL/contents/search.do#viewKey=697749628&viewType=AH1				Owned	26-10-04 20:16	2026-10-4 19:19	
2025-11-5 17:02	BK-20251105-0887	9788957590775	천사와 악마 2	댄 브라운 (지은이), 양선아 (옮긴이)	북스캔(대교북스캔)	2004-09-30	394	kor	문학	영미문학	소설	843.6	https://image.aladin.co.kr/product/51/77/cover500/8957590773_1.jpg	/NL/contents/search.do#viewKey=697749628&viewType=AH1				Owned	26-10-04 20:16	2026-10-4 19:19	
2025-11-5 17:02	BK-20251105-0888	9788997924004	프로그래머로 산다는 것 - 프로그래머의 길을 생각한다	김성박, 황상철, 이상민, 유석문, 하호진 (지은이)	로드북	2012-09-26	304	kor	총류	총류	프로그래밍, 프로그램, 데이터	005.104	https://image.aladin.co.kr/product/1974/1/cover500/8997924001_1.jpg	/NL/contents/search.do#viewKey=156718568&viewType=AH1				Owned	26-10-04 20:16	2026-10-4 19:19	
2025-11-5 17:02	BK-20251105-0889	9788995300961	Professional 소프트웨어 개발	스티브 맥코넬 (지은이), 윤준호, 한지윤 (옮긴이)	인사이트	2003-10-22	320	kor	총류	총류	프로그래밍, 프로그램, 데이터	005.1	https://image.aladin.co.kr/product/43/69/cover500/8995300965_1.gif					Owned	26-10-04 20:16	2026-10-4 19:19	
2025-11-5 17:03	BK-20251105-0890	9788966260058	소프트웨어 프로젝트 생존 전략 (무선)	스티브 맥코넬 (지은이), 류미경, 이종철, 김덕규 (옮긴이)	인사이트	2011-06-05	391	kor	총류	총류	프로그래밍, 프로그램, 데이터	005.1	https://image.aladin.co.kr/product/1194/61/cover500/8966260055_1.jpg					Owned	26-10-04 20:16	2026-10-4 19:19	
2025-11-5 17:03	BK-20251105-0891	9788960774384	미래를 바꾼 아홉 가지 알고리즘 - 컴퓨터 세상을 만든 기발한 아이디어들	존 맥코믹 (지은이), 민병교 (옮긴이)	에이콘출판	2013-05-31	328	kor	총류	총류	프로그래밍, 프로그램, 데이터	005.1	https://image.aladin.co.kr/product/2683/75/cover500/8960774383_1.jpg	/NL/contents/search.do#viewKey=170631304&viewType=AH1				Owned	26-10-04 20:16	2026-10-4 19:19	
2025-11-5 17:04	BK-20251105-0892	9788937483943	스티브 잡스 (양장본)	월터 아이작슨 (지은이), 안진환 (옮긴이)	민음사	2011-10-24	944	kor	사회과학	경제학	경영	325.099	https://image.aladin.co.kr/product/1338/36/cover500/8937483947_1.jpg	/NL/contents/search.do#viewKey=231661411&viewType=AH1				Owned	26-10-04 20:16	2026-10-4 19:19	
2025-11-5 17:05	BK-20251105-0893	9788937463365	좁은 문 / 전원교향곡 / 배덕자	앙드레 지드 (지은이), 동성식 (옮긴이)	민음사	2015-07-31	528	kor	문학	프랑스문학	소설	863	https://image.aladin.co.kr/product/6419/59/cover500/8937463369_1.jpg	/NL/contents/search.do#viewKey=249152392&viewType=AH1				Owned	26-10-04 20:16	2026-10-4 19:19	
2025-11-5 17:05	BK-20251105-0894	9788937463433	시지프 신화	알베르 카뮈 (지은이), 김화영 (옮긴이)	민음사	2016-06-17	320	kor	문학	프랑스문학	소설	863	https://image.aladin.co.kr/product/8607/44/cover500/8937463431_1.jpg	/NL/contents/search.do#viewKey=279080692&viewType=AH1				Owned	26-10-04 20:16	2026-10-4 19:19	
2025-11-5 17:26	BK-20251105-0895	KMO199002809	닥터스. 1	에릭 시걸 지음;정성희;석은영 [공역].	김영사	1990-01-01	444	kor	문학	영미문학	소설	843		/NL/contents/search.do#viewKey=196133&viewType=AH1				Owned	26-10-04 20:16	2026-10-4 19:19	
2025-11-5 17:26	BK-20251105-0896	KMO199002810	닥터스. 2	에릭 시걸 지음;정성희;석은영 [공역].	김영사	1990-01-01	446	kor	문학	영미문학	소설	843		/NL/contents/search.do#viewKey=196132&viewType=AH1				Owned	26-10-04 20:16	2026-10-4 19:19	
2025-11-5 21:15	BK-20251105-0897	9788971844724	위대한 유산	찰스 디킨스 (지은이), 왕은철 (옮긴이)	푸른숲주니어	2006-07-31	244	kor	문학	영미문학	소설	843	https://image.aladin.co.kr/product/67/51/cover500/8971844728_3.jpg					Owned	26-10-04 20:16	2026-10-4 19:19	
2025-11-5 21:19	BK-20251105-0898	KMO199002970	(만화로 보는)자본주의·공산주의	이원복 글·그림;송병락 원저	동아출판사	1990-01-01	254	kor	사회과학	경제학	경제학	320.904		/NL/contents/search.do#viewKey=196460&viewType=AH1				Owned	26-10-04 20:16	2026-10-4 19:19	
2025-11-5 22:24	BK-20251105-0899	9791187011002	셜록 홈즈의 모든 것 = All about Sherlock holmes : 셜록 홈즈 해설집	박광규	코너스톤	2016-01-01	113	kor	문학	영미문학	소설	843.409		/NL/contents/search.do#viewKey=818956813&viewType=AH1				Owned	26-10-04 20:16	2026-10-4 19:19	
2025-11-5 22:24	BK-20251105-0900	9791195657315	주홍색 연구 - 개정판	아서 코난 도일 (지은이), 바른번역 (옮긴이), 박광규 (감수)	코너스톤	2016-01-01	208	kor	문학	영미문학	소설	843.4	https://image.aladin.co.kr/product/7148/20/cover500/k232434094_1.jpg	/NL/contents/search.do#viewKey=266252295&viewType=AH1				Owned	26-10-04 20:16	2026-10-4 19:19	
2025-11-5 22:24	BK-20251105-0901	9791195657322	네 사람의 서명 - 개정판	아서 코난 도일 (지은이), 바른번역 (옮긴이), 박광규 (감수)	코너스톤	2016-01-01	208	kor	문학	영미문학	소설	843.4	https://image.aladin.co.kr/product/7167/11/cover500/k732434196_1.jpg	/NL/contents/search.do#viewKey=266252392&viewType=AH1				Owned	26-10-04 20:16	2026-10-4 19:19	
2025-11-5 22:25	BK-20251105-0902	9791195657339	바스커빌가의 사냥개 - 개정판	아서 코난 도일 (지은이), 바른번역 (옮긴이), 박광규 (감수)	코너스톤	2016-01-01	304	kor	문학	영미문학	소설	843.4	https://image.aladin.co.kr/product/7167/27/cover500/k062434197_1.jpg	/NL/contents/search.do#viewKey=266251977&viewType=AH1				Owned	26-10-04 20:16	2026-10-4 19:19	
2025-11-5 22:25	BK-20251105-0903	9791195657346	공포의 계곡 - 개정판	아서 코난 도일 (지은이), 바른번역 (옮긴이), 박광규 (감수)	코너스톤	2016-01-01	320	kor	문학	영미문학	소설	843.4	https://image.aladin.co.kr/product/7170/84/cover500/k122434291_1.jpg	/NL/contents/search.do#viewKey=266252141&viewType=AH1				Owned	26-10-04 20:16	2026-10-4 19:19	
2025-11-5 22:25	BK-20251105-0904	9791195657353	셜록 홈즈의 모험 - 개정판	아서 코난 도일 (지은이), 바른번역 (옮긴이), 박광규 (감수)	코너스톤	2016-01-01	448	kor	문학	영미문학	소설	843.4	https://image.aladin.co.kr/product/7201/58/cover500/k712434491_1.jpg	/NL/contents/search.do#viewKey=266252262&viewType=AH1				Owned	26-10-04 20:16	2026-10-4 19:19	
2025-11-5 22:25	BK-20251105-0905	9791195657360	셜록 홈즈의 회고록 - 개정판	아서 코난 도일 (지은이), 박광규, 바른번역 (옮긴이)	코너스톤	2016-01-01	448	kor	문학	영미문학	소설	843.4	https://image.aladin.co.kr/product/7201/62/cover500/k852434491_1.jpg	/NL/contents/search.do#viewKey=266252318&viewType=AH1				Owned	26-10-04 20:16	2026-10-4 19:19	
2025-11-5 22:25	BK-20251105-0906	9791195657377	셜록 홈즈의 귀환 - 개정판	아서 코난 도일 (지은이), 바른번역 (옮긴이), 박광규 (감수)	코너스톤	2016-01-01	512	kor	문학	영미문학	소설	843.4	https://image.aladin.co.kr/product/7201/43/cover500/k432434491_1.jpg	/NL/contents/search.do#viewKey=266252332&viewType=AH1				Owned	26-10-04 20:16	2026-10-4 19:19	
2025-11-5 22:26	BK-20251105-0907	9791195657384	그의 마지막 인사 - 개정판	아서 코난 도일 (지은이), 바른번역 (옮긴이), 박광규 (감수)	코너스톤	2016-01-01	296	kor	문학	영미문학	소설	843.4	https://image.aladin.co.kr/product/7201/47/cover500/k562434491_1.jpg	/NL/contents/search.do#viewKey=266252354&viewType=AH1				Owned	26-10-04 20:16	2026-10-4 19:19	
2025-11-5 22:26	BK-20251105-0908	9791195657391	셜록 홈즈의 사건집 - 개정판	아서 코난 도일 (지은이), 바른번역 (옮긴이), 박광규 (감수)	코너스톤	2016-01-01	384	kor	문학	영미문학	소설	843.4	https://image.aladin.co.kr/product/7200/7/cover500/k972434499_1.jpg	/NL/contents/search.do#viewKey=266251957&viewType=AH1				Owned	26-10-04 20:16	2026-10-4 19:19	
2025-11-5 22:28	BK-20251105-0909	9791192667591	음과 음 사이에서 - 아르보 패르트의 음악 여정	요나스 실드레 (지은이), 신호경 (옮긴이)	마르코폴로	2024-10-28	224	kor	예술	음악	음악	670.99	https://image.aladin.co.kr/product/34822/82/cover500/k722933638_1.jpg	/NL/contents/search.do#viewKey=1107625499&viewType=AH1				Owned	26-10-04 20:16	2026-10-4 19:19	
2025-11-5 22:34	BK-20251105-0910	9780471599890	Advanced Engineering Mathematics	E. Kreyszig	John Wiley & Sons	1993-01-01	1424	eng	기술과학	공학, 공업일반, 토목공학, 환경공학	공학, 공업일반, 토목공학, 환경공학	530.1						Owned	26-10-04 20:16	2026-10-4 19:19	
2025-11-6 13:46	BK-20251106-0911	9788915058200	올리버 트위스트	찰스 디킨스 (지은이), 허수진 (그림), 한상숙 (옮긴이)	삼성출판사	2007-08-01	255	kor	문학	영미문학	소설	843	https://image.aladin.co.kr/product/97/49/cover500/8915058208_2.jpg	/NL/contents/search.do#viewKey=90542970&viewType=AH1				Owned	26-10-04 20:16	2026-10-4 19:19	(808)에서 재분류
2025-11-6 13:46	BK-20251106-0912	9788915032866	지킬박사와 하이드	로버트 루이스 스티븐슨 (지은이), 한상남 (엮은이), 윤종태 (그림)	삼성출판사	2003-08-01	207	kor	문학	영미문학	소설	843	https://image.aladin.co.kr/product/42/79/cover500/8915032861_2.jpg					Owned	26-10-04 20:16	2026-10-4 19:19	
2025-11-6 15:34	BK-20251106-0913	9788952709714	제임스와 슈퍼 복숭아	로알드 달 (지은이), 퀀틴 블레이크 (그림), 지혜연 (옮긴이)	시공주니어	2000-12-20	276	kor	문학	영미문학	소설	843	https://image.aladin.co.kr/product/26/24/cover500/8952709713_1.jpg					Owned	26-10-04 20:16	2026-10-4 19:19	
2025-11-6 15:34	BK-20251106-0914	9788955479959	가짜과학 세상을 여행하는 팩트체커를 위한 안내서	선정수 (지은이)	빚은책들	2023-04-14	224	kor	자연과학	자연과학	철학 및 이론	401	https://image.aladin.co.kr/product/31438/74/cover500/8955479956_1.jpg	/NL/contents/search.do#viewKey=931867059&viewType=AH1				Owned	26-10-04 20:16	2026-10-4 19:19	(400)에서 변경
2025-11-6 15:35	BK-20251106-0915	9788915032934	80일간의 세계일주	쥘 베른 (지은이), 이영옥 (엮은이), 오승철 (그림)	삼성출판사	2003-08-01	239	kor	문학	프랑스문학	소설	863	https://image.aladin.co.kr/product/42/79/cover500/8915032934_1.jpg					Owned	26-10-04 20:16	2026-10-4 19:19	
2025-11-6 15:35	BK-20251106-0916	9791192056586	아큐정전	루쉰 (지은이), 와이 (옮긴이)	계수나무	2022-06-05	176	kor	문학	중국문학	소설	823.7	https://image.aladin.co.kr/product/29537/62/cover500/k352837952_1.jpg	/NL/contents/search.do#viewKey=874715957&viewType=AH1				Owned	26-10-04 20:16	2026-10-4 19:19	
2025-11-6 15:37	BK-20251106-0917	9788949190723	청소년을 위한 경제의 역사	니콜라우스 피퍼 (지은이), 알요샤 블라우 (그림), 유혜자 (옮긴이)	비룡소	2006-05-29	242	kor	사회과학	경제학	경제학	320	https://image.aladin.co.kr/product/65/86/cover500/8949190729_3.jpg					Owned	26-10-04 20:16	2026-10-4 19:19	
2025-11-6 15:39	BK-20251106-0918	9788915032842	죄와 벌	표도르 도스토예프스키 (지은이), 안희웅 (엮은이), Atlier Moon Stone (그림)	삼성출판사	2003-08-01	239	kor	문학	기타 제문학	인도-유럽계문학	892.8	https://image.aladin.co.kr/product/42/79/cover500/8915032845_1.jpg					Owned	26-10-04 20:16	2026-10-4 19:19	
2025-11-7 22:21	BK-20251107-0919	9780345370778	Jurassic Park (Mass Market Paperback)	마이클 크라이튼 (지은이)	Ballantine Books	1991-11-13	399	eng	문학	영미문학	소설	843	https://image.aladin.co.kr/product/92/45/cover500/0345370775_1.jpg					Owned	26-10-04 20:16	2026-10-4 19:19	
2025-11-7 22:22	BK-20251107-0920	9780441478125	The Left Hand of Darkness (Mass Market Paperback)	어슐러 K. 르 귄 (지은이)	Ace Books	1987-03-15	368	eng	문학	영미문학	소설	843	https://image.aladin.co.kr/product/94/72/cover500/0441478123_1.jpg					Owned	26-10-04 20:16	2026-10-4 19:19	
2025-11-7 22:22	BK-20251107-0921	9780345330123	The Door into Summer (Paperback)	로버트 A. 하인라인 (지은이)	Del Rey	1993-10-01	291	eng	문학	영미문학	소설	843	https://image.aladin.co.kr/product/131/35/cover500/0345330129_1.jpg					Owned	26-10-04 20:16	2026-10-4 19:19	
2025-11-7 22:22	BK-20251107-0922	9780345417626	Timeline (Mass Market Paperback)	마이클 크라이튼 (지은이)	Ballantine Books	2000-10-24	512	eng	문학	영미문학	소설	843	https://image.aladin.co.kr/product/47/20/cover500/0345417623_2.jpg					Owned	26-10-04 20:16	2026-10-4 19:19	
2025-11-7 22:23	BK-20251107-0923	9780345330130	Double Star (Paperback, Reprint)	로버트 A. 하인라인 (지은이)	Del Rey	1986-11-01	243	eng	문학	영미문학	소설	843	https://image.aladin.co.kr/product/116/12/cover500/0345330137_1.jpg					Owned	26-10-04 20:16	2026-10-4 19:19	
2025-11-7 22:45	BK-20251107-0924	9788952961563	바람계곡의 나우시카 박스판 - 전7권	미야자키 하야오 (지은이)	학산문화사(만화)	2010-02-01	200	kor	문학	일본문학 및 기타 아시아 제문학	일본문학 및 기타 아시아 제문학	830	https://image.aladin.co.kr/product/295/90/cover500/8925825643_1.jpg					Owned	26-10-04 20:16	2026-10-4 19:19	
2025-11-8 10:48	BK-20251108-0925	9788974832537	유토피아	토머스 모어 (지은이), 나종일 (옮긴이)	서해문집	2005-06-07	189	kor	사회과학	사회과학	사회사상	301.4	https://image.aladin.co.kr/product/56/58/cover500/8974832534_1.jpg	/NL/contents/search.do#viewKey=CNTS-00030382920&viewType=C				Owned	26-10-04 20:16	2026-10-4 19:19	
2025-11-8 20:49	BK-20251108-0926	9788952741806	돈키호테	미겔 데 세르반테스 사아베드라 (지은이), 박철 (옮긴이)	시공사	2004-11-16	732	kor	문학	스페인 및 포르투갈문학	소설	873	https://image.aladin.co.kr/product/52/77/cover500/8952741803_2.jpg					Owned	26-10-04 20:16	2026-10-4 19:19	
2025-11-8 20:49	BK-20251108-0927	9780385504201	The Da Vinci Code (Hardcover)	댄 브라운 (지은이)	doubleday	2003-03-18	464	eng	문학	영미문학	소설	843	https://image.aladin.co.kr/product/134/35/cover500/0385504209_2.jpg					Owned	26-10-04 20:16	2026-10-4 19:19	
2025-11-8 20:50	BK-20251108-0928	9788970123646	모택동비록 - 상	산케이 신문 특별 취재반 (지은이), 임홍빈 (옮긴이)	문학사상사	2001-01-15	382	kor	역사	아시아	중국	912.07	https://image.aladin.co.kr/product/26/28/cover500/8970123644_1.gif					Owned	26-10-04 20:16	2026-10-4 19:19	
2025-11-8 20:50	BK-20251108-0929	9788970123653	모택동비록 -하	산케이 신문 특별 취재반 (지은이), 임홍빈 (옮긴이)	문학사상사	2001-01-15	382	kor	역사	아시아	중국	912.07	https://image.aladin.co.kr/product/26/28/cover500/8970123652_1.jpg					Owned	26-10-04 20:16	2026-10-4 19:19	
2025-11-8 20:50	BK-20251108-0930	9788934903321	이 시대를 사는 따뜻한 사람들의 이야기 1	이민정 (지은이)	김영사	2004-05-03	328	kor	사회과학	교육학	평생교육	378.9	https://image.aladin.co.kr/product/11/60/cover500/8934903325_1.gif					Owned	26-10-04 20:16	2026-10-4 19:19	
2025-11-8 20:51	BK-20251108-0931	9788994013503	내가 알고 있는 걸 당신도 알게 된다면 - 전세계가 주목한 코넬대학교의 &quot;인류 유산 프로젝트&quot;	칼 필레머 (지은이), 박여진 (옮긴이)	토네이도	2012-05-12	344	kor	사회과학	사회학, 사회문제	사회학	331.23	https://image.aladin.co.kr/product/1672/10/cover500/8994013504_2.jpg	/NL/contents/search.do#viewKey=150769489&viewType=AH1				Owned	26-10-04 20:16	2026-10-4 19:19	
2025-11-8 21:27	BK-20251108-0932	KJU201000641	죄와 벌	표도르 M. 도스토옙스키 지음 ;이규환 옮김 ;정승환 그림	푸른숲	2009-01-01	355	kor	문학	기타 제문학	인도-유럽계문학	892.8		/NL/contents/search.do#viewKey=107858389&viewType=AH1				Owned	26-10-04 20:16	2026-10-4 19:19	
2025-11-8 21:30	BK-20251108-0933	KMO200655522	(컬러紀行) 世界文學全集	金聖佑	한국일보社 出版局	1983-01-01	480	kor	문학	문학	문학사, 평론	809	https://cover.nl.go.kr/kolis_on/2017/CNTS-00092855940_thumbnail.jpg	/NL/contents/search.do#viewKey=179235622&viewType=AH1				Owned	26-10-04 20:16	2026-10-4 19:19	
2025-11-8 21:39	BK-20251108-0934	KMO198500514	파우스트	J.W.v.괴테 著;박환덕 譯	汎友社	1984-01-01	561	kor	문학	독일문학	소설	853		/NL/contents/search.do#viewKey=138492&viewType=AH1				Owned	26-10-04 20:16	2026-10-4 19:19	(808)에서 변경
2025-11-8 21:40	BK-20251108-0935	9788965961956	숨결이 바람 될 때 - 서른여섯 젊은 의사의 마지막 순간	폴 칼라니티 (지은이), 이종인 (옮긴이)	흐름출판	2016-08-19	284	kor	문학	영미문학	르포르타주 및 기타	848	https://image.aladin.co.kr/product/8992/81/cover500/8965961955_1.jpg	/NL/contents/search.do#viewKey=284486061&viewType=AH1				Owned	26-10-04 20:16	2026-10-4 19:19	
2025-11-8 21:50	BK-20251108-0936	9788960172685	신들의 전쟁 (상)	닐 게이먼 (지은이), 장용준 (옮긴이)	황금가지	2008-11-14	411	kor	문학	영미문학	소설	843	https://image.aladin.co.kr/product/282/48/cover500/8960172685_1.jpg	/NL/contents/search.do#viewKey=91794947&viewType=AH1				Owned	26-10-04 20:16	2026-10-4 19:19	
2025-11-8 22:12	BK-20251108-0937	9788974422479	기업 성장을 방해하는 10가지 증상	에릭 플램홀츠, 이본 랜들 (지은이), 이광준 (옮긴이)	매일경제신문사	2002-12-30	466	kor	사회과학	경제학	경영	325.1	https://image.aladin.co.kr/product/39/40/cover500/8974422476_1.gif					Owned	26-10-04 20:16	2026-10-4 19:19	
2025-11-8 22:12	BK-20251108-0938	9788984056343	리틀 빅 씽 The Little Big Things - 사소함이 만드는 위대한 성공 법칙	톰 피터스 (지은이), 최은수, 황미리 (옮긴이)	더난출판사	2010-07-30	440	kor	사회과학	경제학	경영	325.04	https://image.aladin.co.kr/product/742/64/cover500/8984056340_1.jpg	/NL/contents/search.do#viewKey=112658974&viewType=AH1				Owned	26-10-04 20:16	2026-10-4 19:19	
2025-11-8 22:15	BK-20251108-0939	9788960510197	나쁜 사마리아인들 - 장하준의 경제학 파노라마	장하준 (지은이), 이순희 (옮긴이)	부키	2007-10-10	384	kor	사회과학	경제학	상업, 교통, 통신	326.211	https://image.aladin.co.kr/product/98/86/cover500/896051019x_2.jpg	/NL/contents/search.do#viewKey=76553363&viewType=AH1				Owned	26-10-04 20:16	2026-10-4 19:19	
2025-11-8 22:17	BK-20251108-0940	9788985712101	깊은 슬픔(상)	신경숙	문학동네	1994-03-01	272	kor	문학	한국문학	소설	813.6						Owned	26-10-04 20:16	2026-10-4 19:19	
2025-11-8 22:17	BK-20251108-0941	9788985712118	깊은 슬픔 -하	신경숙 (지은이)	문학동네	1994-03-01	280	kor	문학	한국문학	소설	813.6	https://image.aladin.co.kr/product/2/54/cover500/898571211x_1.gif					Owned	26-10-04 20:16	2026-10-4 19:19	
2025-11-8 22:18	BK-20251108-0942	9788933800744	남쪽 계단을 보라	윤대녕 (지은이)	세계사	1995-09-01	298	kor	문학	한국문학	소설	813	https://image.aladin.co.kr/product/2/96/cover500/8933800743_1.jpg					Owned	26-10-04 20:16	2026-10-4 19:19	
2025-11-8 22:21	BK-20251108-0943	9788932906379	그리스인 조르바	니코스 카잔차키스 (지은이), 이윤기 (옮긴이)	열린책들	2006-02-25	382	kor	문학	기타 제문학	인도-유럽계문학	892.1	https://image.aladin.co.kr/product/62/65/cover500/8932906378_1.jpg					Owned	26-10-04 20:16	2026-10-4 19:19	
2025-11-8 23:03	BK-20251108-0944	9788957090541	불안	알랭 드 보통 (지은이), 정영목 (옮긴이)	이레	2005-10-15	400	kor	문학	영미문학	수필	844	https://image.aladin.co.kr/product/59/18/cover500/8957090541_1.jpg					Owned	26-10-04 20:16	2026-10-4 19:19	(332.6)에서 변경
2025-11-8 23:12	BK-20251108-0945	9788983710093	상대성 이론의 참뜻	버트런드 러셀 (지은이), 김영대 (옮긴이)	사이언스북스	1997-06-30	182	kor	자연과학	물리학	물리학	420.12	https://image.aladin.co.kr/product/7/25/cover500/8983710098_1.gif					Owned	26-10-04 20:16	2026-10-4 19:19	
2025-11-8 23:12	BK-20251108-0946	9788971460047	상대성이론의 세계	제임스 콜먼 (지은이)	다문	1993-04-01	216	kor	자연과학	물리학	물리학	420.12						Owned	26-10-04 20:16	2026-10-4 19:19	
2025-11-8 23:17	BK-20251108-0947	9788934921073	평행우주 - 우리가 알고 싶은 우주에 대한 모든 것	미치오 카쿠 (지은이), 박병철 (옮긴이)	김영사	2006-03-09	616	kor	자연과학	천문학	기술천문학	443.1	https://image.aladin.co.kr/product/63/31/cover500/8934921072_2.jpg					Owned	26-10-04 20:16	2026-10-4 19:19	
2025-11-8 23:22	BK-20251108-0948	9788992448048	에라스무스 격언집	에라스무스 (지은이), 김태권 (그림), 김남우 (옮긴이)	아모르문디	2009-05-30	292	kor	철학	윤리학, 도덕철학	도덕훈, 교훈	199.8	https://image.aladin.co.kr/product/387/15/cover500/899244804x_1.jpg	/NL/contents/search.do#viewKey=102458317&viewType=AH1				Owned	26-10-04 20:16	2026-10-4 19:19	
2025-11-8 23:37	BK-20251108-0949	9788959753321	괴짜 야구 경제학 - 경제학이 발가벗긴 야구의 비밀	J. C. 브래드버리 (지은이), 정우영 (옮긴이)	한즈미디어(한스미디어)	2011-05-26	380	kor	예술	오락, 스포츠	구기	695.7	https://image.aladin.co.kr/product/1182/25/cover500/8959753327_1.jpg	/NL/contents/search.do#viewKey=135978538&viewType=AH1				Owned	26-10-04 20:16	2026-10-4 19:19	
2025-11-8 23:38	BK-20251108-0950	9788975941566	신사고 이론 20	이면우 (지은이)	삶과꿈	1995-10-01	200	kor	사회과학	경제학	경영	325						Owned	26-10-04 20:16	2026-10-4 19:19	
2025-11-8 23:38	BK-20251108-0951	9788965700074	지금, 경계선에서 - 오래된 믿음에 대한 낯선 통찰	레베카 코스타 (지은이), 장세현 (옮긴이)	쌤앤파커스	2011-02-01	496	kor	사회과학	사회학, 사회문제	사회학	331.54	https://image.aladin.co.kr/product/868/54/cover500/8965700078_1.jpg	/NL/contents/search.do#viewKey=131997090&viewType=AH1				Owned	26-10-04 20:16	2026-10-4 19:19	
2025-11-8 23:38	BK-20251108-0952	9788996185543	지금 당장 경제공부 시작하라	최진기 (지은이)	한빛비즈	2009-05-28	432	kor	사회과학	경제학	경제학	320	https://image.aladin.co.kr/product/371/1/cover500/899618554x_3.jpg	/NL/contents/search.do#viewKey=99443572&viewType=AH1				Owned	26-10-04 20:16	2026-10-4 19:19	
2025-11-8 23:40	BK-20251108-0953	9788901065229	괴짜 경제학 (개정증보판) - 상식과 통념을 깨는 천재 경제학자의 세상 읽기	스티븐 레빗, 스티븐 더브너 (지은이), 안진환 (옮긴이)	웅진지식하우스	2007-04-25	414	kor	사회과학	경제학	경제학	320.4	https://image.aladin.co.kr/product/91/13/cover500/8901065223_2.jpg	/NL/contents/search.do#viewKey=71651567&viewType=AH1				Owned	26-10-04 20:16	2026-10-4 19:19	
2025-11-8 23:42	BK-20251108-0954	9788942389032	부분과 전체	Heisenberg, Werner(지은이), 김용준(옮긴이)	지식산업사	1995-01-01	372	kor	자연과학	물리학	현대물리학	429.2	https://image.aladin.co.kr/product/6/30/cover500/8942389058_2.jpg					Owned	26-10-04 20:16	2026-10-4 19:19	
2025-11-8 23:48	BK-20251108-0955	9788976440600	시스템 다이내믹스	김도훈 (지은이)	대영문화사	1999-02-20	262	kor	총류	총류	이론 체계 및 시스템	003	https://image.aladin.co.kr/product/47/16/cover500/8976440609_1.jpg					Owned	26-10-04 20:16	2026-10-4 19:19	
2025-11-8 23:57	BK-20251108-0956	KMO199213222	나는 소망한다 내게 금지된 것을 : 양귀자 장편소설	양귀자 저	살림	1992-01-01	325	kor	문학	한국문학	소설	813.6	https://cover.nl.go.kr/kolis_on/2014/CNTS-00068081127_thumbnail.jpg	/NL/contents/search.do#viewKey=243136&viewType=AH1				Owned	26-10-04 20:16	2026-10-4 19:19	
2025-11-8 23:59	BK-20251108-0957	KMO200631952	벽오금학도 : 李外秀장편소설	李外秀	東文選	1992-01-01	295	kor	문학	한국문학	소설	813.6		/NL/contents/search.do#viewKey=61539235&viewType=AH1				Owned	26-10-04 20:16	2026-10-4 19:19	
2025-11-9 0:00	BK-20251109-0958	KMO199113156	그대 영혼 훔치다. 제1부. 늑대는 밤이 깊어야 운다	김홍신 지음.	자유출판사	1991-01-01	337	kor	문학	한국문학	소설	813.6		/NL/contents/search.do#viewKey=221760&viewType=AH1				Owned	26-10-04 20:16	2026-10-4 19:19	
2025-11-9 0:10	BK-20251109-0959	9788983710444	파인만 씨, 농담도 잘하시네! 1	리처드 파인만 (지은이), 김희봉 (옮긴이)	사이언스북스	2000-05-19	229	kor	자연과학	물리학	물리학	420.99	https://image.aladin.co.kr/product/23/42/cover500/8983710446_2.jpg					Owned	26-10-04 20:16	2026-10-4 19:19	
2025-11-9 0:11	BK-20251109-0960	9788983710451	파인만 씨, 농담도 잘하시네! 2	리처드 파인만 (지은이), 김희봉 (옮긴이)	사이언스북스	2000-05-19	274	kor	자연과학	물리학	물리학	420.99	https://image.aladin.co.kr/product/23/42/cover500/8983710454_2.jpg					Owned	26-10-04 20:16	2026-10-4 19:19	
2025-11-9 0:32	BK-20251109-0961	9788992717069	[보급판] 스키너의 심리상자 열기 - 세상을 뒤바꾼 위대한 심리 실험 10장면, 특별보급판	로렌 슬레이터 (지은이), 조증열 (옮긴이)	에코의서재	2008-01-25	363	kor	철학	심리학	심리학	180.733	https://image.aladin.co.kr/product/170/8/cover500/8992717067_1.jpg					Owned	26-10-04 20:16	2026-10-4 19:19	
2025-11-9 0:36	BK-20251109-0962	KMO201557526	詩와 科學의 길목에서 : 琴谷 李成範 文集	李成範 著	汎洋社出版部	1986-01-01	357	kor	문학	한국문학	한국문학	810.81		/NL/contents/search.do#viewKey=258618115&viewType=AH1				Owned	26-10-04 20:16	2026-10-4 19:19	
2025-11-9 0:39	BK-20251109-0963	KMO198912565	내 아들아! 너의 인생은 이렇게 살아라 : 아버지가 아들에게 보내는 인생 최대의 교훈	필립 체스터필드 저;홍영의 옮김	문학관	1989-01-01	226	kor	철학	윤리학, 도덕철학	도덕훈, 교훈	199.1	https://cover.nl.go.kr/kolis_on/2002/CNTS-00047857465_thumbnail.jpg	/NL/contents/search.do#viewKey=190853&viewType=AH1				Owned	26-10-04 20:16	2026-10-4 19:19	
2025-11-9 0:44	BK-20251109-0964	9780887306310	Yes or No (Paperback)	스펜서 존슨, Johnson, Spencer (지은이)	Harper Business	1993-06-04	112	eng	철학	윤리학, 도덕철학	도덕훈, 교훈	199.1	https://image.aladin.co.kr/product/92/79/cover500/0887306314_2.jpg					Owned	26-10-04 20:16	2026-10-4 19:19	
2025-11-9 9:19	BK-20251109-0965	KMO200138099	젊은날의 肖像	李文烈 지음	民音社	1991-01-01	325	kor	문학	한국문학	소설	813.6		/NL/contents/search.do#viewKey=14508839&viewType=AH1				Owned	26-10-04 20:16	2026-10-4 19:19	
2025-11-9 9:22	BK-20251109-0966	9788937426308	로마제국 쇠망사 세트 - 전6권	에드워드 기번 (지은이), 송은주 (옮긴이)	민음사	2010-03-31	4150	kor	역사	유럽	고대 로마	922	https://image.aladin.co.kr/product/681/77/cover500/8937426307_1.jpg	/NL/contents/search.do#viewKey=87965952&viewType=AH1				Owned	26-10-04 20:16	2026-10-4 19:19	
2025-11-9 9:22	BK-20251109-0967	9791158887605	듄 신장판 1~6 세트 - 전6권	프랭크 허버트 (지은이), 김승욱 (옮긴이)	황금가지	2021-01-22	4304	kor	문학	영미문학	소설	843.5	https://image.aladin.co.kr/product/26297/19/cover500/k132738793_2.jpg	/NL/contents/search.do#viewKey=747775620&viewType=AH1				Owned	26-10-04 20:16	2026-10-4 19:19	
2025-11-9 9:23	BK-20251109-0968	9788991221437	한국사 편지 세트 - 전5권 - 개정판	박은봉 (지은이), 류동필 (그림)	책과함께어린이	2009-02-23	1500	kor	역사	아시아	한국	911	https://image.aladin.co.kr/product/411/19/cover500/s412832368_1.jpg	/NL/contents/search.do#viewKey=96571178&viewType=AH1				Owned	26-10-04 20:16	2026-10-4 19:19	
2025-11-9 9:23	BK-20251109-0969	9788994780047	처음으로 만나는 삼국지 1 - 복숭아밭에서 맺은 의형제	김민수 (글), 나관중 (원작), 이현세 (그림)	녹색지팡이	2011-02-20	200	kor	문학	중국문학	소설	823.5	https://image.aladin.co.kr/product/1098/37/cover500/8994780041_1.jpg	/NL/contents/search.do#viewKey=141319729&viewType=AH1				Owned	26-10-04 20:16	2026-10-4 19:19	
2025-11-9 9:24	BK-20251109-0970	9788994780054	처음으로 만나는 삼국지 2 - 모여드는 영웅들	김민수 (글), 나관중 (원작), 이현세 (그림)	녹색지팡이	2011-02-20	200	kor	문학	중국문학	소설	823.5	https://image.aladin.co.kr/product/1098/48/cover500/899478005x_1.jpg	/NL/contents/search.do#viewKey=141319729&viewType=AH1				Owned	26-10-04 20:16	2026-10-4 19:19	
2025-11-9 9:24	BK-20251109-0971	9788994780061	처음으로 만나는 삼국지 3 - 불타는 적벽	김민수 (글), 나관중 (원작), 이현세 (그림)	녹색지팡이	2011-02-20	200	kor	문학	중국문학	소설	823.5	https://image.aladin.co.kr/product/1098/48/cover500/8994780068_1.jpg	/NL/contents/search.do#viewKey=141319729&viewType=AH1				Owned	26-10-04 20:16	2026-10-4 19:19	
2025-11-9 9:24	BK-20251109-0972	9788994780078	처음으로 만나는 삼국지 4 - 셋으로 나누어진 나라	김민수 (글), 나관중 (원작), 이현세 (그림)	녹색지팡이	2011-02-20	200	kor	문학	중국문학	소설	823.5	https://image.aladin.co.kr/product/1098/48/cover500/8994780076_1.jpg	/NL/contents/search.do#viewKey=141319729&viewType=AH1				Owned	26-10-04 20:16	2026-10-4 19:19	
2025-11-9 9:24	BK-20251109-0973	9788994780085	처음으로 만나는 삼국지 5 - 천하통일	김민수 (글), 나관중 (원작), 이현세 (그림)	녹색지팡이	2011-02-20	200	kor	문학	중국문학	소설	823.5	https://image.aladin.co.kr/product/1098/48/cover500/8994780084_1.jpg	/NL/contents/search.do#viewKey=141319729&viewType=AH1				Owned	26-10-04 20:16	2026-10-4 19:19	
2025-11-9 9:26	BK-20251109-0974	9788931924404	페스트	알베르 카뮈 (지은이), 이동렬 (옮긴이)	지경사	2012-01-15	190	kor	문학	프랑스문학	소설	863	https://image.aladin.co.kr/product/1479/79/cover500/8931924402_1.jpg	/NL/contents/search.do#viewKey=CNTS-00080101417&viewType=C				Owned	26-10-04 20:16	2026-10-4 19:19	
2025-11-9 9:27	BK-20251109-0975	9788992751780	아름다운 부자 이야기 - 초등학생이 꼭 읽어야 할 말랑말랑 우리 문화 지식백과	신현배 (지은이), 양동석 (그림)	현문미디어	2009-10-09	199	kor	역사	아시아	한국	911	https://image.aladin.co.kr/product/477/49/cover500/8992751788_1.jpg	/NL/contents/search.do#viewKey=102724259&viewType=AH1				Owned	26-10-04 20:16	2026-10-4 19:19	
2025-11-9 9:27	BK-20251109-0976	9788934969020	헤겔 아저씨네 희망복지관	함영연 (지은이), 강경수 (그림), 심옥숙	주니어김영사	2014-09-25	168	kor	문학	한국문학	소설	813.7	https://image.aladin.co.kr/product/4679/19/cover500/8934969024_1.jpg	/NL/contents/search.do#viewKey=233542127&viewType=AH1				Owned	26-10-04 20:16	2026-10-4 19:19	
2025-11-9 9:28	BK-20251109-0977	9788925563008	조지의 우주 보물찾기 2 - 개정판	스티븐 호킹, 루시 호킹 (지은이), 김혜원 (옮긴이)	주니어RHK(주니어랜덤)	2018-02-21	204	kor	문학	영미문학	소설	843	https://image.aladin.co.kr/product/13514/91/cover500/8925563002_1.jpg	/NL/contents/search.do#viewKey=497707018&viewType=AH1				Owned	26-10-04 20:16	2026-10-4 19:19	
2025-11-9 9:28	BK-20251109-0978	9788925562612	조지의 우주를 여는 비밀 열쇠 2 - 개정판	스티븐 호킹, 루시 호킹 (지은이), 김혜원 (옮긴이)	주니어RHK(주니어랜덤)	2018-01-15	200	kor	문학	영미문학	소설	843	https://image.aladin.co.kr/product/12864/43/cover500/8925562618_1.jpg	/NL/contents/search.do#viewKey=491789583&viewType=AH1				Owned	26-10-04 20:16	2026-10-4 19:19	
2025-11-9 9:28	BK-20251109-0979	9788925562995	조지의 우주 보물찾기 1 - 개정판	스티븐 호킹, 루시 호킹 (지은이), 김혜원 (옮긴이)	주니어RHK(주니어랜덤)	2018-02-21	196	kor	문학	영미문학	소설	843	https://image.aladin.co.kr/product/13515/62/cover500/8925562995_1.jpg	/NL/contents/search.do#viewKey=497707018&viewType=AH1				Owned	26-10-04 20:16	2026-10-4 19:19	
2025-11-9 9:28	BK-20251109-0980	9788925562605	조지의 우주를 여는 비밀 열쇠 1 - 개정판	스티븐 호킹, 루시 호킹 (지은이), 김혜원 (옮긴이)	주니어RHK(주니어랜덤)	2018-01-15	208	kor	문학	영미문학	소설	843	https://image.aladin.co.kr/product/12864/2/cover500/892556260x_1.jpg	/NL/contents/search.do#viewKey=491789583&viewType=AH1				Owned	26-10-04 20:16	2026-10-4 19:19	
2025-11-9 9:28	BK-20251109-0981	9788934955641	코페르니쿠스와 과학 혁명	손영운 (지은이), 이동철 (그림)	주니어김영사	2018-02-12	216	kor	역사	역사	세계사, 세계문화사	909	https://image.aladin.co.kr/product/15337/71/cover500/k882533227_1.jpg	/NL/contents/search.do#viewKey=161167073&viewType=AH1				Owned	26-10-04 20:16	2026-10-4 19:19	
2025-11-9 9:29	BK-20251109-0982	9788989192572	종의 기원 - 다윈이 들려주는 신비한 진화 이야기	한진영 (지은이), 김주리 (그림)	파란자전거	2006-10-30	144	kor	자연과학	생명과학	생물진화	476	https://image.aladin.co.kr/product/85/17/cover500/8989192579_1.jpg					Owned	26-10-04 20:16	2026-10-4 19:19	
2025-11-9 11:45	BK-20251109-0983	9788915058217	몽테크리스토 백작	알렉상드르 뒤마 (지은이), 김명자 (그림), 한상숙 (옮긴이)	삼성출판사	2007-08-01	255	kor	문학	문학	전집, 총서	808	https://image.aladin.co.kr/product/97/49/cover500/8915058216_1.jpg	/NL/contents/search.do#viewKey=90543010&viewType=AH1				Owned	26-10-04 20:16	2026-10-4 19:19	
2025-11-9 11:46	BK-20251109-0984	9788974146566	대항해 시대 사람들은 어떤 생각을 했을까? - 중세의 바다를 건너 근대 자본주의로 항해한	김지혜 (글), 블루마크	푸른나무	2015-11-18	206	kor	총류	총류	지식 및 학문 일반	001	https://image.aladin.co.kr/product/7070/83/cover500/8974146568_1.jpg	/NL/contents/search.do#viewKey=267494136&viewType=AH1				Owned	26-10-04 20:16	2026-10-4 19:19	
2025-11-9 11:47	BK-20251109-0985	9788989863700	히틀러의 딸	재키 프렌치 (지은이), 기타미 요코 (그림), 공경희 (옮긴이)	북뱅크	2008-12-05	202	kor	문학	영미문학	소설	843	https://image.aladin.co.kr/product/275/72/cover500/8989863708_1.jpg	/NL/contents/search.do#viewKey=93806822&viewType=AH1				Owned	26-10-04 20:16	2026-10-4 19:19	
2025-11-9 11:47	BK-20251109-0986	9788964960479	파인만, 과학을 웃겨 주세요 - 장난치고 싶어서 엉덩이가 근질근질하다고?, 과학자	김성화.권수진 (지은이)	탐	2011-11-07	200	kor	역사	전기	전기	990	https://image.aladin.co.kr/product/1386/25/cover500/8964960475_1.jpg	/NL/contents/search.do#viewKey=142323702&viewType=AH1				Owned	26-10-04 20:16	2026-10-4 19:19	
2025-11-9 11:48	BK-20251109-0987	9788954413848	과학공화국 수학법정 5 - 확률과 통계	정완상 (지은이)	자음과모음	2007-05-31	264	kor	자연과학	수학	수학	410	https://image.aladin.co.kr/product/92/49/cover500/8954413846_1.jpg	/NL/contents/search.do#viewKey=72136881&viewType=AH1				Owned	26-10-04 20:16	2026-10-4 19:19	
2025-11-9 11:48	BK-20251109-0988	9788954402606	과학공화국 수학법정 1 - 수학의 기초	정완상 (지은이)	자음과모음	2005-02-04	258	kor	자연과학	수학	수학	410	https://image.aladin.co.kr/product/54/10/cover500/8954402607_2.jpg	/NL/contents/search.do#viewKey=968141185&viewType=AH1				Owned	26-10-04 20:16	2026-10-4 19:19	
2025-11-9 17:30	BK-20251109-0989	8934901845	죽은 경제학자의 살아있는 아이디어	Todd G. Buchholz	김영사	1994-01-01	400	kor	사회과학	경제학	경제학	320.1	https://image.aladin.co.kr/product/13/48/cover200/8934918292_1.jpg	/NL/contents/search.do#viewKey=559865683&viewType=AH1				Owned	26-10-04 20:16	2026-10-4 19:19	
2025-11-9 20:21	BK-20251109-0990	9788955725728	명탐정 셜록 홈즈의 귀환 - 완역판	아서 코난 도일 (지은이), 엔터스코리아 (옮긴이)	글송이	2004-04-27	286	kor	문학	영미문학	소설	843	https://image.aladin.co.kr/product/8168/36/cover500/k882434347_1.jpg	/NL/contents/search.do#viewKey=133614196&viewType=AH1				Owned	26-10-04 20:16	2026-10-4 19:19	
2025-11-9 20:21	BK-20251109-0991	9788955725773	명탐정 셜록 홈즈의 공포의 계곡	아서 코난 도일 (지은이), 엔터스 코리아 (옮긴이)	글송이	2010-10-19	296	kor	문학	영미문학	소설	843	https://image.aladin.co.kr/product/796/18/cover500/8955725779_1.jpg					Owned	26-10-04 20:16	2026-10-4 19:19	
2025-11-9 20:22	BK-20251109-0992	9788955725704	명탐정 셜록 홈즈의 모험 - 완역판	아서 코난 도일 (지은이), 노경해 (그림), 엔터스 코리아 (옮긴이)	글송이	2004-06-16	292	kor	문학	영미문학	소설	843	https://image.aladin.co.kr/product/737/51/cover500/8955725701_1.jpg	/NL/contents/search.do#viewKey=133614543&viewType=AH1				Owned	26-10-04 20:16	2026-10-4 19:19	
2025-11-9 20:23	BK-20251109-0993	9788949161761	책 읽는 강아지 몽몽 - 제3회 비룡소 문학상 대상 수상작	최은옥 (지은이), 신지수 (그림)	비룡소	2014-02-18	84	kor	문학	한국문학	소설	813.7	https://image.aladin.co.kr/product/3621/34/cover500/8949161761_2.jpg	/NL/contents/search.do#viewKey=200266131&viewType=AH1				Owned	26-10-04 20:16	2026-10-4 19:19	
2025-11-9 20:23	BK-20251109-0994	9791192308180	전우치전 - 거침없는 도술로 세상을 뒤흔든 악동 도사	정아원 (지은이), 박지윤 (그림)	파란자전거	2022-11-15	169	kor	문학	한국문학	소설	813.5	https://image.aladin.co.kr/product/30443/29/cover500/k292830378_1.jpg	/NL/contents/search.do#viewKey=878821983&viewType=AH1				Owned	26-10-04 20:16	2026-10-4 19:19	
2025-11-9 20:23	BK-20251109-0995	9788961558914	조용한 마을의 공유경제 소동 - 2020 문학나눔 선정 도서	안선모 (지은이), 로사(김소은) (그림), 김황식 (추천)	파랑새	2020-03-09	128	kor	문학	한국문학	소설	813.7	https://image.aladin.co.kr/product/23552/1/cover500/s262631518_1.jpg	/NL/contents/search.do#viewKey=691982495&viewType=AH1				Owned	26-10-04 20:16	2026-10-4 19:19	
2025-11-9 20:23	BK-20251109-0996	9788901068602	까막눈 삼디기 - 웅진 푸른교실 2	원유순 (글), 이현미 (그림)	웅진주니어	2007-07-09	94	kor	문학	한국문학	소설	813.6	https://image.aladin.co.kr/product/23/95/cover500/8901068605_2.jpg	/NL/contents/search.do#viewKey=122813751&viewType=AH1				Owned	26-10-04 20:16	2026-10-4 19:19	
2025-11-9 20:24	BK-20251109-0997	9788959246908	신나는 열두 달 명절이야기	우리누리 (글), 권사우 (그림)	랜덤하우스코리아	2005-08-25	129	kor	사회과학	풍습, 예절, 민속학	풍습, 예절, 민속학	380	https://image.aladin.co.kr/product/8/91/cover500/8959246905_1.jpg	/NL/contents/search.do#viewKey=132642084&viewType=AH1				Owned	26-10-04 20:16	2026-10-4 19:19	
2025-11-9 20:24	BK-20251109-0998	9788953313033	저학년 속담 - 창의력과 지혜가 자라나는	B612 (엮은이), 곽재연 (그림)	계림북스	2010-02-25	158	kor	사회과학	풍습, 예절, 민속학	민속학	388	https://image.aladin.co.kr/product/648/46/cover500/8953313031_1.jpg	/NL/contents/search.do#viewKey=110530883&viewType=AH1				Owned	26-10-04 20:16	2026-10-4 19:19	
2025-11-9 20:24	BK-20251109-0999	9791157820665	카카오 농부는 왜 초콜릿을 사 먹지 못할까? - 생산자와 소비자가 함께 웃는 공정무역 이야기	카리 존스 (지은이), 현혜진 (옮긴이)	초록개구리	2018-05-25	68	kor	사회과학	경제학	상업, 교통, 통신	326	https://image.aladin.co.kr/product/14954/41/cover500/k452533962_1.jpg	/NL/contents/search.do#viewKey=521520355&viewType=AH1				Owned	26-10-04 20:16	2026-10-4 19:19	
2025-11-9 20:25	BK-20251109-1000	9788987504209	나는 햄스터 엄마예요	손정혜 (지은이), 윤정주 (그림)	느림보	2002-01-25	103	kor	문학	한국문학	소설	813.8	https://image.aladin.co.kr/product/32/92/cover500/8987504204_1.jpg					Owned	26-10-04 20:16	2026-10-4 19:19	
2025-11-9 20:25	BK-20251109-1001	9791163633495	더 멀리, 더 빠르게! 미래 교통과 통신 - 미래 교통과 통신은 세상을 어떻게 바꿀까?	신선웅, 조남철 (지은이), 유남영 (그림)	뭉치	2025-04-08	136	kor	사회과학	경제학	상업, 교통, 통신	326	https://image.aladin.co.kr/product/27008/57/cover500/k242730326_1.jpg	/NL/contents/search.do#viewKey=760624626&viewType=AH1				Owned	26-10-04 20:16	2026-10-4 19:19	
2025-11-9 20:26	BK-20251109-1002	9788901161266	허생전	최나미 (글), 이경국 (그림), 한국고전소설학회 (감수)	웅진주니어	2013-11-30	120	kor	문학	한국문학	소설	813.5	https://image.aladin.co.kr/product/3373/94/cover500/8901161265_1.jpg	/NL/contents/search.do#viewKey=195928652&viewType=AH1				Owned	26-10-04 20:16	2026-10-4 19:19	
2025-11-9 20:26	BK-20251109-1003	9788992525138	양반전 - 범이 꾸짖다/요술 구경	박상률 (지은이), 박지원 (원작), 김태헌 (그림)	알마	2007-08-17	110	kor	문학	한국문학	소설	813.5	https://image.aladin.co.kr/product/96/97/cover500/8992525133_1.jpg	/NL/contents/search.do#viewKey=73913801&viewType=AH1				Owned	26-10-04 20:16	2026-10-4 19:19	
2025-11-9 20:28	BK-20251109-1004	9788971968710	마당을 나온 암탉 (반양장) - 아동용	황선미 (지은이), 김환영 (그림)	사계절	2000-05-29	200	kor	문학	한국문학	소설	813.8	https://image.aladin.co.kr/product/34/91/cover500/8971968710_2.gif					Owned	26-10-04 20:16	2026-10-4 19:19	
2025-11-9 22:21	BK-20251109-1005	9788934996828	예링 아저씨네 비밀 정원 - 법	김미애 (지은이), 이주희 (그림), 윤지근	주니어김영사	2019-12-23	168	kor	사회과학	사회과학	총서, 전집, 선집	308	https://image.aladin.co.kr/product/22378/83/cover500/893499682x_1.jpg	/NL/contents/search.do#viewKey=674690357&viewType=AH1				Owned	26-10-04 20:16	2026-10-4 19:19	
2025-11-9 22:21	BK-20251109-1006	9788952723840	바늘 부부, 모험을 떠나다	도바시 에츠코 (지은이), 초 신타 (그림), 김난주 (옮긴이)	시공주니어	2002-11-05	106	kor	문학	일본문학 및 기타 아시아 제문학	소설	833.8	https://image.aladin.co.kr/product/38/64/cover500/8952723848_2.jpg					Owned	26-10-04 20:16	2026-10-4 19:19	
2025-11-10 12:03	BK-20251110-1007	9791188974696	도서관 마녀의 태블릿	차무진 (지은이)	블랙홀	2023-08-25	224	kor	문학	한국문학	소설	813.7	https://image.aladin.co.kr/product/32314/18/cover500/k422834150_1.jpg	/NL/contents/search.do#viewKey=976249976&viewType=AH1				Owned	26-10-04 20:16	2026-10-4 19:19	
2025-11-10 12:03	BK-20251110-1008	9791192817200	잉크와 별의 소녀	키란 밀우드 하그레이브 (지은이), 조경실 (옮긴이)	고래가숨쉬는도서관	2023-11-10	316	kor	문학	영미문학	소설	843	https://image.aladin.co.kr/product/32792/69/cover500/k172936595_1.jpg	/NL/contents/search.do#viewKey=974336897&viewType=AH1				Owned	26-10-04 20:16	2026-10-4 19:19	
2025-11-10 12:04	BK-20251110-1009	9791171252565	웡카	시빌 파운더 (글), 김난령 (옮긴이), 사이먼 파너비, 폴 킹 (시나리오)	시공주니어	2024-01-05	344	kor	문학	영미문학	소설	843	https://image.aladin.co.kr/product/33072/75/cover500/k092937309_1.jpg	/NL/contents/search.do#viewKey=1018403642&viewType=AH1				Owned	26-10-04 20:16	2026-10-4 19:19	
2025-11-10 12:04	BK-20251110-1010	9788954428279	삼각형으로 스피드를 구해줘! - 삼각형으로 배우는 갈릴레이의 낙하법칙	정완상 (지은이), 이지후 (그림)	자음과모음	2013-02-06	276	kor	자연과학	자연과학	전집, 총서	408	https://image.aladin.co.kr/product/2419/32/cover500/8954428274_1.jpg	/NL/contents/search.do#viewKey=162424121&viewType=AH1				Owned	26-10-04 20:16	2026-10-4 19:19	
2025-11-10 12:04	BK-20251110-1011	9791193759011	세상을 둘로 나눈 벽이 있대! - 어린이도 알아야 할 빈부 격차 이야기	윤주은 (지은이), 임광희 (그림)	영수책방	2024-02-19	132	kor	사회과학	사회학, 사회문제	사회조직 및 제도	332	https://image.aladin.co.kr/product/33460/79/cover500/k042938747_1.jpg	/NL/contents/search.do#viewKey=1007813023&viewType=AH1				Owned	26-10-04 20:16	2026-10-4 19:19	
2025-11-10 12:05	BK-20251110-1012	9788936442521	대단한 4학년	주디 블룸 (지은이), 오승민 (그림), 김영진 (옮긴이)	창비	2009-10-12	219	kor	문학	영미문학	소설	843	https://image.aladin.co.kr/product/475/18/cover500/893644252x_1.jpg	/NL/contents/search.do#viewKey=106827077&viewType=AH1				Owned	26-10-04 20:16	2026-10-4 19:19	
2025-11-10 12:06	BK-20251110-1013	9788949128856	유일한 - 대한민국에서 가장 존경받는 참된 기업인	임사라 (지은이), 김홍모, 임소희 (그림)	비룡소	2021-05-28	72	kor	역사	전기	전기	990	https://image.aladin.co.kr/product/27754/86/cover500/8949128853_1.jpg	/NL/contents/search.do#viewKey=768301920&viewType=AH1				Owned	26-10-04 20:16	2026-10-4 19:19	
2025-11-10 12:06	BK-20251110-1014	9791162181577	열 살, 목민심서를 만나다	서지원 (지은이), 이다혜 (그림)	어린이나무생각	2021-07-09	164	kor	철학	윤리학, 도덕철학	국가 및 정치윤리	193	https://image.aladin.co.kr/product/27389/52/cover500/k432732459_1.jpg	/NL/contents/search.do#viewKey=768206038&viewType=AH1				Owned	26-10-04 20:16	2026-10-4 19:19	
2025-11-10 12:08	BK-20251110-1015	9788930201643	Why? 인문고전학습만화 : 정치학	이승희 (지은이), 김수라 (엮은이), 강신영 (그림), 반주원 (자문)	예림당	2018-06-15	200	kor	총류	일반 전집, 총서	2인 이상의 일반 전집, 총서	082	https://image.aladin.co.kr/product/14947/12/cover500/8930201644_1.jpg	/NL/contents/search.do#viewKey=523150434&viewType=AH1				Owned	26-10-04 20:16	2026-10-4 19:19	
2025-11-10 12:08	BK-20251110-1016	9788991550834	우리는 침묵하지 않을 것이다 - 히틀러에게 저항한 학생들, 백장미단 이야기	러셀 프리드먼 (지은이), 강미경 (옮긴이)	두레아이들	2017-09-05	136	kor	역사	유럽	독일과 중앙유럽	925	https://image.aladin.co.kr/product/11687/75/cover500/8991550835_1.jpg	/NL/contents/search.do#viewKey=456473793&viewType=AH1				Owned	26-10-04 20:16	2026-10-4 19:19	
2025-11-10 12:08	BK-20251110-1017	9788952238504	알렉산드로스와 헬레니즘 - 동서융합의 대제국을 꿈꾸다	이근혁 (지은이)	살림	2018-05-15	286	kor	역사	역사	세계사, 세계문화사	909	https://image.aladin.co.kr/product/14800/4/cover500/8952238508_1.jpg	/NL/contents/search.do#viewKey=507551496&viewType=AH1				Owned	26-10-04 20:16	2026-10-4 19:19	
2025-11-10 12:08	BK-20251110-1018	9788962478327	종교 탓이 아니에요 - 어린이를 위한 세계 5대 종교 이야기	만프레트 마이 (지은이), 마리네 루딘 (그림), 이수영 (옮긴이)	위즈덤하우스	2017-05-20	172	kor	종교	비교종교학	비교종교학	210	https://image.aladin.co.kr/product/10992/82/cover500/8962478323_2.jpg	/NL/contents/search.do#viewKey=376927810&viewType=AH1				Owned	26-10-04 20:16	2026-10-4 19:19	(200)에서 변경
2025-11-10 12:09	BK-20251110-1019	9788994258454	군주론 - 인간의 본성을 이해하는 정치 출판서	김선희 (지은이), 신현영 (그림)	파란자전거	2012-07-10	160	kor	사회과학	정치학	정치학	340	https://image.aladin.co.kr/product/1804/54/cover500/8994258450_2.jpg	/NL/contents/search.do#viewKey=153761823&viewType=AH1				Owned	26-10-04 20:16	2026-10-4 19:19	
2025-11-10 12:09	BK-20251110-1020	9788964964057	형제, 유배지에서 꿈을 쓰다 - 정약용과 정약전의 실학 이야기	우현옥 (지은이), 김세현 (그림), 전국초등사회교과모임 (감수)	토토북	2019-07-16	172	kor	역사	전기	주제별 전기	998.1	https://image.aladin.co.kr/product/19876/12/cover500/8964964055_1.jpg	/NL/contents/search.do#viewKey=602701411&viewType=AH1				Owned	26-10-04 20:16	2026-10-4 19:19	
2025-11-10 12:09	BK-20251110-1021	9788955473230	억만장자 소년	데이비드 윌리엄스 (지은이), 토니 로스 (그림), 이가희 (옮긴이)	크레용하우스	2014-05-20	320	kor	문학	영미문학	소설	843	https://image.aladin.co.kr/product/4114/75/cover500/8955473230_1.jpg	/NL/contents/search.do#viewKey=213806310&viewType=AH1				Owned	26-10-04 20:16	2026-10-4 19:19	
2025-11-10 12:10	BK-20251110-1022	9788955476514	악마 치과 의사	데이비드 월리엄스 (지은이), 토니 로스 (그림), 민지현 (옮긴이)	크레용하우스	2019-09-05	502	kor	문학	영미문학	소설	843	https://image.aladin.co.kr/product/21262/94/cover500/8955476515_1.jpg	/NL/contents/search.do#viewKey=619857499&viewType=AH1				Owned	26-10-04 20:16	2026-10-4 19:19	
2025-11-10 12:10	BK-20251110-1023	9788955475654	할아버지의 위대한 탈출	데이비드 월리엄스 (지은이), 토니 로스 (그림), 민지현 (옮긴이)	크레용하우스	2018-02-20	508	kor	문학	영미문학	소설	843	https://image.aladin.co.kr/product/13674/72/cover500/8955475659_1.jpg	/NL/contents/search.do#viewKey=498252122&viewType=AH1				Owned	26-10-04 20:16	2026-10-4 19:19	
2025-11-10 12:10	BK-20251110-1024	9788955474220	무시무시한 고모	데이비드 윌리엄스 (지은이), 토니 로스 (그림), 민지현 (옮긴이)	크레용하우스	2015-12-10	468	kor	문학	영미문학	소설	843	https://image.aladin.co.kr/product/7234/6/cover500/8955474229_1.jpg	/NL/contents/search.do#viewKey=273302026&viewType=AH1				Owned	26-10-04 20:16	2026-10-4 19:19	
2025-11-10 12:11	BK-20251110-1025	9788963011400	우린 그렇게 어른이 되었다 - 중국아동청소년문학상 금상	창신강 (지은이), 주수련 (옮긴이)	단비청소년	2017-03-10	264	kor	문학	중국문학	소설	823.7	https://image.aladin.co.kr/product/10510/4/cover500/8963011402_1.jpg	/NL/contents/search.do#viewKey=365869622&viewType=AH1				Owned	26-10-04 20:16	2026-10-4 19:19	
2025-11-10 12:11	BK-20251110-1026	9788931360721	힙합 청소년 정치학 - 촛불혁명 다음 세대를 위한	강제명 (지은이), 이창우 (그림)	이론과실천	2019-11-12	208	kor	사회과학	정치학	정치학	340	https://image.aladin.co.kr/product/21638/58/cover500/893136072x_1.jpg	/NL/contents/search.do#viewKey=634833836&viewType=AH1				Owned	26-10-04 20:16	2026-10-4 19:19	
2025-11-10 12:12	BK-20251110-1027	9791187287445	택시 소년, 지지 않는 잎 - 한국출판문화산업진흥원 9월의청소년권장도서 선정, 2018 아침독서신문 선정, 2018 오픈키드좋은어린이책목록 추천	데보라 엘리스 (지은이), 윤정숙 (옮긴이)	천개의바람	2017-06-20	204	kor	문학	영미문학	소설	843	https://image.aladin.co.kr/product/11152/44/cover500/k482531984_1.jpg	/NL/contents/search.do#viewKey=377966755&viewType=AH1				Owned	26-10-04 20:16	2026-10-4 19:19	
2025-11-10 12:12	BK-20251110-1028	9788958201656	건축, 권력과 욕망을 말하다 - 역사를 담은 건축, 인간을 품은 공간	서윤영 (지은이)	궁리	2009-09-10	269	kor	기술과학	건축, 건축학	건축, 건축학	540.04	https://image.aladin.co.kr/product/460/93/cover500/8958201657_1.jpg	/NL/contents/search.do#viewKey=101684316&viewType=AH1				Owned	26-10-04 20:16	2026-10-4 19:19	
2025-11-10 12:14	BK-20251110-1029	9788915032873	홍당무	쥘 르나르 (지은이), 강정규 (엮은이), 김진아 (그림)	삼성출판사	2003-08-01	239	kor	문학	프랑스문학	소설	863	https://image.aladin.co.kr/product/42/79/cover500/891503287x_1.gif	/NL/contents/search.do#viewKey=CNTS-00073664073&viewType=C				Owned	26-10-04 20:16	2026-10-4 19:19	
2025-11-10 12:14	BK-20251110-1030	9788915032910	시턴 동물기	어니스트 톰슨 시튼 (지은이), 선안나 (엮은이)	삼성출판사	2003-08-01	223	kor	자연과학	동물학	동물학	490	https://image.aladin.co.kr/product/42/79/cover500/8915032918_1.gif					Owned	26-10-04 20:16	2026-10-4 19:19	
2025-11-10 12:20	BK-20251110-1031	9788915058330	삼국지 - 하	나관중 (지은이), 조선경 (그림), 고영직 (옮긴이)	삼성출판사	2007-08-01	255	kor	문학	문학	전집, 총서	808	https://image.aladin.co.kr/product/97/84/cover500/891505833x_1.jpg	/NL/contents/search.do#viewKey=90542956&viewType=AH1				Owned	26-10-04 20:16	2026-10-4 19:19	
2025-11-10 12:21	BK-20251110-1032	9788915100251	삼국지 - 상	나관중 (지은이), 조선경 (그림), 고영직 (옮긴이), 김준우 (해설)	삼성출판사	2016-03-01	256	kor	문학	문학	전집, 총서	808	https://image.aladin.co.kr/product/8098/75/cover500/8915100255_1.jpg					Owned	26-10-04 20:16	2026-10-4 19:19	
2025-11-10 12:21	BK-20251110-1033	9788915033023	폭풍의 언덕	에밀리 브론테 (지은이), 안재선 (그림), 권영미 (옮긴이)	삼성출판사	2003-08-01	223	kor	문학	영미문학	소설	843	https://image.aladin.co.kr/product/43/66/cover500/8915033027_1.gif					Owned	26-10-04 20:16	2026-10-4 19:19	
2025-11-10 12:21	BK-20251110-1034	9788915032996	전쟁과 평화	레프 톨스토이 (지은이), 이혜경 (엮은이), 김소영 (그림)	삼성출판사	2003-08-01	239	kor	문학	기타 제문학	인도-유럽계문학	892.83	https://image.aladin.co.kr/product/42/81/cover500/8915032993_1.gif					Owned	26-10-04 20:16	2026-10-4 19:19	
2025-11-10 12:21	BK-20251110-1035	9788915032897	키다리 아저씨	진 웹스터 (지은이), 한상남 (엮은이), 윤보영 (그림)	삼성출판사	2003-08-01	239	kor	문학	영미문학	소설	843	https://image.aladin.co.kr/product/42/79/cover500/8915032896_1.gif					Owned	26-10-04 20:16	2026-10-4 19:19	
2025-11-10 12:21	BK-20251110-1036	9788915058262	카라마조프의 형제들	표도르 도스토예프스키 (지은이), 김계만 (그림), 안희웅 (옮긴이)	삼성출판사	2007-08-01	223	kor	문학	문학	전집, 총서	808	https://image.aladin.co.kr/product/97/49/cover500/8915058267_1.jpg	/NL/contents/search.do#viewKey=90542944&viewType=AH1				Owned	26-10-04 20:16	2026-10-4 19:19	
2025-11-10 12:22	BK-20251110-1037	9788915032903	아라비안나이트	권영미 (지은이), 윤종태 (그림)	삼성출판사	2003-08-01	239	kor	문학	기타 제문학	셈족문학	897.7	https://image.aladin.co.kr/product/42/79/cover500/891503290x_1.gif					Owned	26-10-04 20:16	2026-10-4 19:19	
2025-11-10 12:22	BK-20251110-1038	9788915058293	비밀의 화원	프랜시스 호즈슨 버넷 (지은이), 김혜영 (그림), 정진숙 (옮긴이)	삼성출판사	2007-08-01	255	kor	문학	영미문학	소설	843	https://image.aladin.co.kr/product/97/49/cover500/8915058291_1.jpg	/NL/contents/search.do#viewKey=90543026&viewType=AH1				Owned	26-10-04 20:16	2026-10-4 19:19	(808)에서 변경
2025-11-10 12:22	BK-20251110-1039	9788915080898	작은 아씨들	이지훈, 루이자 메이 올콧 (지은이), 김민지 (그림), 한상남 (옮긴이)	삼성출판사	2012-01-10	240	kor	문학	영미문학	소설	843	https://image.aladin.co.kr/product/1473/90/cover500/8915080890_1.jpg	/NL/contents/search.do#viewKey=162153470&viewType=AH1				Owned	26-10-04 20:16	2026-10-4 19:19	(808)에서 재분류
2025-11-10 12:22	BK-20251110-1040	9788915032965	셰익스피어 이야기	윌리엄 셰익스피어 (지은이), 안희웅 (엮은이), 규하 (그림)	삼성출판사	2003-08-01	247	kor	문학	영미문학	소설	843.8	https://image.aladin.co.kr/product/42/80/cover500/8915032969_1.gif	/NL/contents/search.do#viewKey=CNTS-00030659333&viewType=C				Owned	26-10-04 20:16	2026-10-4 19:19	
2025-11-10 12:23	BK-20251110-1041	9791159350375	에이번리의 앤	루시 모드 몽고메리 (지은이), 김지혁 (그림), 정지현 (옮긴이)	인디고(글담)	2018-09-28	464	kor	문학	영미문학	소설	843.5	https://image.aladin.co.kr/product/16878/67/cover500/k662534072_2.jpg	/NL/contents/search.do#viewKey=540763326&viewType=AH1				Owned	26-10-04 20:16	2026-10-4 19:19	
2025-11-10 13:49	BK-20251110-1042	9788947547260	세금 내는 아이들 - 어린이를 위한 경제 교육 동화	옥효진 (지은이), 김미연 (그림)	한국경제신문	2021-06-15	194	kor	사회과학	경제학	금융	327	https://image.aladin.co.kr/product/27324/68/cover500/8947547263_3.jpg	/NL/contents/search.do#viewKey=768566518&viewType=AH1				Owned	26-10-04 20:16	2026-10-4 19:19	
2025-11-10 13:50	BK-20251110-1043	9788945116949	기차 할머니	파울 마르 (지은이), 프란츠 비트캄프 (그림), 유혜자 (옮긴이)	중앙출판사(중앙미디어)	2000-03-15	104	kor	문학	독일문학	소설	853	https://image.aladin.co.kr/product/22/85/cover500/894511694x_1.jpg					Owned	26-10-04 20:16	2026-10-4 19:19	
2025-11-10 13:50	BK-20251110-1044	9788930200240	로빈슨 크루소	다니엘 디포 (지은이), 최수웅 (그림), 정영애 (옮긴이)	예림당	2004-08-10	214	kor	문학	영미문학	소설	843	https://image.aladin.co.kr/product/51/6/cover500/8930200249_2.jpg					Owned	26-10-04 20:16	2026-10-4 19:19	
2025-11-10 13:59	BK-20251110-1045	9791164450084	빨강 머리 앤 (양장)	루시 모드 몽고메리 (지은이), 애니메이션 &lt;빨강 머리 앤&gt; 원화 (그림), 박혜원 (옮긴이)	더모던	2019-05-10	532	kor	문학	영미문학	소설	843.5	https://image.aladin.co.kr/product/19147/63/cover500/k022635490_1.jpg	/NL/contents/search.do#viewKey=582784937&viewType=AH1				Owned	26-10-04 20:16	2026-10-4 19:19	
2025-11-10 14:01	BK-20251110-1046	9788952709097	로테와 루이제	에리히 캐스트너 (지은이), 발터 트리어 (그림), 김서정 (옮긴이)	시공주니어	2000-02-25	232	kor	문학	독일문학	소설	853	https://image.aladin.co.kr/product/22/55/cover500/8952709098_2.jpg	/NL/contents/search.do#viewKey=905278850&viewType=AH1				Owned	26-10-04 20:16	2026-10-4 19:19	
2025-11-10 14:02	BK-20251110-1047	9788952709981	라스무스와 방랑자	아스트리드 린드그렌 (지은이), 호르스트 렘케 (그림), 문성원 (옮긴이)	시공주니어	2001-11-15	312	kor	문학	독일문학	기타 게르만 문학	859	https://image.aladin.co.kr/product/30/60/cover500/8952709985_2.jpg					Owned	26-10-04 20:16	2026-10-4 19:19	
2025-11-10 14:02	BK-20251110-1048	9788952724755	톰 소여의 모험	마크 트웨인 (지은이), 도널드 매케이 (그림), 지혜연 (옮긴이)	시공주니어	2004-02-15	375	kor	문학	영미문학	소설	843	https://image.aladin.co.kr/product/46/81/cover500/8952724755_2.jpg					Owned	26-10-04 20:16	2026-10-4 19:19	
2025-11-10 14:03	BK-20251110-1049	9788952745569	하이디	요한나 슈피리 (지은이), 김영진 (옮긴이)	시공주니어	2006-03-15	502	kor	문학	독일문학	소설	853	https://image.aladin.co.kr/product/63/71/cover500/8952745566_1.jpg					Owned	26-10-04 20:16	2026-10-4 19:19	
2025-11-10 14:04	BK-20251110-1050	9788952724946	세라 이야기	프랜시스 호지슨 버넷 (지은이), 타샤 튜더 (그림), 햇살과나무꾼 (옮긴이)	시공주니어	2004-03-25	310	kor	문학	영미문학	소설	843	https://image.aladin.co.kr/product/47/73/cover500/8952724941_2.jpg					Owned	26-10-04 20:16	2026-10-4 19:19	
2025-11-10 14:05	BK-20251110-1051	9788949141299	작은 아씨들 2	루이자 메이 올콧 (지은이), 제시 윌콕스 스미스, 프랭크 T. 머릴 (그림), 황소연 (옮긴이)	비룡소	2018-11-30	544	kor	문학	영미문학	소설	843	https://image.aladin.co.kr/product/17582/96/cover500/8949141299_1.jpg	/NL/contents/search.do#viewKey=552574526&viewType=AH1				Owned	26-10-04 20:16	2026-10-4 19:19	
2025-11-10 14:05	BK-20251110-1052	9791159038655	키다리 아저씨 2 (반양장) - 그 후 이야기	진 웹스터 (지은이), 서현정 (옮긴이)	더클래식	2018-02-20	368	kor	문학	영미문학	소설	843	https://image.aladin.co.kr/product/13495/47/cover500/k922532505_1.jpg					Owned	26-10-04 20:16	2026-10-4 19:19	
2025-11-10 14:05	BK-20251110-1053	9791155812990	조의 아이들 - 작은 아씨들 3,4부 완역판	루이자 메이 올콧 (지은이), 김재용, 오수원 (옮긴이)	윌북	2020-09-10	1032	kor	문학	영미문학	소설	843.4	https://image.aladin.co.kr/product/24899/77/cover500/k462632474_2.jpg	/NL/contents/search.do#viewKey=727016240&viewType=AH1				Owned	26-10-04 20:16	2026-10-4 19:19	
2025-11-10 14:07	BK-20251110-1054	9788964963180	왕세자의 입학식 - 조선의 왕세자는 어떻게 공부했을까?	김경화 (지은이), 김언경 (그림), 김문식 (감수)	토토북	2017-03-17	112	kor	역사	아시아	한국	911.05	https://image.aladin.co.kr/product/10596/20/cover500/8964963180_1.jpg	/NL/contents/search.do#viewKey=367332779&viewType=AH1				Owned	26-10-04 20:16	2026-10-4 19:19	
2025-11-10 17:34	BK-20251110-1055	9788972209690	노인과 바다	이덕화 (지은이)	도솔	1995-07-01	114	kor	문학	영미문학	소설	843	https://image.aladin.co.kr/product/3/23/cover500/8972209694_1.jpg					Owned	26-10-04 20:16	2026-10-4 19:19	
2025-11-11 10:49	BK-20251111-1056	9788931922622	적과 흑	스탕달 (지은이), 양재홍 (엮은이), 이민정 (그림)	지경사	2010-06-25	204	kor	문학	프랑스문학	소설	863	https://image.aladin.co.kr/product/738/70/cover500/★8931922620_1.jpg					Owned	26-10-04 20:16	2026-10-4 19:19	
2025-11-11 11:03	BK-20251111-1057	9788955475838	4차 산업 혁명과 미래 직업 이야기 - 서쌤이 알려 주는	서지원 (지은이), 홍자혜 (그림)	크레용하우스	2018-05-31	188	kor	사회과학	경제학	경제각론	321.55	https://image.aladin.co.kr/product/15078/74/cover500/8955475837_1.jpg	/NL/contents/search.do#viewKey=521873101&viewType=AH1				Owned	26-10-04 20:16	2026-10-4 19:19	
2025-11-11 11:03	BK-20251111-1058	9788972782810	아홉살 인생 - 개정판	위기철 (지은이)	청년사	2010-01-20	260	kor	문학	한국문학	소설	813.6	https://image.aladin.co.kr/product/626/84/cover500/8972782815_1.jpg					Owned	26-10-04 20:16	2026-10-4 19:19	
2025-11-11 11:03	BK-20251111-1059	9788991503007	창가의 토토 - 개정판	구로야나기 테츠코 (지은이), 이와사키 치히로 (그림), 김난주 (옮긴이)	프로메테우스	2004-01-29	287	kor	문학	일본문학 및 기타 아시아 제문학	소설	833	https://image.aladin.co.kr/product/23/33/cover500/8991503004_2.jpg					Owned	26-10-04 20:16	2026-10-4 19:19	
2025-11-11 11:03	BK-20251111-1060	9791190267021	클라라의 전쟁	캐시 케이서 (지은이), 황인호 (그림), 김시경 (옮긴이)	스푼북	2019-09-02	216	kor	문학	영미문학	소설	843	https://image.aladin.co.kr/product/20590/77/cover500/k102636765_1.jpg	/NL/contents/search.do#viewKey=612929071&viewType=AH1				Owned	26-10-04 20:16	2026-10-4 19:19	
2025-11-11 11:04	BK-20251111-1061	9788931921779	주홍글씨	너대니얼 호손 (지은이), 한은선 (옮긴이)	지경사	2010-10-30	204	kor	문학	영미문학	소설	843	https://image.aladin.co.kr/product/858/88/cover500/8931921772_1.jpg					Owned	26-10-04 20:16	2026-10-4 19:19	
2025-11-11 11:04	BK-20251111-1062	9788993225334	성냥팔이 소녀 성공기 - 현대판 성냥팔이 소녀, CEO로 변신하다	김경한 (지은이), 김종석 (감수)	해피스토리	2011-04-21	116	kor	사회과학	경제학	경영	325	https://image.aladin.co.kr/product/1110/78/cover500/8993225338_1.jpg	/NL/contents/search.do#viewKey=239310856&viewType=AH1				Owned	26-10-04 20:16	2026-10-4 19:19	
2025-11-11 11:04	BK-20251111-1063	9788953308275	해저 2만 리	쥘 베른 (지은이), 박명희 (옮긴이)	계림닷컴	2005-07-05	223	kor	문학	프랑스문학	소설	863	https://image.aladin.co.kr/product/57/56/cover500/8953308275_1.jpg					Owned	26-10-04 20:16	2026-10-4 19:19	
2025-11-11 11:04	BK-20251111-1064	9788932013725	일주일 내내 토요일 - 2단계	파울 마르 (지은이), 김서정 (옮긴이)	문학과지성사	2002-11-28	228	kor	문학	독일문학	소설	853	https://image.aladin.co.kr/product/38/99/cover500/8932013721_1.jpg					Owned	26-10-04 20:16	2026-10-4 19:19	
2025-11-11 11:11	BK-20251111-1065	9788956241326	이야기로 아주 쉽게 배우는 미적분	더글러스 다우닝 (지은이), 최태환 (옮긴이)	이지북	2004-09-18	600	kor	자연과학	수학	해석학	414.1	https://image.aladin.co.kr/product/51/69/cover500/8956241325_1.jpg					Owned	26-10-04 20:16	2026-10-4 19:19	
2025-11-11 11:11	BK-20251111-1066	9788956243894	이야기로 아주 쉽게 배우는 확률과 통계	정완상 (지은이), 황기홍 (그림)	이지북	2012-03-21	454	kor	자연과학	수학	통계학	413.8	https://image.aladin.co.kr/product/1580/47/cover500/8956243891_1.jpg	/NL/contents/search.do#viewKey=146874206&viewType=AH1				Owned	26-10-04 20:16	2026-10-4 19:19	
2025-11-11 11:12	BK-20251111-1067	9791130604190	개를 훔치는 완벽한 방법	바바라 오코너 (지은이), 신선해 (옮긴이)	놀(다산북스)	2014-11-10	272	kor	문학	영미문학	소설	843	https://image.aladin.co.kr/product/4842/68/cover500/1130604195_2.jpg	/NL/contents/search.do#viewKey=236370338&viewType=AH1				Owned	26-10-04 20:16	2026-10-4 19:19	
2025-11-11 11:17	BK-20251111-1068	9791160940558	바르톨로메는 개가 아니다	라헐 판 코에이 (지은이), 박종대 (옮긴이)	사계절	2017-07-03	336	kor	문학	독일문학	소설	853	https://image.aladin.co.kr/product/11281/55/cover500/k692531890_1.jpg	/NL/contents/search.do#viewKey=381850389&viewType=AH1				Owned	26-10-04 20:16	2026-10-4 19:19	
2025-11-11 11:17	BK-20251111-1069	9791160340662	내일, 날다 - 제25회 오가와 미메이 문학상 대상 수상작	쓰카다 스미에 (지은이), 신야 유코 (그림), 김영주 (옮긴이)	머스트비	2018-12-10	160	kor	문학	일본문학 및 기타 아시아 제문학	소설	833.6	https://image.aladin.co.kr/product/17686/98/cover500/k282534828_1.jpg	/NL/contents/search.do#viewKey=559136217&viewType=AH1				Owned	26-10-04 20:16	2026-10-4 19:19	
2025-11-11 11:18	BK-20251111-1070	9788934931843	벤야민 & 아도르노 : 대중문화의 기만 혹은 해방	신혜경 (지은이)	김영사	2009-02-05	284	kor	사회과학	사회학, 사회문제	사회학	331.5	https://image.aladin.co.kr/product/324/66/cover500/8934931841_1.jpg	/NL/contents/search.do#viewKey=97268255&viewType=AH1				Owned	26-10-04 20:16	2026-10-4 19:19	
2025-11-11 11:19	BK-20251111-1071	9788954609852	어떤 고백	김리리 (지은이)	문학동네	2020-10-15	208	kor	문학	한국문학	소설	813.7	https://image.aladin.co.kr/product/25358/50/cover500/k632633607_1.jpg	/NL/contents/search.do#viewKey=107859783&viewType=AH1				Owned	26-10-04 20:16	2026-10-4 19:19	
2025-11-11 11:20	BK-20251111-1072	9788932011257	까보 까보슈 - 3단계	다니엘 페나크 (지은이), 마일스 하이만 (그림), 윤정임 (옮긴이)	문학과지성사	1999-12-03	240	kor	문학	프랑스문학	소설	863	https://image.aladin.co.kr/product/21/45/cover500/8932011257_2.jpg					Owned	26-10-04 20:16	2026-10-4 19:19	
2025-11-11 11:20	BK-20251111-1073	9788954612883	봉주르, 뚜르 - 제11회 문학동네어린이문학상 대상 수상작	한윤섭 (지은이), 김진화 (그림)	문학동네	2010-10-08	216	kor	문학	한국문학	소설	813.7	https://image.aladin.co.kr/product/787/83/cover500/8954612881_2.jpg	/NL/contents/search.do#viewKey=113651634&viewType=AH1				Owned	26-10-04 20:16	2026-10-4 19:19	
2025-11-11 11:20	BK-20251111-1074	9788901065410	처음 자전거를 훔친 날	사토 마키코 (지은이), 장연주 (그림), 고향옥 (옮긴이)	웅진주니어	2007-04-25	243	kor	문학	일본문학 및 기타 아시아 제문학	소설	833.6	https://image.aladin.co.kr/product/91/22/cover500/890106541x_1.jpg	/NL/contents/search.do#viewKey=71531134&viewType=AH1				Owned	26-10-04 20:16	2026-10-4 19:19	
2025-11-11 11:20	BK-20251111-1075	9788957981023	너도 하늘말나리야 - 아동용, 중학교 국어교과서 수록도서	이금이 (글), 송진헌 (그림)	푸른책들	2007-03-20	264	kor	문학	한국문학	소설	813.6	https://image.aladin.co.kr/product/19/32/cover500/8957981020_3.jpg	/NL/contents/search.do#viewKey=68391236&viewType=AH1				Owned	26-10-04 20:16	2026-10-4 19:19	
2025-11-11 11:20	BK-20251111-1076	9788936441982	손바닥에 쓴 글씨	김옥 (지은이), 이은천 (그림)	창비	2002-04-23	160	kor	문학	문학	전집, 총서	808.9	https://image.aladin.co.kr/product/34/58/cover500/8936441981_1.jpg					Owned	26-10-04 20:16	2026-10-4 19:19	
2025-11-11 11:20	BK-20251111-1077	9788946413535	TV동화 행복한 세상	KBS한국방송 (지은이)	샘터사	2002-03-05	272	kor	문학	한국문학	소설	813.8	https://image.aladin.co.kr/product/33/38/cover500/8946413530_1.gif					Owned	26-10-04 20:16	2026-10-4 19:19	
2025-11-11 11:21	BK-20251111-1078	9788954613873	불량 가족 레시피 - 제1회 문학동네청소년문학상 대상 수상작	손현주 (지은이)	문학동네	2011-01-24	200	kor	문학	한국문학	소설	813.7	https://image.aladin.co.kr/product/870/86/cover500/895461387x_1.jpg	/NL/contents/search.do#viewKey=130786017&viewType=AH1				Owned	26-10-04 20:16	2026-10-4 19:19	
2025-11-11 11:21	BK-20251111-1079	9788984373952	마음을 읽는 아이 오로르	더글라스 케네디 (지은이), 조안 스파르 (그림), 조동섭 (옮긴이)	밝은세상	2020-02-28	240	kor	문학	영미문학	소설	843.5	https://image.aladin.co.kr/product/23401/77/cover500/8984373958_2.jpg	/NL/contents/search.do#viewKey=683602263&viewType=AH1				Owned	26-10-04 20:16	2026-10-4 19:19	
2025-11-11 11:21	BK-20251111-1080	9788983757685	난 두렵지 않아요 - 아름다운 소년, 이크발 이야기	프란체스코 다다모 (지은이), 노희성 (그림), 이현경 (옮긴이)	랜덤하우스코리아	2004-03-20	220	kor	문학	이탈리아문학	소설	883	https://image.aladin.co.kr/product/34/67/cover500/898375768x_2.jpg					Owned	26-10-04 20:16	2026-10-4 19:19	
2025-11-11 11:22	BK-20251111-1081	9788997357574	마더 테레사 - 세상의 빛이 된 사람	우봉규 (지은이), 최다희 (그림)	책내음	2014-07-14	120	kor	역사	전기	주제별 전기	998.2	https://image.aladin.co.kr/product/4403/95/cover500/8997357573_1.jpg	/NL/contents/search.do#viewKey=218754528&viewType=AH1				Owned	26-10-04 20:16	2026-10-4 19:19	
2025-11-11 11:22	BK-20251111-1082	9791157410156	내가 원하는 우리나라 - 김구의 <나의 소원>을 이주영이 풀이하고 글 쓰다	김구 (원작), 이주영 (글)	현북스	2015-03-03	124	kor	역사	전기	아시아전기	991.1	https://image.aladin.co.kr/product/5405/89/cover500/6000815313_1.jpg	/NL/contents/search.do#viewKey=239308810&viewType=AH1				Owned	26-10-04 20:16	2026-10-4 19:19	(340)에서 변경
2025-11-11 11:22	BK-20251111-1083	9788936440527	백범 김구	신경림 (글), 이철수 (그림)	창비	1982-12-01	278	kor	역사	전기	주제별 전기	998.3	https://image.aladin.co.kr/product/19/24/cover500/8936440527_1.jpg	/NL/contents/search.do#viewKey=80089997&viewType=AH1				Owned	26-10-04 20:16	2026-10-4 19:19	
2025-11-11 11:22	BK-20251111-1084	9788936445508	겨레의 큰사람 김구	신경림 (지은이), 정병례 (그림)	창비	2006-08-31	269	kor	역사	전기	아시아전기	991.1	https://image.aladin.co.kr/product/68/23/cover500/8936445502_2.jpg					Owned	26-10-04 20:16	2026-10-4 19:19	
2025-11-11 11:23	BK-20251111-1085	9788996073918	책벌레 선생님의 아주 특별한 도서관 1 - 초등 고학년이 꼭 읽어야 할 40권의 책으로 배우는 책 읽는 방법	임성미 (글), 곽병철 (그림)	글담어린이	2008-05-05	236	kor	총류	문헌정보학	독서 및 정보매체의 이용	029	https://image.aladin.co.kr/product/204/79/cover500/8996073911_1.jpg	/NL/contents/search.do#viewKey=84745856&viewType=AH1				Owned	26-10-04 20:16	2026-10-4 19:19	
2025-11-11 11:23	BK-20251111-1086	9788984310681	반지엄마	백승남 (지은이), 김재홍 (그림)	한겨레아이들	2002-03-25	183	kor	문학	한국문학	소설	813.6	https://image.aladin.co.kr/product/34/19/cover500/8984310689_2.jpg					Owned	26-10-04 20:16	2026-10-4 19:19	
2025-11-11 11:23	BK-20251111-1087	9788936456184	나비를 잡는 아버지	현덕 (지은이), 원종찬 (엮은이)	창비	2009-05-29	265	kor	문학	한국문학	소설	813.6	https://image.aladin.co.kr/product/406/11/cover500/8936456180_1.jpg	/NL/contents/search.do#viewKey=99668866&viewType=AH1				Owned	26-10-04 20:16	2026-10-4 19:19	
2025-11-11 11:23	BK-20251111-1088	9788937842979	옥상의 민들레꽃 - 개정판, 서울대 교수진이 추천하는 통합 논술	박완서 (지은이), 이경아 (그림), 조남현 (감수), 방민호	미래엔아이세움	2007-05-10	208	kor	문학	문학	문장작법, 수사학	802	https://image.aladin.co.kr/product/91/50/cover500/s632630695_1.jpg	/NL/contents/search.do#viewKey=71530844&viewType=AH1				Owned	26-10-04 20:16	2026-10-4 19:19	
2025-11-11 12:20	BK-20251111-1089	9788936471187	나는 빠리의 택시운전사 - 개정판	홍세화 (지은이)	창비	2006-11-07	375	kor	문학	한국문학	르포르타주 및 기타	818	https://image.aladin.co.kr/product/85/93/cover500/893647118x_2.jpg	/NL/contents/search.do#viewKey=66174477&viewType=AH1				Owned	26-10-04 20:16	2026-10-4 19:19	
2025-11-11 12:20	BK-20251111-1090	9788954607346	책과 노니는 집 - 제9회 문학동네어린이문학상 대상 수상작	이영서 (지은이), 김동성 (그림)	문학동네	2009-01-09	192	kor	문학	한국문학	소설	813.6	https://image.aladin.co.kr/product/305/6/cover500/8954607349_2.jpg	/NL/contents/search.do#viewKey=93988842&viewType=AH1				Owned	26-10-04 20:16	2026-10-4 19:19	
2025-11-11 12:20	BK-20251111-1091	9788949187051	링컨 : 대통령이 된 통나무집 소년	러셀 프리드먼 (지은이), 손정숙 (옮긴이)	비룡소	2009-03-15	187	kor	역사	전기	전기	990	https://image.aladin.co.kr/product/323/14/cover500/8949187051_1.jpg	/NL/contents/search.do#viewKey=95791824&viewType=AH1				Owned	26-10-04 20:16	2026-10-4 19:19	
2025-11-11 12:20	BK-20251111-1092	9788936433444	괭이부리말 아이들 - MBC 느낌표 선정도서. 양장본	김중미 (지은이), 송진헌 (그림)	창비	2001-11-07	280	kor	문학	한국문학	소설	813.62	https://image.aladin.co.kr/product/30/41/cover500/893643344x_2.jpg					Owned	26-10-04 20:16	2026-10-4 19:19	
2025-11-11 12:21	BK-20251111-1093	9788987721095	우리들의 일그러진 영웅	이문열 (지은이)	다림	1998-12-24	158	kor	문학	한국문학	소설	813	https://image.aladin.co.kr/product/10/99/cover500/8987721094_2.jpg					Owned	26-10-04 20:16	2026-10-4 19:19	
2025-11-11 12:21	BK-20251111-1094	9791160401639	찰리 채플린, 세상을 웃긴 배우	우순교 (지은이), 유창창 (그림)	한겨레아이들	2018-05-29	152	kor	역사	전기	전기	990	https://image.aladin.co.kr/product/14830/44/cover500/k722532356_1.jpg	/NL/contents/search.do#viewKey=518152353&viewType=AH1				Owned	26-10-04 20:16	2026-10-4 19:19	
2025-11-11 23:41	BK-20251111-1095	9788950963224	시간 부자가 된 키라	최형미 (지은이), 원유미 (그림)	을파소	2016-02-22	184	kor	사회과학	경제학	경영	325	https://image.aladin.co.kr/product/7717/76/cover500/8950963221_2.jpg	/NL/contents/search.do#viewKey=276453129&viewType=AH1				Owned	26-10-04 20:16	2026-10-4 19:19	
2025-11-11 23:42	BK-20251111-1096	9788915098121	루브르 박물관보다 재미있는 세계 100대 명화	박현철 (지은이)	삼성출판사	2016-01-15	208	kor	예술	회화, 도화, 디자인	시대별 및 국별 회화	653	https://image.aladin.co.kr/product/7498/37/cover500/8915098129_1.jpg					Owned	26-10-04 20:16	2026-10-4 19:19	
2025-11-12 11:24	BK-20251112-1097	9788971846254	너 정말 우리말 아니?	이어령 (지은이), 김용연 (그림)	푸른숲주니어	2009-01-10	129	kor	언어	한국어	어원, 어의	712	https://image.aladin.co.kr/product/301/15/cover500/8971846259_1.jpg	/NL/contents/search.do#viewKey=94851127&viewType=AH1				Owned	26-10-04 20:16	2026-10-4 19:19	(100)에서 변경
2025-11-12 11:24	BK-20251112-1098	9788950966980	열두 살에 부자가 된 키라 - 개정판	보도 섀퍼 (지은이), 원유미 (그림), 김준광 (옮긴이)	을파소	2014-10-23	256	kor	사회과학	경제학	경영	325	https://image.aladin.co.kr/product/4809/61/cover500/8950966980_1.jpg	/NL/contents/search.do#viewKey=234746806&viewType=AH1				Owned	26-10-04 20:16	2026-10-4 19:19	
2025-11-12 11:26	BK-20251112-1099	9791187033882	망그러진 만화 1 - 망그러진 곰과 햄터의 귀염뽀짝 일상다반사!	유랑 (지은이)	좋은생각	2022-11-01	344	kor	문학	한국문학	르포르타주 및 기타	818	https://image.aladin.co.kr/product/30330/64/cover500/k462839236_3.jpg	/NL/contents/search.do#viewKey=889877971&viewType=AH1				Owned	26-10-04 20:16	2026-10-4 19:19	
2025-11-12 11:26	BK-20251112-1100	9788937849961	우리는 몇 촌일까? - 쉽게 배우는 가족 호칭책	문정옥 (지은이), 백정석 (그림)	미래엔아이세움	2011-02-25	149	kor	사회과학	사회학, 사회문제	사회조직 및 제도	332	https://image.aladin.co.kr/product/1121/41/cover500/8937849968_1.jpg	/NL/contents/search.do#viewKey=134126888&viewType=AH1				Owned	26-10-04 20:16	2026-10-4 19:19	
2025-11-12 13:19	BK-20251112-1101	9788957981238	마지막 왕자	강숙인 (지은이), 한병호 (그림)	푸른책들	2007-10-05	191	kor	문학	한국문학	소설	813.6	https://image.aladin.co.kr/product/101/82/cover500/8957981233_1.jpg	/NL/contents/search.do#viewKey=82600770&viewType=AH1				Owned	26-10-04 20:16	2026-10-4 19:19	
2025-11-12 13:19	BK-20251112-1102	9788963010946	조막손 투수	리광푸 (지은이), 최정인 (그림), 강영희 (옮긴이)	단비어린이	2014-03-10	200	kor	문학	중국문학	소설	823.7	https://image.aladin.co.kr/product/3795/85/cover500/8963010945_1.jpg	/NL/contents/search.do#viewKey=204418230&viewType=AH1				Owned	26-10-04 20:16	2026-10-4 19:19	
2025-11-12 13:19	BK-20251112-1103	9788998433963	녹디생이, 사라진 변기를 찾아라 - 다시 살아난 제주 신화	김원석 (지은이), 송진욱 (그림)	머스트비	2016-04-30	208	kor	문학	한국문학	소설	813.7	https://image.aladin.co.kr/product/8189/9/cover500/8998433966_1.jpg	/NL/contents/search.do#viewKey=276454446&viewType=AH1				Owned	26-10-04 20:16	2026-10-4 19:19	
2025-11-12 13:19	BK-20251112-1104	9788958285885	한눈에 반한 세계 미술관 - 르네상스에서 20세기 미술까지	장세현 (지은이)	사계절	2012-01-20	208	kor	예술	회화, 도화, 디자인	시대별 및 국별 회화	653	https://image.aladin.co.kr/product/1451/88/cover500/8958285885_1.jpg	/NL/contents/search.do#viewKey=144614641&viewType=AH1				Owned	26-10-04 20:16	2026-10-4 19:19	
2025-11-12 13:19	BK-20251112-1105	9788952212917	이상한 나라의 앨리스 - 앤서니 브라운이 그린	루이스 캐럴 (글), 앤서니 브라운 (그림), 김서정 (옮긴이)	살림어린이	2009-12-01	176	kor	문학	영미문학	소설	843	https://image.aladin.co.kr/product/587/2/cover500/k012535886_1.jpg	/NL/contents/search.do#viewKey=104351548&viewType=AH1				Owned	26-10-04 20:16	2026-10-4 19:19	
2025-11-12 13:20	BK-20251112-1106	9788973223121	우동 한 그릇	구리 료헤이 (지은이), 최영혁 (옮긴이)	청조사	2010-05-20	132	kor	문학	일본문학 및 기타 아시아 제문학	소설	833.8	https://image.aladin.co.kr/product/19/21/cover500/8973223127_2.jpg	/NL/contents/search.do#viewKey=112089308&viewType=AH1				Owned	26-10-04 20:16	2026-10-4 19:19	
2025-11-12 13:20	BK-20251112-1107	9788955473513	마녀 교장과 아주 특별한 시계	김해우 (지은이), 홍찬주 (그림)	크레용하우스	2014-12-11	116	kor	문학	한국문학	소설	813.7	https://image.aladin.co.kr/product/5035/35/cover500/8955473516_1.jpg	/NL/contents/search.do#viewKey=237450317&viewType=AH1				Owned	26-10-04 20:16	2026-10-4 19:19	
2025-11-12 13:25	BK-20251112-1108	9788983945068	트루먼 스쿨 악플 사건	도리 힐레스타드 버틀러 (지은이), 이도영 (옮긴이)	미래인(미래M&B,미래엠앤비)	2008-12-19	196	kor	문학	영미문학	소설	843	https://image.aladin.co.kr/product/296/62/cover500/8983945060_1.jpg					Owned	26-10-04 20:16	2026-10-4 19:19	
2025-11-12 13:26	BK-20251112-1109	9788994475950	반야의 비밀	윤숙희 (지은이), 김미경 (그림)	바람의아이들	2017-06-30	172	kor	문학	한국문학	소설	813.7	https://image.aladin.co.kr/product/11296/76/cover500/8994475958_1.jpg	/NL/contents/search.do#viewKey=384266702&viewType=AH1				Owned	26-10-04 20:16	2026-10-4 19:19	
2025-11-12 13:27	BK-20251112-1110	9791188283637	바나나 가족	임지형 (지은이), 이주미 (그림)	스푼북	2018-10-30	148	kor	문학	한국문학	소설	813.7	https://image.aladin.co.kr/product/17378/13/cover500/k482534699_1.jpg	/NL/contents/search.do#viewKey=548936227&viewType=AH1				Owned	26-10-04 20:16	2026-10-4 19:19	
2025-11-12 13:27	BK-20251112-1111	9788987721118	소나기	황순원 (지은이), 강우현 (그림)	다림	1999-04-03	176	kor	문학	한국문학	소설	813	https://image.aladin.co.kr/product/18/72/cover500/8987721116_2.jpg					Owned	26-10-04 20:16	2026-10-4 19:19	
2025-11-12 13:27	BK-20251112-1112	9788989646037	꼭 한 가지 소원	황선미 (지은이), 이형진 (그림)	낮은산	2002-07-20	104	kor	문학	한국문학	소설	813.8	https://image.aladin.co.kr/product/36/84/cover500/8989646030_2.jpg					Owned	26-10-04 20:16	2026-10-4 19:19	
2025-11-12 13:27	BK-20251112-1113	9791188388943	청소년을 위한 고전혁명 - 나와 우리, 세상을 바꾸는 고전 읽기의 힘	이지성, 황광우 (지은이)	생각학교	2019-10-29	232	kor	총류	문헌정보학	독서 및 정보매체의 이용	029	https://image.aladin.co.kr/product/21411/1/cover500/k582636797_1.jpg	/NL/contents/search.do#viewKey=634729930&viewType=AH1				Owned	26-10-04 20:16	2026-10-4 19:19	
2025-11-12 13:27	BK-20251112-1114	9788955476101	우리에게도 인권이 있을까?	문미영 (지은이), 김언희 (그림)	크레용하우스	2018-09-13	112	kor	사회과학	정치학	국가와 개인 및 집단	342	https://image.aladin.co.kr/product/16838/6/cover500/8955476108_1.jpg	/NL/contents/search.do#viewKey=541972103&viewType=AH1				Owned	26-10-04 20:16	2026-10-4 19:19	
2025-11-12 13:28	BK-20251112-1115	9791187287230	우리 학교에 시리아 친구가 옵니다 - 2018 아침독서신문 선정, 2017 한우리독서올림피아드 릴레이, 으뜸책, 2017 전국학교도서관사서협회 추천	카트린느 마쎄 (지은이), 그웨나엘 두몽 (그림), 김연희 (옮긴이)	천개의바람	2016-11-14	120	kor	문학	프랑스문학	소설	863	https://image.aladin.co.kr/product/9663/96/cover500/k262535846_1.jpg	/NL/contents/search.do#viewKey=356152305&viewType=AH1				Owned	26-10-04 20:16	2026-10-4 19:19	
2025-11-12 13:28	BK-20251112-1116	9788971846001	열 살이면 세상을 알 만한 나이	노경실 (지은이), 이상권 (그림)	푸른숲주니어	2007-08-10	108	kor	문학	한국문학	소설	813.6	https://image.aladin.co.kr/product/96/70/cover500/8971846003_1.jpg	/NL/contents/search.do#viewKey=90543216&viewType=AH1				Owned	26-10-04 20:16	2026-10-4 19:19	
2025-11-12 13:28	BK-20251112-1117	9788993260847	이어도에서 온 선물 - 제2회 한우리 문학상 우수상 수상작	권요원 (지은이), 백대승 (그림)	한우리문학	2013-04-15	168	kor	문학	한국문학	소설	813.7	https://image.aladin.co.kr/product/2575/14/cover500/8993260842_1.jpg	/NL/contents/search.do#viewKey=172866967&viewType=AH1				Owned	26-10-04 20:16	2026-10-4 19:19	
2025-11-12 13:28	BK-20251112-1118	9791157851959	최후의 탐험대	은이결 (지은이), 유수정 (그림)	키다리	2018-05-15	192	kor	문학	한국문학	소설	813.7	https://image.aladin.co.kr/product/14556/67/cover500/k932532642_1.jpg	/NL/contents/search.do#viewKey=510369459&viewType=AH1				Owned	26-10-04 20:16	2026-10-4 19:19	
2025-11-12 13:28	BK-20251112-1119	9788965133445	나이 조절 타임머신	폴 제닝스 (글), 서영경 (그림), 김희숙 (옮긴이)	아름다운사람들	2015-02-16	212	kor	문학	영미문학	소설	843	https://image.aladin.co.kr/product/5275/11/cover500/8965133440_1.jpg	/NL/contents/search.do#viewKey=239311592&viewType=AH1				Owned	26-10-04 20:16	2026-10-4 19:19	
2025-11-12 13:29	BK-20251112-1120	9788966071005	짜증방 - 공주시 한 도시 한 책 읽기 선정 도서	소중애 (지은이), 방새미 (그림)	거북이북스	2014-03-03	128	kor	문학	한국문학	소설	813.7	https://image.aladin.co.kr/product/3710/28/cover500/8966071007_1.jpg	/NL/contents/search.do#viewKey=195929003&viewType=AH1				Owned	26-10-04 20:16	2026-10-4 19:19	
2025-11-12 13:29	BK-20251112-1121	9788990332325	하루 동안의 공부파업	지젤 비엔느 (지은이), 박혜선 (그림), 김영신 (옮긴이)	거인	2005-06-20	156	kor	문학	프랑스문학	소설	863	https://image.aladin.co.kr/product/56/82/cover500/899033232x_1.jpg	/NL/contents/search.do#viewKey=CNTS-00030659040&viewType=C				Owned	26-10-04 20:16	2026-10-4 19:19	
2025-11-12 13:29	BK-20251112-1122	9791196151812	빼앗긴 들에도 봄은 오는가	김영주 (글), 이우정 (그림)	하마	2017-11-20	138	kor	문학	한국문학	소설	813.7	https://image.aladin.co.kr/product/12783/52/cover500/k602532883_1.jpg	/NL/contents/search.do#viewKey=572017970&viewType=AH1				Owned	26-10-04 20:16	2026-10-4 19:19	
2025-11-12 13:29	BK-20251112-1123	9788961771115	행복한 세상을 만드는 평화 수업	베로니크 코르지베 (글), 클레오 제르맹 (그림), 정미애 (옮긴이)	다림	2015-06-19	128	kor	사회과학	정치학	외교, 국제 관계	349	https://image.aladin.co.kr/product/6171/47/cover500/8961771116_1.jpg	/NL/contents/search.do#viewKey=248912665&viewType=AH1				Owned	26-10-04 20:16	2026-10-4 19:19	
2025-11-12 13:30	BK-20251112-1124	9791185488189	나의 직업 : 외교관	청소년행복연구실 (엮은이)	동천출판	2014-05-14	198	kor	사회과학	경제학	경제각론	321.55	https://image.aladin.co.kr/product/4116/16/cover500/1185488189_1.jpg	/NL/contents/search.do#viewKey=241701835&viewType=AH1				Owned	26-10-04 20:16	2026-10-4 19:19	
2025-11-12 13:30	BK-20251112-1125	9791196013295	꼼짝 마! 사이버 폭력	떼오 베네데띠 (지은이), 다비데 모로지노또 (그림), 정재성 (옮긴이)	마음이음	2018-01-30	96	kor	사회과학	사회학, 사회문제	사회문제	334	https://image.aladin.co.kr/product/13219/89/cover500/k612532595_1.jpg	/NL/contents/search.do#viewKey=488287205&viewType=AH1				Owned	26-10-04 20:16	2026-10-4 19:19	
2025-11-12 13:30	BK-20251112-1126	9791195089222	가자, 고구려로!	함영연 (지은이), 김은경 (그림)	바나나북	2014-01-22	112	kor	역사	아시아	한국	911.03	https://image.aladin.co.kr/product/3642/36/cover500/6000700148_1.jpg	/NL/contents/search.do#viewKey=202905784&viewType=AH1				Owned	26-10-04 20:16	2026-10-4 19:19	
2025-11-12 13:31	BK-20251112-1127	9788962245257	제로니모의 환상모험 6 (양장) - 용기의 비밀을 찾아 공포의 성으로	제로니모 스틸턴 (글), 김영선 (옮긴이)	사파리	2009-03-05	384	kor	문학	이탈리아문학	소설	883	https://image.aladin.co.kr/product/341/59/cover500/8962245256_2.jpg	/NL/contents/search.do#viewKey=99874115&viewType=AH1				Owned	26-10-04 20:16	2026-10-4 19:19	
2025-11-12 13:32	BK-20251112-1128	9788964805022	제로니모의 환상모험 10 (양장) - 판타지 세계 대지진과 사라진 요정 공주	제로니모 스틸턴 (지은이), 성초림 (옮긴이)	사파리	2011-03-09	380	kor	문학	이탈리아문학	소설	883	https://image.aladin.co.kr/product/1106/63/cover500/896480502x_1.jpg	/NL/contents/search.do#viewKey=99874115&viewType=AH1				Owned	26-10-04 20:16	2026-10-4 19:19	
2025-11-12 13:32	BK-20251112-1129	9791155099339	제로니모의 환상모험 23 (양장) - 올림픽의 시작을 찾아 고대 그리스로	제로니모 스틸턴 (지은이), 이승수 (옮긴이)	사파리	2016-01-26	380	kor	문학	이탈리아문학	소설	883	https://image.aladin.co.kr/product/7591/71/cover500/k702434312_1.jpg	/NL/contents/search.do#viewKey=99874115&viewType=AH1				Owned	26-10-04 20:16	2026-10-4 19:19	
2025-11-12 13:33	BK-20251112-1130	9788952773104	13층 나무 집	앤디 그리피스 (지은이), 테리 덴톤 (그림), 신수진 (옮긴이)	시공주니어	2015-03-25	248	kor	문학	영미문학	소설	843	https://image.aladin.co.kr/product/5566/84/cover500/8952773101_1.jpg	/NL/contents/search.do#viewKey=243228213&viewType=AH1				Owned	26-10-04 20:16	2026-10-4 19:19	
2025-11-12 13:33	BK-20251112-1131	9788952781505	26층 나무 집	앤디 그리피스 (지은이), 테리 덴톤 (그림), 신수진 (옮긴이)	시공주니어	2015-07-20	352	kor	문학	영미문학	소설	843	https://image.aladin.co.kr/product/6355/41/cover500/8952781503_1.jpg	/NL/contents/search.do#viewKey=252667660&viewType=AH1				Owned	26-10-04 20:16	2026-10-4 19:19	
2025-11-12 13:33	BK-20251112-1132	9788952781598	39층 나무 집	앤디 그리피스 (지은이), 테리 덴톤 (그림), 신수진 (옮긴이)	시공주니어	2015-10-25	356	kor	문학	영미문학	소설	843	https://image.aladin.co.kr/product/6834/18/cover500/8952781597_1.jpg	/NL/contents/search.do#viewKey=266526534&viewType=AH1				Owned	26-10-04 20:16	2026-10-4 19:19	
2025-11-12 13:33	BK-20251112-1133	9788952781819	52층 나무 집	앤디 그리피스 (지은이), 테리 덴톤 (그림), 신수진 (옮긴이)	시공주니어	2016-03-05	340	kor	문학	영미문학	소설	843	https://image.aladin.co.kr/product/7740/44/cover500/8952781813_1.jpg	/NL/contents/search.do#viewKey=276931956&viewType=AH1				Owned	26-10-04 20:16	2026-10-4 19:19	
2025-11-12 13:33	BK-20251112-1134	9788952782380	65층 나무 집	앤디 그리피스 (지은이), 테리 덴톤 (그림), 신수진 (옮긴이)	시공주니어	2016-07-10	388	kor	문학	영미문학	소설	843	https://image.aladin.co.kr/product/8614/31/cover500/8952782380_1.jpg	/NL/contents/search.do#viewKey=285679678&viewType=AH1				Owned	26-10-04 20:16	2026-10-4 19:19	
2025-11-12 13:34	BK-20251112-1135	9788952782618	나무 집 Fun Book (펀 북) - 13층씩 커지는 짜릿한 상상	앤디 그리피스 (지은이), 테리 덴톤 (그림), 장혜란 (옮긴이)	시공주니어	2016-10-30	188	kor	문학	영미문학	소설	843	https://image.aladin.co.kr/product/9467/51/cover500/8952782615_1.jpg	/NL/contents/search.do#viewKey=360550558&viewType=AH1				Owned	26-10-04 20:16	2026-10-4 19:19	
2025-11-12 13:34	BK-20251112-1136	9788952784933	78층 나무 집	앤디 그리피스 (지은이), 테리 덴톤 (그림), 신수진 (옮긴이)	시공주니어	2017-02-20	384	kor	문학	영미문학	소설	843	https://image.aladin.co.kr/product/10086/87/cover500/8952784936_1.jpg	/NL/contents/search.do#viewKey=366048243&viewType=AH1				Owned	26-10-04 20:16	2026-10-4 19:19	
2025-11-12 13:34	BK-20251112-1137	9788952795090	104층 나무 집	앤디 그리피스 (지은이), 테리 덴톤 (그림), 신수진 (옮긴이)	시공주니어	2019-01-10	364	kor	문학	영미문학	소설	843	https://image.aladin.co.kr/product/17658/45/cover500/8952795091_1.jpg	/NL/contents/search.do#viewKey=561453330&viewType=AH1				Owned	26-10-04 20:16	2026-10-4 19:19	
2025-11-12 13:35	BK-20251112-1138	9788959982868	블랙 프린세스 1 - 매그놀리아 공주의 비밀	샤넌 헤일, 딘 헤일 (지은이), 르웬 팜 (그림), 박소연 (옮긴이)	달리	2015-05-10	96	kor	문학	영미문학	소설	843	https://image.aladin.co.kr/product/5688/16/cover500/8959982865_2.jpg	/NL/contents/search.do#viewKey=256008483&viewType=AH1				Owned	26-10-04 20:16	2026-10-4 19:19	
2025-11-12 13:35	BK-20251112-1139	9788937838750	추리 천재 엉덩이 탐정 1 - 보라 부인의 암호 사건	트롤 (지은이), 김정화 (옮긴이)	미래엔아이세움	2016-08-10	88	kor	문학	일본문학 및 기타 아시아 제문학	소설	833.6	https://image.aladin.co.kr/product/8920/23/cover500/8937838753_1.jpg	/NL/contents/search.do#viewKey=284916494&viewType=AH1				Owned	26-10-04 20:16	2026-10-4 19:19	
2025-11-12 13:35	BK-20251112-1140	9788937853470	추리 천재 엉덩이 탐정 2 - 어둠 속으로 사라진 거인 사건	트롤 (지은이), 김정화 (옮긴이)	미래엔아이세움	2016-11-25	88	kor	문학	일본문학 및 기타 아시아 제문학	소설	833.6	https://image.aladin.co.kr/product/9740/72/cover500/8937853477_1.jpg	/NL/contents/search.do#viewKey=284916494&viewType=AH1				Owned	26-10-04 20:16	2026-10-4 19:19	
2025-11-12 13:36	BK-20251112-1141	9788937889714	추리 천재 엉덩이 탐정 3 - 불멸의 절도단 사건	트롤 (지은이), 김정화 (옮긴이)	미래엔아이세움	2017-03-30	88	kor	문학	일본문학 및 기타 아시아 제문학	소설	833.6	https://image.aladin.co.kr/product/10644/93/cover500/8937889714_1.jpg	/NL/contents/search.do#viewKey=284916494&viewType=AH1				Owned	26-10-04 20:16	2026-10-4 19:19	
2025-11-13 13:04	BK-20251113-1142	9788997430925	초등학생이 가장 많이 읽는 우리 옛 이야기 - 한 권으로 읽는 우리 나라 전래 동화 19가지	송소영 (지은이), 송주희 (그림)	아이앤북(I&BOOK)	2014-06-15	168	kor	사회과학	풍습, 예절, 민속학	민속학	388.311	https://image.aladin.co.kr/product/4351/9/cover500/8997430920_1.jpg					Owned	26-10-04 20:16	2026-10-4 19:19	
2025-11-13 13:05	BK-20251113-1143	9788964961926	경복궁 - 오백 년 잠자는 조선을 깨우다	최인화 (지은이), 김태현 (그림), 장재혁 (감수)	토토북	2014-08-26	96	kor	역사	아시아	한국	911.05	https://image.aladin.co.kr/product/4560/9/cover500/8964961927_1.jpg	/NL/contents/search.do#viewKey=221167971&viewType=AH1				Owned	26-10-04 20:16	2026-10-4 19:19	
2025-11-13 13:05	BK-20251113-1144	9788990611727	조선왕실의 보물 의궤 - 정조 임금님 시대의 왕실 엿보기	유지현 (지은이), 이장미 (그림), 신병주 (감수)	토토북	2009-02-28	110	kor	역사	아시아	한국	911.05	https://image.aladin.co.kr/product/341/85/cover500/8990611725_1.jpg	/NL/contents/search.do#viewKey=97968192&viewType=AH1				Owned	26-10-04 20:16	2026-10-4 19:19	
2025-11-13 13:06	BK-20251113-1145	9788964962749	조선통신사 - 평화를 전하는 발걸음, 한국출판문화진흥원 우수출판콘텐츠수상작	강응천 (지은이), 한태희 (그림)	토토북	2015-07-20	112	kor	역사	아시아	한국	911.05	https://image.aladin.co.kr/product/6325/20/cover500/8964962745_1.jpg	/NL/contents/search.do#viewKey=250480997&viewType=AH1				Owned	26-10-04 20:16	2026-10-4 19:19	
2025-11-13 13:06	BK-20251113-1146	9788956894713	사씨남정기	송종호 (지은이), 강현정 (그림)	꿈소담이	2009-08-10	184	kor	문학	한국문학	소설	813.5	https://image.aladin.co.kr/product/442/68/cover500/895689471x_1.jpg	/NL/contents/search.do#viewKey=102455013&viewType=AH1				Owned	26-10-04 20:16	2026-10-4 19:19	
2025-11-13 13:06	BK-20251113-1147	9788937811913	밥 힘으로 살아온 우리 민족 - 우리의 음식문화 이야기	김아리 (지은이), 정수영 (그림)	미래엔아이세움	2002-05-25	234	kor	사회과학	풍습, 예절, 민속학	의식주의 풍습	381	https://image.aladin.co.kr/product/34/94/cover500/893781191x_1.gif					Owned	26-10-04 20:16	2026-10-4 19:19	
2025-11-13 13:06	BK-20251113-1148	9788952755087	명절 속에 숨은 우리 과학	오주영 (지은이), 허현경 (그림)	시공주니어	2009-04-25	204	kor	자연과학	자연과학	과학사	409	https://image.aladin.co.kr/product/364/7/cover500/8952755081_1.jpg	/NL/contents/search.do#viewKey=99871659&viewType=AH1				Owned	26-10-04 20:16	2026-10-4 19:19	(400)에서 변경
2025-11-13 13:07	BK-20251113-1149	9791186771181	한국사 짝꿍 실록 - 교과서에 꼭! 함께 나오는 절친들	김은빈 (지은이), 심수근 (그림)	책내음	2017-07-25	210	kor	역사	아시아	한국	911	https://image.aladin.co.kr/product/11409/33/cover500/k912531800_1.jpg	/NL/contents/search.do#viewKey=392742532&viewType=AH1				Owned	26-10-04 20:16	2026-10-4 19:19	
2025-11-13 13:07	BK-20251113-1150	9791195963850	구석구석 박물관 - 국립중앙박물관 역사관	박찬희 (지은이), 장경혜 (그림)	빨간소금	2017-04-10	256	kor	역사	아시아	한국	911	https://image.aladin.co.kr/product/10693/21/cover500/k022530642_1.jpg	/NL/contents/search.do#viewKey=371388312&viewType=AH1				Owned	26-10-04 20:16	2026-10-4 19:19	
2025-11-13 13:07	BK-20251113-1151	9788953310483	열두달 세시 풍속 - 오천년 역사를 이어온	원영주 (지은이), 임양, 김명곤 (그림)	계림닷컴	2007-02-15	246	kor	사회과학	풍습, 예절, 민속학	풍습, 예절, 민속학	380	https://image.aladin.co.kr/product/88/89/cover500/8953310482_1.jpg	/NL/contents/search.do#viewKey=67839892&viewType=AH1				Owned	26-10-04 20:16	2026-10-4 19:19	
2025-11-13 13:07	BK-20251113-1152	9791186293935	경국대전을 펼쳐라! - 조선의 뼈대를 세운 법전	손주현 (지은이), 오승민 (그림), 강문식 (감수)	책과함께어린이	2017-08-07	172	kor	역사	아시아	한국	911.05	https://image.aladin.co.kr/product/11549/61/cover500/k402531600_1.jpg	/NL/contents/search.do#viewKey=454922692&viewType=AH1				Owned	26-10-04 20:16	2026-10-4 19:19	
2025-11-13 13:08	BK-20251113-1153	9788952923042	우리 문화유산에는 어떤 비밀이 담겨 있을까?	햇살과나무꾼 (지은이), 한창수 (그림)	채우리	2002-03-10	172	kor	역사	지리	아시아지리	981.1022	https://image.aladin.co.kr/product/33/96/cover500/8952923049_1.jpg					Owned	26-10-04 20:16	2026-10-4 19:19	
2025-11-13 13:08	BK-20251113-1154	9788952927743	우리 명절에는 어떤 이야기가 숨어 있을까?	햇살과나무꾼 (지은이), 한창수 (그림)	채우리	2002-07-30	160	kor	사회과학	풍습, 예절, 민속학	축제, 세시풍속	386.5	https://image.aladin.co.kr/product/37/5/cover500/8952927745_1.jpg					Owned	26-10-04 20:16	2026-10-4 19:19	
2025-11-13 13:09	BK-20251113-1155	9788955882216	옛 그림 속에 숨은 문화유산 찾기 - 교과서에 나오는 우리 그림 32점으로 본 유물과 풍속	이광표 (지은이), 한용욱 (그림)	그린북	2011-03-25	211	kor	역사	아시아	한국	911	https://image.aladin.co.kr/product/1122/34/cover500/8955882211_1.jpg	/NL/contents/search.do#viewKey=134620112&viewType=AH1				Owned	26-10-04 20:16	2026-10-4 19:19	
2025-11-13 13:09	BK-20251113-1156	9788901031286	한눈에 보는 우리 문화재	김은하 (지은이)	웅진주니어	2000-11-01	167	kor	역사	아시아	한국	911	https://image.aladin.co.kr/product/25/42/cover500/8901031280_1.jpg					Owned	26-10-04 20:16	2026-10-4 19:19	
2025-11-13 13:09	BK-20251113-1157	9788901028132	한눈에 보는 우리민속 오천년	김은하 (지은이)	웅진주니어	1999-08-05	182	kor	사회과학	풍습, 예절, 민속학	풍습, 예절, 민속학	380	https://image.aladin.co.kr/product/20/25/cover500/8901028131_1.jpg					Owned	26-10-04 20:16	2026-10-4 19:19	
2025-11-13 16:29	BK-20251113-1158	9788994407050	삼국유사 : 끊어진 하늘길과 계란맨의 비밀	조현범 (지은이), 김진화 (그림)	너머학교	2011-01-11	224	kor	역사	아시아	한국	911.03	https://image.aladin.co.kr/product/858/34/cover500/8994407057_1.jpg	/NL/contents/search.do#viewKey=130785380&viewType=AH1				Owned	26-10-04 20:16	2026-10-4 19:19	
2025-11-13 16:29	BK-20251113-1159	9788972231554	우리는 어떤 집에서 살았을까?	출판기획서가 (엮은이), 강효숙 (그림)	청솔	2000-02-28	104	kor	사회과학	풍습, 예절, 민속학	의식주의 풍습	381.9	https://image.aladin.co.kr/product/22/37/cover500/897223155x_1.gif					Owned	26-10-04 20:16	2026-10-4 19:19	
2025-11-13 16:30	BK-20251113-1160	9788972232483	우리는 무엇을 타고 다녔을까? - 사진과 그림으로 보는 교통의 역사	권영인 (지은이)	청솔	2005-02-16	126	kor	사회과학	경제학	상업, 교통, 통신	326.3	https://image.aladin.co.kr/product/54/49/cover500/8972232483_1.jpg					Owned	26-10-04 20:16	2026-10-4 19:19	
2025-11-13 16:30	BK-20251113-1161	9788972232414	우리는 무얼 먹고 살았을까?	김왕기 (지은이)	청솔	2004-07-09	101	kor	역사	아시아	한국	911	https://image.aladin.co.kr/product/50/44/cover500/8972232416_2.jpg					Owned	26-10-04 20:16	2026-10-4 19:19	
2025-11-13 16:31	BK-20251113-1162	9788984311916	조선의 과학자들 - 하늘의 법칙을 찾아낸	고진숙 (지은이), 유준재 (그림)	한겨레아이들	2006-06-30	176	kor	역사	전기	아시아전기	991.1	https://image.aladin.co.kr/product/66/84/cover500/898431191x_2.jpg					Owned	26-10-04 20:16	2026-10-4 19:19	
2025-11-13 16:31	BK-20251113-1163	9788964962800	한강을 따라가요 - 어린이가 처음 만나는 지리 그림책	박승규 (지은이), 김찬우 (그림), 김성은 (기획)	토토북	2015-09-30	40	kor	역사	지리	아시아지리	981.1	https://image.aladin.co.kr/product/6781/14/cover500/896496280x_1.jpg	/NL/contents/search.do#viewKey=260780581&viewType=AH1				Owned	26-10-04 20:16	2026-10-4 19:19	
2025-11-13 16:31	BK-20251113-1164	9788983892812	10원으로 배우는 경제이야기	미셀 르 뒤크, 나탈리 토르주만 (지은이), 이브 칼라르누 (그림), 조용희 (옮긴이)	풀과바람(영교출판)	2002-03-07	80	kor	사회과학	경제학	경제학	320	https://image.aladin.co.kr/product/33/29/cover500/8983892811_2.jpg					Owned	26-10-04 20:16	2026-10-4 19:19	
2025-11-13 16:32	BK-20251113-1165	9788971845462	바다로 간 큰밀잠자리	김용택	푸른숲	2004-07-10	96	kor	자연과학	생명과학	생물학	472.19312	http://books.google.com/books/content?id=DRDmnAAACAAJ&printsec=frontcover&img=1&zoom=1&source=gbs_api					Owned	26-10-04 20:16	2026-10-4 19:19	
2025-11-13 16:32	BK-20251113-1166	9788972995067	세종대왕님 세금이 뭐예요? - 어린이를 위한 교과서 속 경제 이야기	오기수 (지은이)	미래문화사	2019-06-15	112	kor	사회과학	경제학	재정	329	https://image.aladin.co.kr/product/19467/79/cover500/8972995061_1.jpg	/NL/contents/search.do#viewKey=597292940&viewType=AH1				Owned	26-10-04 20:16	2026-10-4 19:19	
2025-11-13 16:32	BK-20251113-1167	9791160402018	괭이갈매기도 모르는 독도 이야기	박지환 (지은이), 허현경 (그림)	한겨레아이들	2018-10-25	140	kor	역사	아시아	한국	911.82	https://image.aladin.co.kr/product/17279/81/cover500/k112534094_2.jpg	/NL/contents/search.do#viewKey=545647546&viewType=AH1				Owned	26-10-04 20:16	2026-10-4 19:19	
2025-11-13 16:32	BK-20251113-1168	9791157820559	어떻게 소비해야 모두가 행복할까? - 바꿔 쓰고 나눠 쓰는 공유 경제 이야기	미셸 멀더 (지은이), 현혜진 (옮긴이)	초록개구리	2017-06-27	72	kor	사회과학	경제학	경제학	320	https://image.aladin.co.kr/product/11217/26/cover500/k112531486_1.jpg	/NL/contents/search.do#viewKey=382887825&viewType=AH1				Owned	26-10-04 20:16	2026-10-4 19:19	
2025-11-13 16:32	BK-20251113-1169	9791156632641	Wow 화폐 속에는 누가 있을까?	형설아이 편집부 (엮은이)	형설아이	2016-10-14	200	kor	역사	전기	아시아전기	991.1	https://image.aladin.co.kr/product/9445/98/cover500/k052535422_1.jpg	/NL/contents/search.do#viewKey=357125700&viewType=AH1				Owned	26-10-04 20:16	2026-10-4 19:19	
2025-11-13 16:33	BK-20251113-1170	9788990267924	경제 : 부자가 되려면 꼭 알아야 할 6가지 방법	정수은 (지은이), 송진욱 (그림), 공병호 (감수)	아이앤북(I&BOOK)	2007-09-27	176	kor	사회과학	경제학	금융	327	https://image.aladin.co.kr/product/98/80/cover500/8990267927_1.jpg	/NL/contents/search.do#viewKey=77237162&viewType=AH1				Owned	26-10-04 20:16	2026-10-4 19:19	
2025-11-13 16:33	BK-20251113-1171	9788990267917	리더	김현민 (지은이), 나일영 (그림), 공병호 (감수)	아이앤북(I&BOOK)	2007-08-01	175	kor	사회과학	경제학	경영	325	https://image.aladin.co.kr/product/96/36/cover500/8990267919_1.jpg	/NL/contents/search.do#viewKey=73227711&viewType=AH1				Owned	26-10-04 20:16	2026-10-4 19:19	
2025-11-13 16:33	BK-20251113-1172	9788934965497	제레미 리프킨의 생각을 읽자 - 만화로 읽는 21세기 인문학 교과서	손영운 (지은이), 이철희 (그림)	김영사on	2014-03-25	184	kor	사회과학	사회학, 사회문제	사회학	331.54	https://image.aladin.co.kr/product/3928/64/cover500/8934965495_1.jpg	/NL/contents/search.do#viewKey=217611428&viewType=AH1				Owned	26-10-04 20:16	2026-10-4 19:19	
2025-11-13 16:33	BK-20251113-1173	9788934967170	리처드 도킨스의 생각을 읽자 - 만화로 읽는 21세기 인문학 교과서	손영운, 신현정 (지은이), 박지훈 (그림)	김영사on	2015-01-25	208	kor	총류	총류	지식 및 학문 일반	001.3	https://image.aladin.co.kr/product/5269/89/cover500/893496717x_1.jpg					Owned	26-10-04 20:16	2026-10-4 19:19	
2025-11-13 16:33	BK-20251113-1174	9788934965459	앨빈 토플러의 생각을 읽자 - 만화로 읽는 21세기 인문학 교과서	조희원 (지은이), 모해규 (그림), 손영운 (기획)	김영사on	2013-11-20	188	kor	사회과학	사회학, 사회문제	사회학	331.54	https://image.aladin.co.kr/product/3343/41/cover500/8934965452_2.jpg	/NL/contents/search.do#viewKey=190819168&viewType=AH1				Owned	26-10-04 20:16	2026-10-4 19:19	
2025-11-13 16:34	BK-20251113-1175	9791156108641	앎이 삶이 되는 동양철학	임정환 (지은이)	CIR(씨아이알)	2020-07-22	232	kor	철학	동양철학, 동양사상	동양철학, 동양사상	150	https://image.aladin.co.kr/product/24718/98/cover500/k432631517_1.jpg	/NL/contents/search.do#viewKey=705662847&viewType=AH1				Owned	26-10-04 20:16	2026-10-4 19:19	
2025-11-13 16:34	BK-20251113-1176	9788984079007	어린이 인문학 - 공부 비법 전도사 조승연이 들려주는	조승연 (지은이), 박순구 (그림)	세종주니어	2015-12-22	224	kor	총류	총류	지식 및 학문 일반	001	https://image.aladin.co.kr/product/7234/52/cover500/8984079006_2.jpg	/NL/contents/search.do#viewKey=272123470&viewType=AH1				Owned	26-10-04 20:16	2026-10-4 19:19	
2025-11-13 16:34	BK-20251113-1177	9788936447076	어린이 대학 : 경제 - 어린이가 묻고 석학이 답하다	이정전, 권재원 (지은이)	창비	2017-07-25	148	kor	사회과학	경제학	경제학	320	https://image.aladin.co.kr/product/11356/96/cover500/8936447076_1.jpg	/NL/contents/search.do#viewKey=392613081&viewType=AH1				Owned	26-10-04 20:16	2026-10-4 19:19	
2025-11-13 16:34	BK-20251113-1178	9788976333605	수익 분배의 경제학 - 디지털 시대, 합리적인 수익 분배 모델을 찾아서	오정석 (지은이)	삼성경제연구소	2007-10-29	136	kor	사회과학	경제학	경제학	320	https://image.aladin.co.kr/product/100/7/cover500/8976333608_1.jpg	/NL/contents/search.do#viewKey=77580420&viewType=AH1				Owned	26-10-04 20:16	2026-10-4 19:19	
2025-11-13 16:34	BK-20251113-1179	9788976332660	카론의 동전 한 닢 - 정갑영의 新국부론	정갑영 (지은이)	삼성경제연구소	2005-08-19	166	kor	사회과학	경제학	경제학	320.911	https://image.aladin.co.kr/product/57/91/cover500/8976332660_2.jpg	/NL/contents/search.do#viewKey=CNTS-00030241554&viewType=C				Owned	26-10-04 20:16	2026-10-4 19:19	
2025-11-13 16:35	BK-20251113-1180	9788953501782	경제 이야기	글: 박상률 그림: 김미혜	한솔교육	2001-01-01	193	kor	사회과학	경제학	경제학	320.4			KJU000009523			Owned	26-10-04 20:16	2026-10-4 19:19	원본확인필요
2025-11-13 16:35	BK-20251113-1181	9788977771154	화폐로 배우는 세계의 문화 2	배원준 (지은이), 이승민 (그림)	가교(가교출판)	2004-09-10	215	kor	사회과학	경제학	금융	327.2	https://image.aladin.co.kr/product/51/65/cover500/8977771153_1.gif	/NL/contents/search.do#viewKey=CNTS-00030659186&viewType=C				Owned	26-10-04 20:16	2026-10-4 19:19	
2025-11-13 16:35	BK-20251113-1182	9788968304620	노동이 뭐예요?	자크 올리비에 포 (지은이), 하프밥 (그림), 이정주 (옮긴이)	개암나무	2018-06-29	68	kor	사회과학	경제학	경제각론	321	https://image.aladin.co.kr/product/15258/24/cover500/8968304629_1.jpg	/NL/contents/search.do#viewKey=523446780&viewType=AH1				Owned	26-10-04 20:16	2026-10-4 19:19	
2025-11-13 16:35	BK-20251113-1183	9788974741167	석유 에너지 - 전쟁을 일으키는 악마의 눈물	이필렬 (지은이), 안은진 (그림)	풀빛	2016-11-24	120	kor	사회과학	사회학, 사회문제	사회학	331	https://image.aladin.co.kr/product/9666/21/cover500/8974741164_1.jpg	/NL/contents/search.do#viewKey=CNTS-00092872745&viewType=C				Owned	26-10-04 20:16	2026-10-4 19:19	
2025-11-13 16:35	BK-20251113-1184	9791190277266	행동경제학	미셸 배들리 (지은이), 노승영 (옮긴이)	교유서가	2020-02-24	236	kor	사회과학	경제학	경제학	320.1	https://image.aladin.co.kr/product/23307/51/cover500/k192637819_1.jpg	/NL/contents/search.do#viewKey=677153301&viewType=AH1				Owned	26-10-04 20:16	2026-10-4 19:19	
2025-11-13 16:36	BK-20251113-1185	9791190277648	의료윤리	마이클 던, 토니 호프 (지은이), 김준혁 (옮긴이)	교유서가	2020-08-07	244	kor	기술과학	의학	의학	510.19	https://image.aladin.co.kr/product/24843/4/cover500/k832631358_2.jpg	/NL/contents/search.do#viewKey=708415961&viewType=AH1				Owned	26-10-04 20:16	2026-10-4 19:19	
2025-11-13 16:36	BK-20251113-1186	9788954655149	숲	자부리 가줄 (지은이), 김명주 (옮긴이)	교유서가	2019-03-05	232	kor	자연과학	생명과학	생물학	472.52642	https://image.aladin.co.kr/product/18389/59/cover500/8954655149_1.jpg	/NL/contents/search.do#viewKey=563368290&viewType=AH1				Owned	26-10-04 20:16	2026-10-4 19:19	
2025-11-13 16:36	BK-20251113-1187	9791190277020	포퓰리즘	카스 무데, 크리스토발 로비라 칼트바서 (지은이), 이재만 (옮긴이)	교유서가	2019-08-12	208	kor	사회과학	정치학	정치학	340.2	https://image.aladin.co.kr/product/20237/85/cover500/k202635753_1.jpg	/NL/contents/search.do#viewKey=601961522&viewType=AH1				Owned	26-10-04 20:16	2026-10-4 19:19	
2025-11-13 16:36	BK-20251113-1188	9791189683351	행운과 불운에 대처하는 법	프란체스코 페트라르카 (지은이), 임희근 (옮긴이)	유유	2020-03-24	256	kor	문학	기타 제문학	인도-유럽계문학	892.2	https://image.aladin.co.kr/product/23596/87/cover500/k312638423_1.jpg	/NL/contents/search.do#viewKey=690514365&viewType=AH1				Owned	26-10-04 20:16	2026-10-4 19:19	
2025-11-13 20:22	BK-20251113-1189	9791187142560	데일 카네기 인간관계론 (50만부 돌파 초판 무삭제 완역본)	데일 카네기 (지은이), 임상훈 (옮긴이)	현대지성	2019-10-07	352	kor	철학	윤리학, 도덕철학	도덕훈, 교훈	199.1	https://image.aladin.co.kr/product/20945/79/cover500/s652933016_2.jpg	/NL/contents/search.do#viewKey=623641145&viewType=AH1				Owned	26-10-04 20:16	2026-10-4 19:19	(331.18)에서 변경
2025-11-13 20:22	BK-20251113-1190	9788934965909	더 좋은 삶을 위한 철학 - 천사와 악마 사이 더 나은 선택을 위한 안내서	마이클 슈어 (지은이), 염지선 (옮긴이)	김영사	2023-02-24	408	kor	철학	윤리학, 도덕철학	윤리학, 도덕철학	190	https://image.aladin.co.kr/product/31132/45/cover500/8934965908_1.jpg	/NL/contents/search.do#viewKey=914093012&viewType=AH1				Owned	26-10-04 20:16	2026-10-4 19:19	
2025-11-13 20:23	BK-20251113-1191	9791192894331	묻는다는 것 - 질문은 어떻게 우리를 해방시키는가?	정준희 (지은이), 이강훈 (그림)	너머학교	2023-09-20	136	kor	철학	철학	총서, 전집, 선집	108	https://image.aladin.co.kr/product/32355/82/cover500/k112935461_1.jpg	/NL/contents/search.do#viewKey=970191959&viewType=AH1				Owned	26-10-04 20:16	2026-10-4 19:19	
2025-11-13 20:23	BK-20251113-1192	9788932008806	아홉 켤레의 구두로 남은 사내	윤흥길 (지은이)	문학과지성사	1997-03-05	308	kor	문학	한국문학	소설	813	https://image.aladin.co.kr/product/19/61/cover500/8932008809_2.jpg					Owned	26-10-04 20:16	2026-10-4 19:19	
2025-11-13 20:23	BK-20251113-1193	9791190356602	수학은 어떻게 무기가 되는가 - 세상 모든 것을 숫자로 바라볼 수 있게 해준다	다카하시 요이치 (지은이), 김정환 (옮긴이)	센시오	2020-06-23	202	kor	자연과학	수학	수학	410	https://image.aladin.co.kr/product/24249/49/cover500/k412630369_1.jpg	/NL/contents/search.do#viewKey=698061799&viewType=AH1				Owned	26-10-04 20:16	2026-10-4 19:19	
2025-11-13 20:24	BK-20251113-1194	9788962624953	수학이 생명의 언어라면 - 수면부터 생체 리듬, 팬데믹, 신약 개발까지, 생명을 해독하는 수리생물학의 세계	김재경 (지은이)	동아시아	2024-09-05	244	kor	자연과학	생명과학	생물학	472.015	https://image.aladin.co.kr/product/34554/83/cover500/8962624958_1.jpg	/NL/contents/search.do#viewKey=1066338636&viewType=AH1				Owned	26-10-04 20:16	2026-10-4 19:19	
2025-11-13 20:24	BK-20251113-1195	9791130660769	편견 없는 유전자 - 너와 내가 생겨난 40억 년의 진화 이야기	애덤 러더포드 (지은이), 안주현 (옮긴이)	다산북스	2025-01-07	192	kor	자연과학	생명과학	인류학	471	https://image.aladin.co.kr/product/35516/62/cover500/k342036764_1.jpg	/NL/contents/search.do#viewKey=1145524057&viewType=AH1				Owned	26-10-04 20:16	2026-10-4 19:19	
2025-11-13 20:24	BK-20251113-1196	9788998658762	자기결정의 원칙	라인하르트 K. 슈프렝어 (지은이), 류동수 (옮긴이)	타커스(끌레마)	2022-12-07	252	kor	사회과학	경제학	경영	325.04	https://image.aladin.co.kr/product/30539/42/cover500/8998658763_1.jpg					Owned	26-10-04 20:16	2026-10-4 19:19	
2025-11-13 20:24	BK-20251113-1197	9788934975618	김경일 교수의 심리학 수업 - 인간의 속마음을 들여다보는 일상의 과학	김경일 (지은이)	김영사	2023-06-30	176	kor	철학	심리학	심리학	180	https://image.aladin.co.kr/product/31981/58/cover500/893497561x_1.jpg	/NL/contents/search.do#viewKey=945612714&viewType=AH1				Owned	26-10-04 20:16	2026-10-4 19:19	
2025-11-13 20:25	BK-20251113-1198	9791190864879	인디펜던트 워커 - 좋아하고, 잘하고, 의미 있는 나만의 일 만들기	정혜윤 (지은이)	스리체어스	2021-03-15	196	kor	사회과학	경제학	경영	325.211	https://image.aladin.co.kr/product/26611/63/cover500/k652739936_2.jpg	/NL/contents/search.do#viewKey=753189726&viewType=AH1				Owned	26-10-04 20:16	2026-10-4 19:19	
2025-11-13 20:26	BK-20251113-1199	9788963720654	그대들, 어떻게 살 것인가	요시노 겐자부로 (지은이), 김욱 (옮긴이)	양철북	2012-06-15	264	kor	문학	일본문학 및 기타 아시아 제문학	소설	833	https://image.aladin.co.kr/product/1794/55/cover500/8963720659_2.jpg	/NL/contents/search.do#viewKey=151963107&viewType=AH1				Owned	26-10-04 20:16	2026-10-4 19:19	(199.5)에서 변경
2025-11-14 11:34	BK-20251114-1200	9788930200820	Why? 지중해 세계와 로마 문명	김승렬 (지은이), 박종성 (그림), 조한욱 (감수)	예림당	2010-05-25	200	kor	역사	역사	세계사, 세계문화사	909	https://image.aladin.co.kr/product/631/31/cover500/8930200826_1.jpg	/NL/contents/search.do#viewKey=108157578&viewType=AH1				Owned	26-10-04 20:16	2026-10-4 19:19	
2025-11-14 16:23	BK-20251114-1201	9791188609529	지구촌 슬픈 갈등 탐구생활 - 착한 사회를 위한 국제 분쟁과 난민 이야기, 개정판	이두현, 김선아, 권미혜, 이준희, 이용직 (지은이), 박지윤 (그림)	파란자전거	2024-04-10	201	kor	사회과학	정치학	외교, 국제 관계	349	https://image.aladin.co.kr/product/33698/34/cover500/k752939149_1.jpg	/NL/contents/search.do#viewKey=748216453&viewType=AH1				Owned	26-10-04 20:16	2026-10-4 19:19	
2025-11-14 16:23	BK-20251114-1202	9791196278014	빌 게이츠의 화장실 - 지속가능한 지구를 위한 화장실 혁명, 2020 환경부 우수환경도서	이순희 (지은이)	빈빈책방	2018-04-09	128	kor	기술과학	공학, 공업일반, 토목공학, 환경공학	위생, 도시, 환경 공학	539	https://image.aladin.co.kr/product/14014/40/cover500/k212532932_2.jpg	/NL/contents/search.do#viewKey=504393318&viewType=AH1				Owned	26-10-04 20:16	2026-10-4 19:19	
2025-11-14 16:24	BK-20251114-1203	9788901056494	여우비	김선희 (지은이), 신민재 (그림)	웅진주니어	2006-03-30	183	kor	문학	한국문학	소설	813.8	https://image.aladin.co.kr/product/63/91/cover500/8901056496_2.jpg					Owned	26-10-04 20:16	2026-10-4 19:19	
2025-11-14 16:24	BK-20251114-1204	9788933115725	카를로 아쿠티스	닉 메일렌더 (지은이), 알베르트 카레레스 (그림), 조안나 (옮긴이)	바오로딸	2025-05-16	200	kor	종교	기독교	교파	238.2099	https://image.aladin.co.kr/product/36431/9/cover500/8933115722_1.jpg	/NL/contents/search.do#viewKey=1179219821&viewType=AH1				Owned	26-10-04 20:16	2026-10-4 19:19	
2025-11-14 16:24	BK-20251114-1205	9788936447007	왕국을 구한 소녀 안젤라의 경제 이야기	조경숙, 이기욱 (지은이), 고상미 (그림)	창비	2016-12-15	220	kor	사회과학	경제학	경제학	320	https://image.aladin.co.kr/product/9873/24/cover500/8936447009_1.jpg	/NL/contents/search.do#viewKey=361982612&viewType=AH1				Owned	26-10-04 20:16	2026-10-4 19:19	
2025-11-14 16:25	BK-20251114-1206	9788934991328	사피엔스 : 그래픽 히스토리 Vol.1 - 인류의 탄생	유발 하라리 (원작), 다니엘 카사나브 (그림), 김명주 (옮긴이), 다비드 반데르묄렝 (각색)	김영사	2020-11-23	248	kor	역사	역사	세계사, 세계문화사	909	https://image.aladin.co.kr/product/25686/5/cover500/8934991321_1.jpg	/NL/contents/search.do#viewKey=741983356&viewType=AH1				Owned	26-10-04 20:16	2026-10-4 19:19	
2025-11-14 16:26	BK-20251114-1207	9788978894845	바다에 대한 예의 - 인류의 공유자원 바다를 지키기 위한 책임과 의무	주현희 (지은이)	지성사	2021-12-23	144	kor	기술과학	공학, 공업일반, 토목공학, 환경공학	위생, 도시, 환경 공학	539	https://image.aladin.co.kr/product/28595/82/cover500/8978894844_1.jpg	/NL/contents/search.do#viewKey=825346233&viewType=AH1				Owned	26-10-04 20:16	2026-10-4 19:19	
2025-11-16 15:37	BK-20251116-1208	9788930200929	Why? 세계사 미국	남춘자 (지은이), 크레파스 (그림), 정상준 (감수)	예림당	2011-02-10	192	kor	역사	역사	세계사, 세계문화사	909	https://image.aladin.co.kr/product/919/6/cover500/8930200923_1.jpg	/NL/contents/search.do#viewKey=133614216&viewType=AH1				Owned	26-10-04 20:16	2026-10-4 19:19	
2025-11-16 15:37	BK-20251116-1209	9788930200950	Why? 세계사 독일	김승렬 (지은이), 윤현우 (그림), 송영심 (감수)	예림당	2011-09-15	192	kor	역사	역사	세계사, 세계문화사	909	https://image.aladin.co.kr/product/1333/65/cover500/8930200958_1.jpg	/NL/contents/search.do#viewKey=141316127&viewType=AH1				Owned	26-10-04 20:16	2026-10-4 19:19	
2025-11-16 15:37	BK-20251116-1210	9788930232425	Why? 한국사 궁궐 이야기	허순봉 (지은이), 극동만화연구소 (옮긴이), 문철영 (감수)	예림당	2010-09-15	278	kor	역사	아시아	한국	911	https://image.aladin.co.kr/product/792/82/cover500/8930232426_1.jpg	/NL/contents/search.do#viewKey=114453083&viewType=AH1				Owned	26-10-04 20:16	2026-10-4 19:19	
2025-11-16 15:38	BK-20251116-1211	9788930232401	Why? 한국사 승자와 패자	이근 (지은이), 극동만화연구소 (그림), 문철영 (감수)	예림당	2010-04-20	248	kor	역사	아시아	한국	911	https://image.aladin.co.kr/product/691/47/cover500/893023240x_1.jpg	/NL/contents/search.do#viewKey=109223451&viewType=AH1				Owned	26-10-04 20:16	2026-10-4 19:19	
2025-11-16 15:38	BK-20251116-1212	9788930232418	Why? 한국사 왕자와 공주	이근 (지은이), 극동만화연구소 (옮긴이), 문철영 (감수)	예림당	2010-06-15	248	kor	역사	아시아	한국	911	https://image.aladin.co.kr/product/726/73/cover500/8930232418_1.jpg	/NL/contents/search.do#viewKey=112828228&viewType=AH1				Owned	26-10-04 20:16	2026-10-4 19:19	
2025-11-16 15:38	BK-20251116-1213	9788930232517	Why? 한국사 왕비 이야기	이근 (글), 극동만화연구소 (그림), 문철영 (감수)	예림당	2013-05-01	248	kor	역사	아시아	한국	911	https://image.aladin.co.kr/product/2624/45/cover500/8930232515_1.jpg	/NL/contents/search.do#viewKey=175967740&viewType=AH1				Owned	26-10-04 20:16	2026-10-4 19:19	
2025-11-16 15:39	BK-20251116-1214	9788993179736	도대체 날씨가 왜 이래? - 지구 온난화.기후 변화 바로 알기	안동희 (지은이)	아롬주니어	2018-04-10	160	kor	자연과학	지학	기상학, 기후학	453	https://image.aladin.co.kr/product/14114/12/cover500/8993179735_1.jpg	/NL/contents/search.do#viewKey=504394101&viewType=AH1				Owned	26-10-04 20:16	2026-10-4 19:19	
2025-11-16 15:40	BK-20251116-1215	9788992010061	써프라이즈 오딧셈의 수학대모험 1 - 수의 세계	강상균 (지은이), 박철권 (그림), 안소정	스콜라(위즈덤하우스)	2006-04-10	264	kor	자연과학	수학	수학	410.4	https://image.aladin.co.kr/product/64/14/cover500/8992010060_3.jpg	/NL/contents/search.do#viewKey=CNTS-00030657649&viewType=C				Owned	26-10-04 20:16	2026-10-4 19:19	
2025-11-16 15:40	BK-20251116-1216	9788954430142	시간의 규칙을 찾아서	과학주머니 (지은이), 이지후 (그림)	자음과모음	2013-10-08	244	kor	자연과학	자연과학	전집, 총서	408	https://image.aladin.co.kr/product/3166/35/cover500/8954430147_1.jpg	/NL/contents/search.do#viewKey=188463789&viewType=AH1				Owned	26-10-04 20:16	2026-10-4 19:19	
2025-11-16 15:40	BK-20251116-1217	9788954430845	밤하늘에 숨은 도형을 찾아라! - STEAM 수학.과학 창의 스토리	서원호 (지은이), 최은영 (그림)	자음과모음	2014-06-15	216	kor	자연과학	자연과학	전집, 총서	408	https://image.aladin.co.kr/product/4210/43/cover500/8954430848_1.jpg	/NL/contents/search.do#viewKey=218757537&viewType=AH1				Owned	26-10-04 20:16	2026-10-4 19:19	
2025-11-16 15:41	BK-20251116-1218	9788954430388	그림자로 지구 크기를 재어라!	전영석, 이연주, 전민지 (지은이), 이지후 (그림)	자음과모음	2013-12-13	216	kor	자연과학	자연과학	전집, 총서	408	https://image.aladin.co.kr/product/3408/69/cover500/8954430384_2.jpg	/NL/contents/search.do#viewKey=195426467&viewType=AH1				Owned	26-10-04 20:16	2026-10-4 19:19	
2025-11-16 15:41	BK-20251116-1219	9788954430555	확률로 유전의 비밀을 풀어라 - STEAM 수학.과학 창의 스토리	강호진 (지은이), 최은영 (그림)	자음과모음	2014-03-03	248	kor	자연과학	자연과학	전집, 총서	408	https://image.aladin.co.kr/product/3796/96/cover500/s102836628_1.jpg	/NL/contents/search.do#viewKey=206651262&viewType=AH1				Owned	26-10-04 20:16	2026-10-4 19:19	
2025-11-16 15:42	BK-20251116-1220	9788992010078	써프라이즈 오딧셈의 수학대모험 2 - 도형의 세계	강상균 (지은이), 박철권 (그림), 안소정	스콜라(위즈덤하우스)	2006-07-27	270	kor	자연과학	수학	수학	410.4	https://image.aladin.co.kr/product/67/37/cover500/8992010079_2.jpg					Owned	26-10-04 20:16	2026-10-4 19:19	
2025-11-16 15:42	BK-20251116-1221	9788989192596	세상 밖으로 날아간 수학 - 수학의 개념을 밝혀 주는 5가지 이야기	이시하라 기요타카 (지은이), 사와다 토시키 (그림), 김이경 (옮긴이)	파란자전거	2007-02-20	190	kor	자연과학	수학	수학	410	https://image.aladin.co.kr/product/88/42/cover500/8989192595_3.jpg	/NL/contents/search.do#viewKey=1130484093&viewType=AH1				Owned	26-10-04 20:16	2026-10-4 19:19	
2025-11-16 15:44	BK-20251116-1222	9791162100097	맛있는 수학 파이 - 지겨운 수학 시간에 친구들과 나눠 먹는 달콤한 동시집	오은영 (지은이), 홍하나 (그림)	바람의아이들	2018-01-25	100	kor	문학	한국문학	시	811.8	https://image.aladin.co.kr/product/13504/58/cover500/k602532600_1.jpg	/NL/contents/search.do#viewKey=494976730&viewType=AH1				Owned	26-10-04 20:16	2026-10-4 19:19	
2025-11-16 15:56	BK-20251116-1223	9788996331391	사라진 수학거울을 찾아라 - 상위 10%를 위한 수학동화	정완상 (지은이), 조윤영 (그림)	쿠폰북	2010-07-05	176	kor	자연과학	수학	수학	410	https://image.aladin.co.kr/product/730/18/cover500/8996331392_1.jpg	/NL/contents/search.do#viewKey=122811656&viewType=AH1				Owned	26-10-04 20:16	2026-10-4 19:19	
2025-11-16 15:56	BK-20251116-1224	9788996331384	수학자 납치 사건 - 상위 10%를 위한 수학동화	정완상 (지은이), 이화 (그림)	쿠폰북	2010-04-09	163	kor	자연과학	수학	수학	410	https://image.aladin.co.kr/product/672/74/cover500/8996331384_1.jpg	/NL/contents/search.do#viewKey=108615327&viewType=AH1				Owned	26-10-04 20:16	2026-10-4 19:19	
2025-11-16 15:56	BK-20251116-1225	9788930205399	Why? 지구	이광웅 (지은이), 박종관 (그림), 조경철 (감수)	예림당	2002-05-30	160	kor	자연과학	자연과학	전집, 총서	408	https://image.aladin.co.kr/product/36/9/cover500/8930205399_1.gif					Owned	26-10-04 20:16	2026-10-4 19:19	
2025-11-16 15:56	BK-20251116-1226	9788930206396	Why? 똥	허순봉 (지은이), 송회석 (그림), 박완철 (감수)	예림당	2005-11-30	160	kor	자연과학	자연과학	전집, 총서	408	https://image.aladin.co.kr/product/60/44/cover500/8930206395_1.jpg					Owned	26-10-04 20:16	2026-10-4 19:19	
2025-11-16 15:57	BK-20251116-1227	9788992704168	초등학생이 꼭 알아야 할 우리 민족과학 - LG사이언스랜드와 함께하는 과학이야기	이찬희 (지은이), LG사이언스랜드	글로연	2009-12-18	237	kor	자연과학	자연과학	과학사	409	https://image.aladin.co.kr/product/597/1/cover500/899270416x_1.jpg	/NL/contents/search.do#viewKey=CNTS-00092722629&viewType=C				Owned	26-10-04 20:16	2026-10-4 19:19	
2025-11-16 15:58	BK-20251116-1228	9788965130840	공부가 되는 별자리 이야기	글공작소 (지은이)	아름다운사람들	2011-03-28	206	kor	자연과학	천문학	기술천문학	443	https://image.aladin.co.kr/product/1107/56/cover500/8965130840_1.jpg	/NL/contents/search.do#viewKey=134126906&viewType=AH1				Owned	26-10-04 20:16	2026-10-4 19:19	
2025-11-16 15:58	BK-20251116-1229	9788943103712	과학 블로그 1 : 세상의 시작, 우주의 탄생과 거인의 등장 - 상위 1%로 가는 비밀수업	과학노리 (글), 전국초등과학교사모임 (그림), 이태형, 카툰플러스 (감수)	킨더랜드	2009-04-01	201	kor	자연과학	자연과학	전집, 총서	408	https://image.aladin.co.kr/product/359/48/cover500/8943103700_1.jpg	/NL/contents/search.do#viewKey=98692199&viewType=AH1				Owned	26-10-04 20:16	2026-10-4 19:19	(400)에서 변경
2025-11-16 15:58	BK-20251116-1230	9788943103729	과학 블로그 2 : 문명의 아침, 세계 4대 문명과 과학의 태동 - 상위 1%로 가는 비밀수업	과학노리 (지은이), 카툰플러스 (그림), 이태형, 전국초등과학교사모임 (감수)	킨더랜드	2009-04-30	195	kor	자연과학	자연과학	전집, 총서	408	https://image.aladin.co.kr/product/369/33/cover500/8943103727_1.jpg	/NL/contents/search.do#viewKey=98692199&viewType=AH1				Owned	26-10-04 20:16	2026-10-4 19:19	(400)에서 변경
2025-11-16 15:59	BK-20251116-1231	9791186474006	과학 블로그 2 : 문명의 아침, 세계4대 문명과 과학의 태동 - 상위 1%로 가는 비밀수업	과학노리 (지은이), 카툰플러스 (그림), 이태형, 전국초등과학교사모임 (감수)	사이언스주니어	2015-04-01	208	kor	자연과학	자연과학	전집, 총서	408	https://image.aladin.co.kr/product/5573/12/cover500/6000827121_1.jpg	/NL/contents/search.do#viewKey=243229959&viewType=AH1				Owned	26-10-04 20:16	2026-10-4 19:19	(400)에서 변경
2025-11-16 15:59	BK-20251116-1232	9788943103736	과학 블로그 3 : 자연을 이해하다, 그리스와 로마 - 상위 1%로 가는 비밀수업	과학노리 (지은이), 카툰플러스 (그림), 이태형, 전국초등과학교사모임 (감수)	킨더랜드	2009-06-26	210	kor	자연과학	자연과학	전집, 총서	408	https://image.aladin.co.kr/product/418/46/cover500/8943103735_1.jpg	/NL/contents/search.do#viewKey=98692199&viewType=AH1				Owned	26-10-04 20:16	2026-10-4 19:19	(400)에서 변경
2025-11-16 16:00	BK-20251116-1233	9788912571344	곤충과 작은생물 - 과학퀴즈박사 1	사토 마사히코 (지은이)	고려원(고려원미디어)	1997-01-10	94	kor	자연과학	자연과학	전집, 총서	408						Owned	26-10-04 20:16	2026-10-4 19:19	
2025-11-16 16:00	BK-20251116-1234	9788912571351	식물 기르기(과학퀴즈박사 2)	사토 마사히코(저자), 이종은 번역	고려원미디어	1997-01-10	94	kor	자연과학	자연과학	전집, 총서	408						Owned	26-10-04 20:16	2026-10-4 19:19	
2025-11-16 16:00	BK-20251116-1235	9788912571368	인체의 구조 - 과학퀴즈박사 3	사카모토 구니카즈 (지은이)	고려원(고려원미디어)	1997-01-10	94	kor	자연과학	자연과학	전집, 총서	408						Owned	26-10-04 20:16	2026-10-4 19:19	
2025-11-16 16:01	BK-20251116-1236	9788912571375	물과 공기 - 과학퀴즈박사 4	오타 마코토 (지은이)	고려원(고려원미디어)	1997-01-10	94	kor	자연과학	자연과학	전집, 총서	408						Owned	26-10-04 20:16	2026-10-4 19:19	
2025-11-16 16:01	BK-20251116-1237	9788912571382	하천과 바다 - 과학퀴즈박사 5	이소노 스스무 (지은이)	고려원(고려원미디어)	1997-01-10	94	kor	자연과학	자연과학	전집, 총서	408						Owned	26-10-04 20:16	2026-10-4 19:19	
2025-11-16 16:01	BK-20251116-1238	9788912571399	자석과 전기 - 과학퀴즈박사 6	다카노 노리히사 (지은이)	고려원(고려원미디어)	1997-01-10	94	kor	자연과학	자연과학	전집, 총서	408						Owned	26-10-04 20:16	2026-10-4 19:19	
2025-11-16 16:01	BK-20251116-1239	9788912571405	무게와 천칭 - 과학퀴즈박사 7	기도 리쓰오 (지은이)	고려원(고려원미디어)	1997-01-10	94	kor	자연과학	자연과학	전집, 총서	408						Owned	26-10-04 20:16	2026-10-4 19:19	
2025-11-16 16:02	BK-20251116-1240	9788912571412	빛과 소리 - 과학퀴즈박사 8	세키타 요시히로 (지은이)	고려원(고려원미디어)	1997-01-10	94	kor	자연과학	자연과학	전집, 총서	408						Owned	26-10-04 20:16	2026-10-4 19:19	
2025-11-16 16:02	BK-20251116-1241	9788974746315	꼬물꼬물 세균대왕 미생물이 지구를 지켜요 - 자연의 아이들	김성화, 권수진 (지은이), 박재현 (그림)	풀빛	2007-11-20	128	kor	자연과학	생명과학	미생물학	475	https://image.aladin.co.kr/product/101/0/cover500/897474631x_1.jpg	/NL/contents/search.do#viewKey=79866991&viewType=AH1				Owned	26-10-04 20:16	2026-10-4 19:19	
2025-11-16 16:03	BK-20251116-1242	9788915024359	나는 상식의 왕 - 우리몸	장수하늘소 (글), 김기훈 (그림)	삼성출판사	2001-03-05	206	kor	총류	백과사전	백과사전	030	https://image.aladin.co.kr/product/27/1/cover500/8915024354_1.gif					Owned	26-10-04 20:16	2026-10-4 19:19	
2025-11-16 16:03	BK-20251116-1243	9788915024373	나는 상식의 왕 - 과학	장수하늘소 (지은이), 임덕영 (그림)	삼성출판사	2001-03-05	206	kor	총류	백과사전	백과사전	030	https://image.aladin.co.kr/product/27/1/cover500/8915024370_1.gif					Owned	26-10-04 20:16	2026-10-4 19:19	
2025-11-16 16:03	BK-20251116-1244	9791186688847	공학은 세상을 어떻게 바꾸었을까?	황진규 (지은이), 박연옥 (그림)	어린이나무생각	2017-04-03	148	kor	기술과학	공학, 공업일반, 토목공학, 환경공학	공학, 공업일반, 토목공학, 환경공학	530	https://image.aladin.co.kr/product/10649/15/cover500/k892530248_1.jpg	/NL/contents/search.do#viewKey=370436252&viewType=AH1				Owned	26-10-04 20:16	2026-10-4 19:19	(500)에서 변경
2025-11-16 16:03	BK-20251116-1245	9791157920709	공기를 통해 전달되는 소리	최원석 (지은이), 지문 (그림)	아이앤북(I&BOOK)	2016-08-10	96	kor	자연과학	물리학	음향학, 진동학	424	https://image.aladin.co.kr/product/8764/98/cover500/k022535683_1.jpg	/NL/contents/search.do#viewKey=284512913&viewType=AH1				Owned	26-10-04 20:16	2026-10-4 19:19	
2025-11-16 16:04	BK-20251116-1246	9788937844591	돌도끼에서 우리별 3호까지 - 우리 과학 이야기	전상운 (지은이), 이상규 (그림)	미래엔아이세움	2008-09-10	216	kor	자연과학	자연과학	과학사	409	https://image.aladin.co.kr/product/255/18/cover500/8937844591_2.jpg	/NL/contents/search.do#viewKey=95066109&viewType=AH1				Owned	26-10-04 20:16	2026-10-4 19:19	
2025-11-16 16:04	BK-20251116-1247	9788984285064	세밀화로 그린 보리 어린이 버섯 도감 - 숲과 풀밭에 나는 우리 버섯 100종	이주용 (그림), 석순자, 가강현 (감수), 토박이	보리	2008-01-21	263	kor	자연과학	식물학	조균류	484	https://image.aladin.co.kr/product/172/1/cover500/8984285064_1.jpg	/NL/contents/search.do#viewKey=81179283&viewType=AH1				Owned	26-10-04 20:16	2026-10-4 19:19	
2025-11-16 16:04	BK-20251116-1248	9788961771573	비상! 바이러스의 습격 - 바이러스의 모든 것	박상곤 (지은이), 이승연 (그림)	다림	2017-12-08	104	kor	자연과학	생명과학	미생물학	475	https://image.aladin.co.kr/product/12485/18/cover500/8961771574_1.jpg	/NL/contents/search.do#viewKey=481581027&viewType=AH1				Owned	26-10-04 20:16	2026-10-4 19:19	
2025-11-16 16:04	BK-20251116-1249	9791195094219	신기한 사람의 몸	실비 보시에 (지은이), 이렌 쇼흐 (그림), 이재현 (옮긴이)	잼에듀	2013-08-21	72	kor	기술과학	의학	기초의학	511	https://image.aladin.co.kr/product/3034/70/cover500/1195094213_1.jpg	/NL/contents/search.do#viewKey=181042373&viewType=AH1				Owned	26-10-04 20:16	2026-10-4 19:19	
2025-11-16 16:04	BK-20251116-1250	9788936445492	박테리아 할머니 물고기 할아버지	김성화, 권수진 (지은이), 임선영 (그림)	창비	2006-03-31	92	kor	자연과학	생명과학	생명과학	470	https://image.aladin.co.kr/product/64/9/cover500/8936445499_1.jpg					Owned	26-10-04 20:16	2026-10-4 19:19	
2025-11-16 16:04	BK-20251116-1251	9788927747451	어린이를 위한 4차 산업 혁명 안내서 - 2020 세종도서 교양부문 선정도서	정윤선 (지은이)	다락원	2019-09-30	136	kor	기술과학	기술과학	강연집, 수필집, 연설문집	504	https://image.aladin.co.kr/product/20826/35/cover500/8927747453_2.jpg	/NL/contents/search.do#viewKey=622021124&viewType=AH1				Owned	26-10-04 20:16	2026-10-4 19:19	(500)에서 변경
2025-11-16 16:05	BK-20251116-1252	9791185653310	초등학생이 꼭 알아야 하는 자연과학 백과	엘렌 팽스, 로버트 팽스 (지은이), 하정희 (옮긴이)	생각의집	2017-07-11	176	kor	자연과학	자연과학	전집, 총서	408	https://image.aladin.co.kr/product/11187/20/cover500/k212531289_1.jpg	/NL/contents/search.do#viewKey=455704032&viewType=AH1				Owned	26-10-04 20:16	2026-10-4 19:19	(400)에서 변경
2025-11-16 16:05	BK-20251116-1253	9788925558011	도구와 기계의 원리 - 일상생활 속 궁금한 50가지	세실 쥐글라 (지은이), 조은미 (옮긴이)	주니어RHK(주니어랜덤)	2016-01-04	116	kor	기술과학	기계공학	기계공학	550	https://image.aladin.co.kr/product/7454/71/cover500/8925558017_1.jpg	/NL/contents/search.do#viewKey=274222872&viewType=AH1				Owned	26-10-04 20:16	2026-10-4 19:19	
2025-11-16 16:05	BK-20251116-1254	9791170181798	뱀파이어의 미스터리 탐정 과학	노지열 글, 신혜영 그림	글송이	2015-01-01	176	kor	자연과학	자연과학	강연집, 수필집, 연설문집	404	https://image.aladin.co.kr/product/3355/42/cover500/k542535863_2.jpg	/NL/contents/search.do#viewKey=797946132&viewType=AH1				Owned	26-10-04 20:16	2026-10-4 19:19	(400)에서 변경
2025-11-16 16:05	BK-20251116-1255	9788958288596	백두에서 한라까지 우리나라 지도 여행	조지욱 (지은이), 신지수 (그림)	사계절	2015-05-07	52	kor	총류	백과사전	한국어	031	https://image.aladin.co.kr/product/5930/75/cover500/8958288590_1.jpg	/NL/contents/search.do#viewKey=245015325&viewType=AH1				Owned	26-10-04 20:16	2026-10-4 19:19	
2025-11-16 16:05	BK-20251116-1256	9788958289791	아시아 지도 여행 아시아는 재밌다!	조지욱 (지은이), 김소영 (그림)	사계절	2016-06-03	56	kor	총류	백과사전	한국어	031	https://image.aladin.co.kr/product/8511/23/cover500/8958289791_1.jpg	/NL/contents/search.do#viewKey=281662749&viewType=AH1				Owned	26-10-04 20:16	2026-10-4 19:19	
2025-11-16 16:06	BK-20251116-1257	9788958286769	세계와 만나는 그림책	무라타 히로코 (글), 테즈카 아케미 (그림), 강인 (옮긴이), 츠지하라 야스오 (감수)	사계절	2013-08-22	48	kor	총류	백과사전	한국어	031	https://image.aladin.co.kr/product/3041/99/cover500/8958286768_1.jpg	/NL/contents/search.do#viewKey=181046083&viewType=AH1				Owned	26-10-04 20:16	2026-10-4 19:19	
2025-11-16 16:06	BK-20251116-1258	9788971842935	세계 명화와 함께 하는 그리스 로마 신화	박현철 (지은이)	푸른숲주니어	2000-09-30	215	kor	종교	비교종교학	신화, 신화학	219.2	https://image.aladin.co.kr/product/25/5/cover500/8971842938_1.gif					Owned	26-10-04 20:16	2026-10-4 19:19	
2025-11-16 16:07	BK-20251116-1259	9788915091634	그리스 로마 신화 (반양장)	김윤명 (그림), 권영미 (옮긴이), 김준우 (해설)	삼성출판사	2014-10-01	256	kor	문학	문학	전집, 총서	808	https://image.aladin.co.kr/product/4699/9/cover500/8915091639_1.jpg	/NL/contents/search.do#viewKey=233028880&viewType=AH1				Owned	26-10-04 20:16	2026-10-4 19:19	
2025-11-16 17:36	BK-20251116-1260	9788954416610	천재들이 만든 수학퍼즐 22 - 본편, 유클리드가 만든 평면도형의 측정	홍선호 (지은이)	자음과모음	2008-08-31	142	kor	자연과학	수학	수학	410	https://image.aladin.co.kr/product/274/73/cover500/8954416616_1.jpg					Owned	26-10-04 20:16	2026-10-4 19:19	
2025-11-16 17:36	BK-20251116-1261	9788954416764	천재들이 만든 수학퍼즐 35 - 본편, 탈레스가 만든 합동과 닮음	채병하 (지은이)	자음과모음	2009-10-09	136	kor	자연과학	수학	수학	410	https://image.aladin.co.kr/product/478/22/cover500/8954416764_1.jpg	/NL/contents/search.do#viewKey=104874354&viewType=AH1				Owned	26-10-04 20:16	2026-10-4 19:19	
2025-11-16 17:36	BK-20251116-1262	9788954416627	천재들이 만든 수학퍼즐 21 - 본편, 탈레스가 만든 성냥개비 퍼즐	서해준 (지은이)	자음과모음	2008-08-29	159	kor	자연과학	수학	수학	410	https://image.aladin.co.kr/product/268/7/cover500/8954416624_1.jpg					Owned	26-10-04 20:16	2026-10-4 19:19	
2025-11-16 18:56	BK-20251116-1263	9788954416580	천재들이 만든 수학퍼즐 8 - 본편, 피타고라스가 만든 규칙 찾기	홍선호 (지은이)	자음과모음	2008-01-23	176	kor	자연과학	수학	수학	410	https://image.aladin.co.kr/product/170/9/cover500/8954416586_1.jpg	/NL/contents/search.do#viewKey=101142711&viewType=AH1				Owned	26-10-04 20:16	2026-10-4 19:19	
2025-11-16 18:56	BK-20251116-1264	9788954415569	파스칼이 들려주는 경우의 수 이야기	정연숙 (지은이)	자음과모음	2008-05-15	186	kor	자연과학	수학	수학	410	https://image.aladin.co.kr/product/215/25/cover500/8954415563_1.jpg	/NL/contents/search.do#viewKey=92005798&viewType=AH1				Owned	26-10-04 20:16	2026-10-4 19:19	
2025-11-16 18:56	BK-20251116-1265	9788954415897	카르다노가 들려주는 확률 2 이야기	김하얀 (지은이)	자음과모음	2008-12-12	224	kor	자연과학	수학	수학	410	https://image.aladin.co.kr/product/293/18/cover500/895441589x_1.jpg	/NL/contents/search.do#viewKey=101142946&viewType=AH1				Owned	26-10-04 20:16	2026-10-4 19:19	
2025-11-16 18:56	BK-20251116-1266	9788954415613	카르다노가 들려주는 확률 1 이야기	김하얀 (지은이)	자음과모음	2008-06-17	216	kor	자연과학	수학	수학	410	https://image.aladin.co.kr/product/226/44/cover500/895441561x_2.jpg	/NL/contents/search.do#viewKey=101142922&viewType=AH1				Owned	26-10-04 20:16	2026-10-4 19:19	
2025-11-16 18:57	BK-20251116-1267	9788954415798	페르마가 들려주는 약수와 배수 2 이야기	김화영 (지은이)	자음과모음	2008-07-31	152	kor	자연과학	수학	수학	410	https://image.aladin.co.kr/product/243/76/cover500/8954415792_1.jpg	/NL/contents/search.do#viewKey=177451561&viewType=AH1				Owned	26-10-04 20:16	2026-10-4 19:19	
2025-11-16 18:57	BK-20251116-1268	9788954415750	에우독소스가 들려주는 비 이야기	김승태 (지은이)	자음과모음	2008-06-03	207	kor	자연과학	수학	수학	410	https://image.aladin.co.kr/product/223/40/cover500/895441575x_1.jpg	/NL/contents/search.do#viewKey=92005789&viewType=AH1				Owned	26-10-04 20:16	2026-10-4 19:19	
2025-11-16 18:57	BK-20251116-1269	9788954415460	페르마가 들려주는 약수와 배수 1 이야기	김화영 (지은이)	자음과모음	2007-12-17	164	kor	자연과학	수학	수학	410	https://image.aladin.co.kr/product/102/36/cover500/8954415466_1.jpg	/NL/contents/search.do#viewKey=92005822&viewType=AH1				Owned	26-10-04 20:16	2026-10-4 19:19	
2025-11-16 19:08	BK-20251116-1270	9788991700079	세계여행 역사여행 - 러시아편, 초등학생이 꼭 가보고 싶은 나라	K&C 기획 (엮은이)	북마인(연림북스)	2005-08-30	159	kor	역사	역사	세계사, 세계문화사	909	https://image.aladin.co.kr/product/58/27/cover500/8991700071_1.jpg					Owned	26-10-04 20:16	2026-10-4 19:19	
2025-11-16 19:09	BK-20251116-1271	9788936445997	우리 겨레는 수학의 달인 - 경주로 떠나는 수학 여행	안소정 (지은이), 최현정 (그림)	창비	2010-02-26	138	kor	자연과학	수학	수학	410	https://image.aladin.co.kr/product/648/23/cover500/8936445995_1.jpg	/NL/contents/search.do#viewKey=108998404&viewType=AH1				Owned	26-10-04 20:16	2026-10-4 19:19	
2025-11-16 19:11	BK-20251116-1272	9791160571196	수학 천재로 만들어 주는 흥미진진한 수학 놀이	마이크 골드스미스 (지은이), 해리엇 러셀 (그림), 이범규 (옮긴이)	사파리	2017-07-20	96	kor	자연과학	수학	수학	410	https://image.aladin.co.kr/product/11409/22/cover500/k962531800_1.jpg	/NL/contents/search.do#viewKey=397121914&viewType=AH1				Owned	26-10-04 20:16	2026-10-4 19:19	
2025-11-16 19:11	BK-20251116-1273	9791155092897	과학자처럼 생각하고 실험하는 과학 놀이	런던 과학 박물관 (지은이), 해리엇 러셀 (그림), 현종오 (옮긴이)	사파리	2016-09-05	96	kor	자연과학	자연과학	지도법, 연구법 및 교육, 교육자료	407	https://image.aladin.co.kr/product/9061/22/cover500/k432535105_1.jpg	/NL/contents/search.do#viewKey=284634945&viewType=AH1				Owned	26-10-04 20:16	2026-10-4 19:19	(400)에서 변경
2025-11-17 0:39	BK-20251117-1274	9791130671024	리버보이 - 전면개정판	팀 보울러 (지은이), 정해영 (옮긴이)	다산책방	2024-05-10	260	kor	문학	영미문학	소설	843	https://image.aladin.co.kr/product/33933/78/cover500/k282930134_1.jpg	/NL/contents/search.do#viewKey=1046795671&viewType=AH1				Owned	26-10-04 20:16	2026-10-4 19:19	
2025-11-17 8:54	BK-20251117-1275	9791195794799	설민석의 한국사 대모험 1 - 특명! 온달을 역사 천재로 만들어라!	설민석, 스토리박스 (지은이), 정현희 (그림), 태건 역사 연구소 (감수)	아이휴먼	2017-01-23	212	kor	역사	아시아	한국	911	https://image.aladin.co.kr/product/10016/32/cover500/k512536564_2.jpg	/NL/contents/search.do#viewKey=363501731&viewType=AH1				Owned	26-10-04 20:16	2026-10-4 19:19	
2025-11-17 8:55	BK-20251117-1276	9791196025809	설민석의 한국사 대모험 2 - 설쌤의 라이벌, 황대감의 등장!	설민석, 스토리박스 (지은이), 정현희 (그림), 태건 역사 연구소 (감수)	아이휴먼	2017-03-14	216	kor	역사	아시아	한국	911	https://image.aladin.co.kr/product/10227/84/cover500/k782536886_3.jpg	/NL/contents/search.do#viewKey=363501731&viewType=AH1				Owned	26-10-04 20:16	2026-10-4 19:19	
2025-11-17 8:55	BK-20251117-1277	9791196025847	설민석의 한국사 대모험 3 - 온달, 왕의 시험에 대비하라!	설민석, 스토리박스 (지은이), 정현희 (그림), 태건 역사 연구소 (감수)	아이휴먼	2017-05-26	212	kor	역사	아시아	한국	911	https://image.aladin.co.kr/product/10780/17/cover500/k342530155_2.jpg	/NL/contents/search.do#viewKey=363501731&viewType=AH1				Owned	26-10-04 20:16	2026-10-4 19:19	
2025-11-17 8:55	BK-20251117-1278	9791196025861	설민석의 한국사 대모험 4 - 선사시대 편 : 본격 부마 결정전, 온달 대 공갈!	설민석, 스토리박스 (지은이), 정현희 (그림), 태건 역사 연구소 (감수)	아이휴먼	2017-09-04	212	kor	역사	아시아	한국	911	https://image.aladin.co.kr/product/11599/42/cover500/k962531918_1.jpg	/NL/contents/search.do#viewKey=363501731&viewType=AH1				Owned	26-10-04 20:16	2026-10-4 19:19	
2025-11-17 8:56	BK-20251117-1279	9791196232160	설민석의 한국사 대모험 5 - 조선시대 편 : 온달이 아빠는 너무 바빠요!	설민석, 스토리박스 (지은이), 정현희 (그림), 태건 역사 연구소 (감수)	아이휴먼	2017-12-15	204	kor	역사	아시아	한국	911	https://image.aladin.co.kr/product/12455/35/cover500/k282532761_1.jpg	/NL/contents/search.do#viewKey=363501731&viewType=AH1				Owned	26-10-04 20:16	2026-10-4 19:19	
2025-11-17 8:56	BK-20251117-1280	9791188874088	설민석의 한국사 대모험 6 - 역사 속 라이벌 편 : 설쌤과 황 대감, 화해 대작전!	설민석, 스토리박스 (지은이), 정현희 (그림), 태건 역사 연구소 (감수)	아이휴먼	2018-04-20	212	kor	역사	아시아	한국	911	https://image.aladin.co.kr/product/13814/13/cover500/k622532024_1.jpg	/NL/contents/search.do#viewKey=363501731&viewType=AH1				Owned	26-10-04 20:16	2026-10-4 19:19	
2025-11-17 8:56	BK-20251117-1281	9791188874149	설민석의 한국사 대모험 7 - 지덕체 편 : 온달, 삼족오의 방울을 울려라!	설민석, 스토리박스 (지은이), 정현희 (그림), 태건 역사 연구소 (감수)	아이휴먼	2018-07-16	204	kor	역사	아시아	한국	911	https://image.aladin.co.kr/product/14923/28/cover500/s232533665_1.jpg	/NL/contents/search.do#viewKey=363501731&viewType=AH1				Owned	26-10-04 20:16	2026-10-4 19:19	
2025-11-17 8:56	BK-20251117-1282	9791188874217	설민석의 한국사 대모험 8 - 위기 극복 편 : 온달, 두 마리 토끼를 잡아라!	설민석, 스토리박스 (지은이), 정현희 (그림), 태건 역사 연구소 (감수)	아이휴먼	2018-10-24	204	kor	역사	아시아	한국	911	https://image.aladin.co.kr/product/16868/13/cover500/k532534979_1.jpg	/NL/contents/search.do#viewKey=363501731&viewType=AH1				Owned	26-10-04 20:16	2026-10-4 19:19	
2025-11-17 8:56	BK-20251117-1283	9791188874262	설민석의 한국사 대모험 9 - 독립운동 편 : 설쌤, 공갈이를 구해주세요!	설민석, 스토리박스 (지은이), 정현희 (그림), 태건 역사 연구소 (감수)	아이휴먼	2019-02-22	184	kor	역사	아시아	한국	911	https://image.aladin.co.kr/product/17950/14/cover500/k552534233_2.jpg	/NL/contents/search.do#viewKey=363501731&viewType=AH1				Owned	26-10-04 20:16	2026-10-4 19:19	
2025-11-17 8:56	BK-20251117-1284	9791188874293	설민석의 한국사 대모험 10 - 임시정부 편 : 공갈이는 어디에?	설민석, 스토리박스 (지은이), 정현희 (그림), 태건 역사 연구소 (감수)	아이휴먼	2019-05-07	200	kor	역사	아시아	한국	911	https://image.aladin.co.kr/product/19007/0/cover500/k242635997_1.jpg	/NL/contents/search.do#viewKey=363501731&viewType=AH1				Owned	26-10-04 20:16	2026-10-4 19:19	
2025-11-17 8:57	BK-20251117-1285	9791188874385	설민석의 한국사 대모험 11 - 고구려 편 : 부마 온달, 태학에 들어가다!	설민석, 스토리박스 (지은이), 정현희 (그림), 태건 역사 연구소 (감수)	아이휴먼	2019-08-05	208	kor	역사	아시아	한국	911	https://image.aladin.co.kr/product/20004/68/cover500/k562635045_1.jpg	/NL/contents/search.do#viewKey=363501731&viewType=AH1				Owned	26-10-04 20:16	2026-10-4 19:19	
2025-11-17 8:57	BK-20251117-1286	9791188874460	설민석의 한국사 대모험 12 - 조선의 발명품 편 : 특명! X맨의 정체를 밝혀라!	설민석, 스토리박스 (지은이), 정현희 (그림), 태건 역사 연구소 (감수)	아이휴먼	2019-12-05	212	kor	역사	아시아	한국	911	https://image.aladin.co.kr/product/21613/51/cover500/k122636592_1.jpg	/NL/contents/search.do#viewKey=363501731&viewType=AH1				Owned	26-10-04 20:16	2026-10-4 19:19	
2025-11-17 8:58	BK-20251117-1287	9791165382650	설민석의 한국사 대모험 13 - 역사의 진실 편 : 뒤바뀐 역사를 되돌려라!	설민석, 스토리박스 (지은이), 정현희 (그림), 태건 역사 연구소 (감수)	아이휴먼	2020-03-23	200	kor	역사	아시아	한국	911	https://image.aladin.co.kr/product/23535/70/cover500/k662638920_1.jpg	/NL/contents/search.do#viewKey=363501731&viewType=AH1				Owned	26-10-04 20:16	2026-10-4 19:19	
2025-11-17 8:58	BK-20251117-1288	9791165382674	설민석의 한국사 대모험 14 - 명의 허준 편 : 안녕, 로빈!	설민석, 스토리박스 (지은이), 정현희 (그림), 태건 역사 연구소 (감수)	아이휴먼	2020-07-08	200	kor	역사	아시아	한국	911	https://image.aladin.co.kr/product/24258/33/cover500/k742630570_2.jpg	/NL/contents/search.do#viewKey=363501731&viewType=AH1				Owned	26-10-04 20:16	2026-10-4 19:19	
2025-11-17 8:58	BK-20251117-1289	9788993963113	어린이 외교관 일본에 가다	김용운 (지은이), 김중석 (그림)	뜨인돌어린이	2010-01-08	200	kor	역사	아시아	일본	913	https://image.aladin.co.kr/product/613/49/cover500/8993963118_1.jpg	/NL/contents/search.do#viewKey=107645950&viewType=AH1				Owned	26-10-04 20:16	2026-10-4 19:19	
2025-11-17 9:00	BK-20251117-1290	9788996564089	고대 왕국 백제를 찾아서 : 공주, 부여 편 - 700년의 찬란하고도 슬픈 역사	백제문화기획 (지은이), 이상규 (그림)	아카넷주니어	2011-10-11	155	kor	역사	아시아	한국	911.03	https://image.aladin.co.kr/product/1338/30/cover500/8996564087_1.jpg	/NL/contents/search.do#viewKey=140803772&viewType=AH1				Owned	26-10-04 20:16	2026-10-4 19:19	
2025-11-17 9:02	BK-20251117-1291	9788972232537	교실 밖의 한국사 1 - 우리 역사의 시작, 솔이와 함께하는 논술탐구	이근호 (지은이), 신재명, 박유진, 김미영 (그림)	청솔	2005-07-25	91	kor	역사	아시아	한국	911	https://image.aladin.co.kr/product/57/65/cover500/897223253x_1.jpg					Owned	26-10-04 20:16	2026-10-4 19:19	
2025-11-17 9:03	BK-20251117-1292	9788972232551	교실 밖의 한국사 2 - 사국의 발전, 솔이와 함께하는 논술탐구	이근호 (지은이), 신재명, 박유진, 김미영 (그림)	청솔	2005-07-25	140	kor	역사	아시아	한국	911	https://image.aladin.co.kr/product/57/72/cover500/6000155382_1.jpg					Owned	26-10-04 20:16	2026-10-4 19:19	
2025-11-17 9:06	BK-20251117-1293	9788972232568	교실 밖의 한국사 3 - 솔이와 함께하는 논술탐구	이근호 (지은이), 신재명, 박유진, 김미영 (그림)	청솔	2005-10-30	133	kor	역사	아시아	한국	911	https://image.aladin.co.kr/product/59/38/cover500/8972232564_1.jpg					Owned	26-10-04 20:16	2026-10-4 19:19	
2025-11-17 9:06	BK-20251117-1294	9788972232605	교실 밖의 한국사 4 - 고려의 건국과 발전, 솔이와 함께하는 논술탐구	이근호 (지은이), 신재명, 박유진, 김미영 (그림)	청솔	2005-10-30	138	kor	역사	아시아	한국	911	https://image.aladin.co.kr/product/66/12/cover500/8972232602_1.jpg					Owned	26-10-04 20:16	2026-10-4 19:19	
2025-11-17 9:14	BK-20251117-1295	9788955617672	갈매기에게 나는 법을 가르쳐준 고양이	루이스 세풀베다 (지은이), 이억배 (그림), 유왕무 (옮긴이)	바다출판사	2015-04-15	163	kor	문학	스페인 및 포르투갈문학	소설	873	https://image.aladin.co.kr/product/5880/56/cover500/8955617674_1.jpg	/NL/contents/search.do#viewKey=254455416&viewType=AH1				Owned	26-10-04 20:16	2026-10-4 19:19	
2025-11-17 9:22	BK-20251117-1296	9788934913849	21세기 먼나라 이웃나라 1 - 네덜란드	이원복 (지은이)	김영사	2000-01-05	294	kor	역사	역사	세계사, 세계문화사	909	https://image.aladin.co.kr/product/44/89/cover500/8934913843_1.gif					Owned	26-10-04 20:16	2026-10-4 19:19	
2025-11-17 9:23	BK-20251117-1297	9788934913856	21세기 먼나라 이웃나라 2 - 프랑스	이원복 (지은이)	김영사	2000-01-05	286	kor	역사	역사	세계사, 세계문화사	909	https://image.aladin.co.kr/product/44/89/cover500/8934913851_2.jpg					Owned	26-10-04 20:16	2026-10-4 19:19	
2025-11-17 9:23	BK-20251117-1298	9788934913863	21세기 먼나라 이웃나라 3 - 도이칠란트	이원복 (지은이)	김영사	2000-01-05	270	kor	역사	역사	세계사, 세계문화사	909	https://image.aladin.co.kr/product/44/89/cover500/893491386x_2.jpg					Owned	26-10-04 20:16	2026-10-4 19:19	
2025-11-17 9:23	BK-20251117-1299	9788934913870	21세기 먼나라 이웃나라 4 - 영국	이원복 (지은이)	김영사	2000-01-05	285	kor	역사	역사	세계사, 세계문화사	909	https://image.aladin.co.kr/product/44/89/cover500/8934913878_2.jpg					Owned	26-10-04 20:16	2026-10-4 19:19	
2025-11-17 9:23	BK-20251117-1300	9788934913887	21세기 먼나라 이웃나라 5 - 스위스	이원복 (지은이)	김영사	2000-01-05	273	kor	역사	역사	세계사, 세계문화사	909	https://image.aladin.co.kr/product/44/89/cover500/8934913886_2.jpg					Owned	26-10-04 20:16	2026-10-4 19:19	
2025-11-17 9:23	BK-20251117-1301	9788934913894	21세기 먼나라 이웃나라 6 - 이탈리아	이원복 (지은이)	김영사	2000-01-05	262	kor	역사	역사	세계사, 세계문화사	909	https://image.aladin.co.kr/product/44/89/cover500/8934913894_2.jpg					Owned	26-10-04 20:16	2026-10-4 19:19	
2025-11-17 9:23	BK-20251117-1302	9788934913900	21세기 먼나라 이웃나라 7 - 일본 1 : 일본인 편	이원복 (지은이)	김영사	2000-01-05	265	kor	역사	역사	세계사, 세계문화사	909	https://image.aladin.co.kr/product/44/89/cover500/8934913908_1.gif					Owned	26-10-04 20:16	2026-10-4 19:19	
2025-11-17 9:24	BK-20251117-1303	9788934913917	21세기 먼나라 이웃나라 8 - 일본 2 : 역사 편	이원복 (지은이)	김영사	2000-01-05	268	kor	역사	역사	세계사, 세계문화사	909	https://image.aladin.co.kr/product/44/89/cover500/8934913916_2.jpg					Owned	26-10-04 20:16	2026-10-4 19:19	
2025-11-17 9:24	BK-20251117-1304	9788934913924	21세기 먼나라 이웃나라 9 - 우리나라	이원복 (지은이)	김영사	2000-01-05	258	kor	역사	역사	세계사, 세계문화사	909	https://image.aladin.co.kr/product/44/89/cover500/8934913924_1.gif					Owned	26-10-04 20:16	2026-10-4 19:19	
2025-11-17 9:24	BK-20251117-1305	9788934915058	21세기 먼나라 이웃나라 10 - 미국 : 미국인 편	이원복 (지은이)	김영사	2004-07-26	256	kor	역사	역사	세계사, 세계문화사	909	https://image.aladin.co.kr/product/50/41/cover500/8934915056_1.gif					Owned	26-10-04 20:16	2026-10-4 19:19	
2025-11-17 9:24	BK-20251117-1306	9788934915065	21세기 먼나라 이웃나라 11 - 미국 : 미국역사 편	이원복 (지은이)	김영사	2004-07-26	256	kor	역사	역사	세계사, 세계문화사	909	https://image.aladin.co.kr/product/50/41/cover500/8934915064_3.jpg					Owned	26-10-04 20:16	2026-10-4 19:19	
2025-11-17 10:03	BK-20251117-1307	9791130660837	한눈에 펼쳐 보는 한국사 대 세계사 1~5 세트 - 전5권	강응천, 김덕련, 김형규, 백성현 (지은이), 문사철 (기획)	다산에듀	2024-12-02	1008	kor	역사	역사	세계사, 세계문화사	909	https://image.aladin.co.kr/product/35398/87/cover500/k262035013_1.jpg					Owned	26-10-04 20:16	2026-10-4 19:19	
2025-11-17 10:14	BK-20251117-1308	KMO198606670	누구를 위하여 종은 울리나	헤밍웨이 지음;김병철 옮김	汎友社	1986-01-01	579	kor	문학	영미문학	소설	843		/NL/contents/search.do#viewKey=152792&viewType=AH1				Owned	26-10-04 20:16	2026-10-4 19:19	(808)에서 재분류
2025-11-17 10:16	BK-20251117-1309	KMO000036122	에덴의 동쪽	존 스타인벡 著;李珹鎬 옮김	汎友社	1983-01-01	791	kor	문학	영미문학	소설	843.5	https://cover.nl.go.kr/kolis_on/2008/CNTS-00047805991_thumbnail.jpg	/NL/contents/search.do#viewKey=36041&viewType=AH1				Owned	26-10-04 20:16	2026-10-4 19:19	(3917)에서 재분류
2025-11-17 10:17	BK-20251117-1310	KMO198405149	제인 에어	C. 브론테 著;배영원 譯	汎友社	1984-01-01	678	kor	문학	영미문학	소설	843		/NL/contents/search.do#viewKey=133189&viewType=AH1				Owned	26-10-04 20:16	2026-10-4 19:19	
2025-11-17 10:23	BK-20251117-1311	KMO198309510	파리大王	윌리엄 골딩 지음;김만행 옮김	普盛出版社	1983-01-01	296	kor	문학	영미문학	소설	843	https://cover.nl.go.kr/kolis_on/2018/CNTS-00095240230_thumbnail.jpg	/NL/contents/search.do#viewKey=126886&viewType=AH1				Owned	26-10-04 20:16	2026-10-4 19:19	(3917)에서 재분류
2025-11-17 10:32	BK-20251117-1312	KMO199003702	지구를 색칠하는 페인트공	양귀자 지음	살림	1989-01-01	285	kor	문학	한국문학	소설	813.6	https://cover.nl.go.kr/kolis_on/2015/CNTS-00075096643_thumbnail.jpg	/NL/contents/search.do#viewKey=197302&viewType=AH1				Owned	26-10-04 20:16	2026-10-4 19:19	
2025-11-17 16:56	BK-20251117-1313	9791190147781	고정욱 삼국지 1 : 일어서는 영웅들 - 주석으로 쉽게 읽는	고정욱 (엮은이)	애플북스	2022-01-07	244	kor	문학	중국문학	소설	823.5	https://image.aladin.co.kr/product/28540/66/cover500/k402835232_1.jpg	/NL/contents/search.do#viewKey=823249020&viewType=AH1				Owned	26-10-04 20:16	2026-10-4 19:19	
2025-11-17 16:57	BK-20251117-1314	9791161720081	곤니치와, 일본 - 호기심 많은 아이를 위한 문화 여행	조피아 파미야노프스카-미칙 (지은이), 요안나 그로호츠카 (그림), 이지원 (옮긴이)	풀빛	2017-08-25	160	kor	역사	지리	지리	980.2	https://image.aladin.co.kr/product/11521/57/cover500/k682531406_1.jpg	/NL/contents/search.do#viewKey=456137791&viewType=AH1				Owned	26-10-04 20:16	2026-10-4 19:19	
2025-11-17 16:57	BK-20251117-1315	9791160560510	열두 발자국 - 생각의 모험으로 지성의 숲으로 지도 밖의 세계로 이끄는 열두 번의 강의	정재승 (지은이)	어크로스	2018-07-02	400	kor	자연과학	자연과학	강연집, 수필집, 연설문집	404	https://image.aladin.co.kr/product/15072/28/cover500/k072533160_2.jpg	/NL/contents/search.do#viewKey=511887209&viewType=AH1				Owned	26-10-04 20:16	2026-10-4 19:19	
2025-11-17 16:58	BK-20251117-1316	9788992161824	광고는 왜 10대를 좋아할까? - 10대를 똑똑한 소비자로 만드는 광고의 모든 것	샤리 그레이든 (지은이), 미셸 라모로 (그림), 김루시아 (옮긴이)	오유아이	2014-07-20	172	kor	사회과학	경제학	경영	325	https://image.aladin.co.kr/product/4350/79/cover500/8992161824_1.jpg	/NL/contents/search.do#viewKey=218143477&viewType=AH1				Owned	26-10-04 20:16	2026-10-4 19:19	
2025-11-17 16:58	BK-20251117-1317	9791160944532	중국, 세계 1위를 꿈꾸다!	강창훈 (지은이), 고세인 (그림)	사계절	2019-03-25	128	kor	사회과학	사회과학	사회·문화 사정	309	https://image.aladin.co.kr/product/18789/34/cover500/k162635477_1.jpg	/NL/contents/search.do#viewKey=571979325&viewType=AH1				Owned	26-10-04 20:16	2026-10-4 19:19	
2025-11-17 16:58	BK-20251117-1318	9791195718832	나쁜 어린이 표	황선미 (지은이), 이형진 (그림), 서울초등국어교과교육연구회 (도움글)	이마주	2017-02-10	88	kor	문학	한국문학	소설	813.7	https://image.aladin.co.kr/product/10234/74/cover500/k122536981_1.jpg	/NL/contents/search.do#viewKey=364400317&viewType=AH1				Owned	26-10-04 20:16	2026-10-4 19:19	
2025-11-17 16:59	BK-20251117-1319	9788997962129	망원동 브라더스 - 2013년 제9회 세계문학상 우수상 수상작	김호연 (지은이)	나무옆의자	2013-07-10	344	kor	문학	한국문학	소설	813.7	https://image.aladin.co.kr/product/2814/50/cover500/8997962124_1.jpg	/NL/contents/search.do#viewKey=177055439&viewType=AH1				Owned	26-10-04 20:16	2026-10-4 19:19	
2025-11-17 16:59	BK-20251117-1320	9788984313149	암행어사 박문수	박현숙 (글), 윤정주 (그림)	한겨레아이들	2009-02-27	111	kor	사회과학	풍습, 예절, 민속학	민속학	388	https://image.aladin.co.kr/product/337/64/cover500/8984313149_1.jpg	/NL/contents/search.do#viewKey=97726424&viewType=AH1				Owned	26-10-04 20:16	2026-10-4 19:19	
2025-11-17 17:00	BK-20251117-1321	9788956894751	박문수전	이효성 (지은이), 김승연 (그림)	꿈소담이	2010-09-10	192	kor	문학	한국문학	소설	813.5	https://image.aladin.co.kr/product/783/73/cover500/8956894752_3.jpg	/NL/contents/search.do#viewKey=177149753&viewType=AH1				Owned	26-10-04 20:16	2026-10-4 19:19	
2025-11-17 17:00	BK-20251117-1322	9788961553650	양파의 왕따 일기 2	문선이 (지은이), 박철민 (그림)	파랑새	2012-06-10	170	kor	문학	한국문학	소설	813.7	https://image.aladin.co.kr/product/1751/85/cover500/8961553658_1.jpg	/NL/contents/search.do#viewKey=152200733&viewType=AH1				Owned	26-10-04 20:16	2026-10-4 19:19	
2025-11-17 17:02	BK-20251117-1323	9791188717033	우리가 꼭 알아야 할 판결 - 시민의 편에서 약자의 손을 잡아 준 판결 12, 개정판	홍경의 (지은이), 문신기 (그림), 차병직 (감수)	나무야	2018-10-30	160	kor	사회과학	법률, 법학	법률, 법학	360.1	https://image.aladin.co.kr/product/17191/65/cover500/k522534895_1.jpg					Owned	26-10-04 20:16	2026-10-4 19:19	
2025-11-17 17:02	BK-20251117-1324	9791168417564	10대를 위한 돈으로 살 수 없는 것들 - 한국출판문화 진흥재단 2024년 상반기 올해의 청소년 교양도서 추천도서 선정	마이클 샌델 (원작), 이현희 (글), 김선욱 (감수)	미래엔아이세움	2023-12-20	180	kor	사회과학	경제학	경제학	320	https://image.aladin.co.kr/product/33068/55/cover500/k632937390_1.jpg	/NL/contents/search.do#viewKey=988856545&viewType=AH1				Owned	26-10-04 20:16	2026-10-4 19:19	
2025-11-17 17:03	BK-20251117-1325	9788972232278	열하일기	박지원 (지은이), 성나미 (엮은이), 최수웅 (그림)	청솔	2003-07-03	195	kor	문학	한국문학	일기, 서간, 기행	816.5	https://image.aladin.co.kr/product/42/25/cover500/8972232270_2.jpg	/NL/contents/search.do#viewKey=92070412&viewType=AH1				Owned	26-10-04 20:16	2026-10-4 19:19	
2025-11-17 17:03	BK-20251117-1326	9788956894614	봉이 김선달	강용숙 (지은이), 계창훈 (그림)	꿈소담이	2008-04-10	184	kor	문학	한국문학	소설	813.5	https://image.aladin.co.kr/product/198/96/cover500/8956894612_1.jpg	/NL/contents/search.do#viewKey=88590860&viewType=AH1				Owned	26-10-04 20:16	2026-10-4 19:19	
2025-11-17 17:03	BK-20251117-1327	9791191836219	아홉 살에 시작하는 똑똑한 초등신문 - 초등학생이 꼭 알아야 하는 최신 뉴스	신효원 (지은이)	책장속북스	2023-05-05	243	kor	언어	한국어	독본, 해석, 회화	717	https://image.aladin.co.kr/product/31486/32/cover500/k872832135_1.jpg	/NL/contents/search.do#viewKey=975077434&viewType=AH1				Owned	26-10-04 20:16	2026-10-4 19:19	
2025-11-17 17:04	BK-20251117-1328	9791155680964	책임지는 용기, 징비록 - 유성룡	최지운 (글), 조윤주 (그림)	상상의집	2015-03-10	160	kor	역사	아시아	한국	911.05	https://image.aladin.co.kr/product/5483/83/cover500/6000822182_1.jpg	/NL/contents/search.do#viewKey=240234446&viewType=AH1				Owned	26-10-04 20:16	2026-10-4 19:19	
2025-11-17 17:04	BK-20251117-1329	9791160407624	조선의 여걸 박씨부인	정출헌 (지은이), 조혜란 (그림)	한겨레아이들	2022-01-10	109	kor	문학	한국문학	소설	813.5	https://image.aladin.co.kr/product/28825/89/cover500/k052836593_1.jpg					Owned	26-10-04 20:16	2026-10-4 19:19	
2025-11-17 17:06	BK-20251117-1330	9788934979593	퓰리처 선생님네 방송반 - 언론	전현정 (지은이), 박정섭 (그림), 김재중	주니어김영사	2017-11-21	160	kor	사회과학	사회과학	총서, 전집, 선집	308	https://image.aladin.co.kr/product/12417/83/cover500/8934979593_1.jpg	/NL/contents/search.do#viewKey=876449079&viewType=AH1				Owned	26-10-04 20:16	2026-10-4 19:19	
2025-11-17 17:14	BK-20251117-1331	9788971848265	죄와 벌	표도르 도스토옙스키 (지은이), 이규환 (옮긴이)	푸른숲주니어	2009-12-21	356	kor	문학	기타 제문학	인도-유럽계문학	892.8	https://image.aladin.co.kr/product/602/97/cover500/897184826x_2.jpg	/NL/contents/search.do#viewKey=107858389&viewType=AH1				Owned	26-10-04 20:16	2026-10-4 19:19	
2025-11-17 23:02	BK-20251117-1332	9791190267182	한눈에 쏙 세계사 1 - 인류의 탄생과 고대 문명	김일옥 (지은이), 이은열 (그림), 박소연, 손은혜 (감수)	열다	2019-11-04	144	kor	역사	역사	세계사, 세계문화사	909	https://image.aladin.co.kr/product/21441/3/cover500/k282636190_2.jpg	/NL/contents/search.do#viewKey=634988064&viewType=AH1				Owned	26-10-04 20:16	2026-10-4 19:19	
2025-11-17 23:02	BK-20251117-1333	9791190267366	한눈에 쏙 세계사 7 - 혁명의 시대	신현수 (지은이), 이은열 (그림), 박소연, 손은혜 (감수)	열다	2020-01-02	156	kor	역사	역사	세계사, 세계문화사	909	https://image.aladin.co.kr/product/22506/76/cover500/k972636730_1.jpg	/NL/contents/search.do#viewKey=634988064&viewType=AH1				Owned	26-10-04 20:16	2026-10-4 19:19	
2025-11-17 23:07	BK-20251117-1334	9791186256183	어린이를 위한 하룻밤에 읽는 한국사 1 (특별판) - 우리 역사의 시작부터 남북국시대까지	최용범, 이우형 (지은이), 박기종 (그림)	페이퍼로드	2016-08-11	176	kor	역사	아시아	한국	911	https://image.aladin.co.kr/product/25455/86/cover500/k312633614_1.jpg					Owned	26-10-04 20:16	2026-10-4 19:19	
2025-11-17 23:08	BK-20251117-1335	9791186256190	어린이를 위한 하룻밤에 읽는 한국사 2 (특별판) - 고려 시대에서 조선 시대까지	최용범, 이우형 (지은이), 박기종 (그림)	페이퍼로드	2016-08-11	184	kor	역사	아시아	한국	911	https://image.aladin.co.kr/product/25455/84/cover500/k372633614_1.jpg					Owned	26-10-04 20:16	2026-10-4 19:19	
2025-11-17 23:08	BK-20251117-1336	9791186256206	어린이를 위한 하룻밤에 읽는 한국사 3 (특별판) - 근현대편 : 개화기에서 대한민국까지	최용범, 이우형 (지은이), 박기종 (그림)	페이퍼로드	2016-08-11	176	kor	역사	아시아	한국	911	https://image.aladin.co.kr/product/25455/96/cover500/k532633614_1.jpg					Owned	26-10-04 20:16	2026-10-4 19:19	
2025-11-17 23:08	BK-20251117-1337	9788950943011	벌거벗은 한국사 3 - 조선의 명문 대학 성균관	이선영 (글), 이효실 (그림), 이상무 (감수), tvN STORY &lt;벌거벗은 한국사&gt; 제작진 (기획)	아울북	2023-07-19	136	kor	역사	아시아	한국	911	https://image.aladin.co.kr/product/32089/72/cover500/8950943018_1.jpg	/NL/contents/search.do#viewKey=927513255&viewType=AH1				Owned	26-10-04 20:16	2026-10-4 19:19	
2025-11-17 23:08	BK-20251117-1338	9788950943004	벌거벗은 한국사 2 - 성종의 유교 정책과 연산군의 폭정	박선주 (글), 이효실 (그림), 김지영, 송웅섭 (감수), tvN STORY 〈벌거벗은 한국사〉 제작팀 (기획)	아울북	2023-04-26	136	kor	역사	아시아	한국	911	https://image.aladin.co.kr/product/31566/47/cover500/895094300x_1.jpg	/NL/contents/search.do#viewKey=927513255&viewType=AH1				Owned	26-10-04 20:16	2026-10-4 19:19	
2025-11-17 23:09	BK-20251117-1339	9788950942991	벌거벗은 한국사 1 - 태조 이성계와 태종 이방원의 조선 건국	윤진숙 (글), 이효실 (그림), 김경수 (감수), tvN STORY 〈벌거벗은 한국사〉 제작팀 (기획)	아울북	2023-02-06	136	kor	역사	아시아	한국	911	https://image.aladin.co.kr/product/31017/19/cover500/8950942992_1.jpg	/NL/contents/search.do#viewKey=927513255&viewType=AH1				Owned	26-10-04 20:16	2026-10-4 19:19	
2025-11-18 13:41	BK-20251118-1340	9780844257792	Ntc's Dictionary of Everyday American English Expressions (Paperback)	Richard A. Spears (지은이)	McGraw-Hill	1995-02-01	432	eng	언어	영어	영어	740	https://image.aladin.co.kr/product/18/89/cover500/0844257796_2.jpg					Owned	26-10-04 20:16	2026-10-4 19:19	
2025-11-19 14:59	BK-20251119-1341	9791163633228	배울수록 더 강해지는 인공 지능 - 인공 지능이 사람보다 더 똑똑해질까?	김다해 (지은이), 이현정 (그림)	뭉치	2021-01-02	138	kor	총류	총류	컴퓨터과학	004.7	https://image.aladin.co.kr/product/26248/13/cover500/k762738480_2.jpg	/NL/contents/search.do#viewKey=754708486&viewType=AH1				Owned	26-10-04 20:16	2026-10-4 19:19	
2025-11-19 14:59	BK-20251119-1342	9788997943432	친구 대장 나가신다!	이경순 (지은이), 서희주 (그림)	생각하는책상	2016-09-29	136	kor	사회과학	교육학	유아 및 초등 교육	375.2	https://image.aladin.co.kr/product/9470/41/cover500/899794343x_1.jpg	/NL/contents/search.do#viewKey=333827653&viewType=AH1				Owned	26-10-04 20:16	2026-10-4 19:19	
2025-11-19 14:59	BK-20251119-1343	9788990611123	그런데요, 생태계가 뭐예요?	김성화, 권수진 (글), 조위라 (그림)	토토북	2004-02-25	160	kor	자연과학	생명과학	생물학	472.5	https://image.aladin.co.kr/product/47/8/cover500/8990611121_2.jpg	/NL/contents/search.do#viewKey=CNTS-00030658399&viewType=C				Owned	26-10-04 20:16	2026-10-4 19:19	
2025-11-19 15:00	BK-20251119-1344	9788957368503	이곳저곳 우리 동네 지도 대장 나기호가 간다! - 마을과 지도	김평 (지은이), 정지윤 (그림), 유호진 (감수)	가나출판사	2016-10-10	64	kor	자연과학	천문학	측지학	446	https://image.aladin.co.kr/product/9444/32/cover500/8957368507_1.jpg	/NL/contents/search.do#viewKey=352533355&viewType=AH1				Owned	26-10-04 20:16	2026-10-4 19:19	
2025-11-19 15:00	BK-20251119-1345	9791190337410	이상하지도 아프지도 않은 아이 - 장애인권 이야기	김예원 (지은이), 정진희 (그림)	우리학교	2020-07-27	144	kor	사회과학	정치학	국가와 개인 및 집단	342	https://image.aladin.co.kr/product/24742/13/cover500/k942631614_1.jpg	/NL/contents/search.do#viewKey=707305398&viewType=AH1				Owned	26-10-04 20:16	2026-10-4 19:19	
2025-11-19 15:00	BK-20251119-1346	9788962681680	지도로 볼 수 없는 우리 땅을 알려 줄게	홍민정 (지은이), 안녕달 (그림), 진종헌 (감수)	해와나무	2017-11-30	128	kor	역사	지리	아시아지리	981.1	https://image.aladin.co.kr/product/12247/79/cover500/8962681684_1.jpg	/NL/contents/search.do#viewKey=476889841&viewType=AH1				Owned	26-10-04 20:16	2026-10-4 19:19	
2025-11-19 15:00	BK-20251119-1347	9788998537227	말과 글에도 주인이 있어요!!	장보람 (지은이), 최해영 (그림)	팜파스	2013-09-20	120	kor	문학	한국문학	소설	813.7	https://image.aladin.co.kr/product/3094/35/cover500/8998537222_1.jpg	/NL/contents/search.do#viewKey=182114913&viewType=AH1				Owned	26-10-04 20:16	2026-10-4 19:19	
2025-11-19 15:10	BK-20251119-1348	9788984312319	한중록	임정진 (지은이), 권문희 (그림)	한겨레아이들	2007-07-05	115	kor	문학	한국문학	소설	813.5	https://image.aladin.co.kr/product/93/82/cover500/8984312312_1.jpg	/NL/contents/search.do#viewKey=72537654&viewType=AH1				Owned	26-10-04 20:16	2026-10-4 19:19	
2025-11-19 15:21	BK-20251119-1349	9788970572529	양파의 왕따 일기	문선이 (지은이), 박철민 (그림)	주니어파랑새(파랑새어린이)	2001-04-09	144	kor	문학	한국문학	소설	813	https://image.aladin.co.kr/product/27/41/cover500/897057252x_2.jpg					Owned	26-10-04 20:16	2026-10-4 19:19	
2025-11-19 15:21	BK-20251119-1350	9788936441623	열평 아이들	원유순 (지은이)	창비	1998-04-03	194	kor	문학	한국문학	소설	813	https://image.aladin.co.kr/product/10/31/cover500/8936441620_1.jpg					Owned	26-10-04 20:16	2026-10-4 19:19	
2025-11-19 15:22	BK-20251119-1351	9791187287155	여기는 따로섬 경제를 배웁니다 - 2017 오픈키드 좋은 어린이책 추천, 한우리 필독서 선정, 2016 으뜸책 선정	원예지 (지은이), 유설화 (그림), 윤기호 (감수)	천개의바람	2016-07-28	120	kor	사회과학	경제학	경제학	320	https://image.aladin.co.kr/product/8828/53/cover500/k292535099_1.jpg	/NL/contents/search.do#viewKey=284514979&viewType=AH1				Owned	26-10-04 20:16	2026-10-4 19:19	
2025-11-19 15:22	BK-20251119-1352	9788971846278	멀쩡한 이유정	유은실 (지은이), 변영미 (그림)	푸른숲주니어	2008-11-25	148	kor	문학	한국문학	소설	813.6	https://image.aladin.co.kr/product/285/9/cover500/8971846275_1.jpg	/NL/contents/search.do#viewKey=94851143&viewType=AH1				Owned	26-10-04 20:16	2026-10-4 19:19	
2025-11-19 15:28	BK-20251119-1353	9788936446376	너구리 판사 퐁퐁이 - 이야기로 배우는 법과 논리, 제16회 창비 ‘좋은 어린이책’ 기획 부문 수상작	신지영, 김대현 (지은이), 이경석 (그림)	창비	2013-10-30	148	kor	사회과학	법률, 법학	법률, 법학	360	https://image.aladin.co.kr/product/3273/88/cover500/8936446371_1.jpg	/NL/contents/search.do#viewKey=194350662&viewType=AH1				Owned	26-10-04 20:16	2026-10-4 19:19	
2025-11-23 18:35	BK-20251123-1354	9788901069616	처음 가진 열쇠 - 웅진푸른교실 8	황선미 (지은이), 신민재 (그림)	웅진주니어	2006-07-05	134	kor	문학	한국문학	소설	813.8	https://image.aladin.co.kr/product/66/88/cover500/890106961x_2.jpg					Owned	26-10-04 20:16	2026-10-4 19:19	
2025-11-23 18:35	BK-20251123-1355	9788901074023	피양랭면집 명옥이 - 웅진 푸른교실 7	원유순 (지은이), 최정인 (그림)	웅진주니어	2005-07-05	116	kor	문학	한국문학	소설	813	https://image.aladin.co.kr/product/57/2/cover500/8901050188_1.jpg					Owned	26-10-04 20:16	2026-10-4 19:19	
2025-11-23 18:35	BK-20251123-1356	9788901074986	소원을 들어주는 선물 - 웅진 푸른교실 6	김선희 (지은이), 이상권 (그림)	웅진주니어	2004-07-05	120	kor	문학	한국문학	소설	813.6	https://image.aladin.co.kr/product/50/24/cover500/8901074982_1.jpg	/NL/contents/search.do#viewKey=80868068&viewType=AH1				Owned	26-10-04 20:16	2026-10-4 19:19	
2025-11-23 18:35	BK-20251123-1357	9788901068596	나쁜 어린이표 - 웅진 푸른교실 1	황선미 (글), 권사우 (그림)	웅진주니어	1999-12-09	93	kor	문학	한국문학	소설	813.8	https://image.aladin.co.kr/product/96/34/cover500/8901068591_2.jpg					Owned	26-10-04 20:16	2026-10-4 19:19	
2025-11-23 18:36	BK-20251123-1358	9788901068701	초대받은 아이들	황선미 (지은이), 김진이 (그림)	웅진주니어	2007-07-13	96	kor	문학	한국문학	소설	813.6	https://image.aladin.co.kr/product/96/62/cover500/8901068702_2.jpg	/NL/contents/search.do#viewKey=75829320&viewType=AH1				Owned	26-10-04 20:16	2026-10-4 19:19	
2025-11-23 18:36	BK-20251123-1359	9788901074368	애벌레가 애벌레를 먹어요 - 웅진 푸른교실 4	이상권 (글), 윤정주 (그림)	웅진주니어	2002-07-10	108	kor	문학	한국문학	소설	813.6	https://image.aladin.co.kr/product/36/55/cover500/8901037904_1.gif	/NL/contents/search.do#viewKey=81179207&viewType=AH1				Owned	26-10-04 20:16	2026-10-4 19:19	
2025-11-23 18:36	BK-20251123-1360	9788901071817	일기 감추는 날 - 웅진 푸른교실 5	황선미 (지은이), 소윤경 (그림)	웅진주니어	2003-07-15	112	kor	문학	한국문학	소설	813.6	https://image.aladin.co.kr/product/42/26/cover500/8901071819_2.jpg	/NL/contents/search.do#viewKey=79866923&viewType=AH1				Owned	26-10-04 20:16	2026-10-4 19:19	
2025-11-23 18:37	BK-20251123-1361	9788901093031	연습학교	김해등 (지은이), 박재철 (그림)	웅진주니어	2009-04-01	104	kor	문학	한국문학	소설	813.6	https://image.aladin.co.kr/product/358/27/cover500/8901093030_1.jpg	/NL/contents/search.do#viewKey=98692388&viewType=AH1				Owned	26-10-04 20:16	2026-10-4 19:19	
2025-11-23 18:37	BK-20251123-1362	9788901107448	오 시큰둥이의 학교생활	송언 (지은이), 최정인 (그림)	웅진주니어	2010-04-23	125	kor	문학	한국문학	소설	813.7	https://image.aladin.co.kr/product/691/18/cover500/8901107449_3.jpg	/NL/contents/search.do#viewKey=109847966&viewType=AH1				Owned	26-10-04 20:16	2026-10-4 19:19	
2025-11-23 18:37	BK-20251123-1363	9788958280798	누구 엉덩이?	김정희 (글), 김유대 (그림)	사계절	2016-10-10	22	kor	사회과학	교육학	유아 및 초등 교육	375.1	https://image.aladin.co.kr/product/9377/34/cover500/8958280794_3.jpg	/NL/contents/search.do#viewKey=353118159&viewType=AH1				Owned	26-10-04 20:16	2026-10-4 19:19	
2025-11-23 18:37	BK-20251123-1364	9788971966761	오줌 멀리싸기 시합	장수경 (지은이), 권사우 (그림)	사계절	2000-05-23	133	kor	문학	한국문학	소설	813.8	https://image.aladin.co.kr/product/23/46/cover500/8971966769_2.jpg					Owned	26-10-04 20:16	2026-10-4 19:19	
2025-11-23 18:38	BK-20251123-1365	9788971965887	내 이름은 나답게	김향이 (지은이), 김종도 (그림)	사계절	1999-05-05	128	kor	문학	한국문학	소설	813.8	https://image.aladin.co.kr/product/19/9/cover500/8971965886_2.jpg					Owned	26-10-04 20:16	2026-10-4 19:19	
2025-11-23 18:38	BK-20251123-1366	9788971967249	동화책을 먹은 바둑이	노경실 (지은이), 신가영, 김명심, 심은숙 (그림)	사계절	2000-10-28	120	kor	문학	한국문학	소설	813	https://image.aladin.co.kr/product/25/60/cover500/8971967242_2.jpg					Owned	26-10-04 20:16	2026-10-4 19:19	
2025-11-23 18:38	BK-20251123-1367	9788958288534	재치가 배꼽 잡는 이야기	조호상 (지은이), 김성민 (그림)	사계절	2015-05-15	104	kor	문학	한국문학	소설	813.5	https://image.aladin.co.kr/product/5992/96/cover500/8958288531_1.jpg	/NL/contents/search.do#viewKey=248905048&viewType=AH1				Owned	26-10-04 20:16	2026-10-4 19:19	
2025-11-23 18:38	BK-20251123-1368	9788971965160	가슴 뭉클한 옛날 이야기	김장성 (지은이), 권문희 (그림)	사계절	1998-09-25	112	kor	문학	한국문학	소설	813.8	https://image.aladin.co.kr/product/0/32/cover500/8971965169_2.jpg					Owned	26-10-04 20:16	2026-10-4 19:19	
2025-11-23 18:39	BK-20251123-1369	9788958285366	나도 편식할 거야	유은실 (지은이), 설은영 (그림)	사계절	2011-02-28	56	kor	문학	한국문학	소설	813.7	https://image.aladin.co.kr/product/976/57/cover500/8958285362_1.jpg	/NL/contents/search.do#viewKey=134127115&viewType=AH1				Owned	26-10-04 20:16	2026-10-4 19:19	
2025-11-23 18:39	BK-20251123-1370	9788958281528	걱정쟁이 열세 살	최나미 (지은이), 정문주 (그림)	사계절	2006-03-23	156	kor	문학	한국문학	소설	813.8	https://image.aladin.co.kr/product/63/32/cover500/8958281529_1.jpg					Owned	26-10-04 20:16	2026-10-4 19:19	
2025-11-23 18:39	BK-20251123-1371	9788958280316	갯벌, 무슨 일이 일어나고 있을까?	이혜영 (지은이), 조광현 (그림)	사계절	2004-09-20	158	kor	자연과학	생명과학	생물학	472	https://image.aladin.co.kr/product/51/67/cover500/895828031x_2.jpg					Owned	26-10-04 20:16	2026-10-4 19:19	
2025-11-23 18:40	BK-20251123-1372	9788958284031	사투리의 맛	류호선 (지은이), 정지윤 (그림)	사계절	2009-10-09	136	kor	문학	한국문학	소설	813.6	https://image.aladin.co.kr/product/470/50/cover500/895828403x_1.jpg	/NL/contents/search.do#viewKey=102455033&viewType=AH1				Owned	26-10-04 20:16	2026-10-4 19:19	
2025-11-23 23:41	BK-20251123-1373	9788958282099	깡딱지	강무홍 (지은이), 이광익 (그림)	사계절	2007-01-25	154	kor	문학	한국문학	소설	813.6	https://image.aladin.co.kr/product/87/90/cover500/8958282096_1.jpg	/NL/contents/search.do#viewKey=66994329&viewType=AH1				Owned	26-10-04 20:16	2026-10-4 19:19	
2025-11-26 17:41	BK-20251126-1374	9788934972464	사피엔스 - 유인원에서 사이보그까지, 인간 역사의 대담하고 위대한 질문	유발 하라리 (지은이), 조현욱 (옮긴이), 이태수 (감수)	김영사	2023-04-01	648	kor	역사	역사	세계사, 세계문화사	909	https://image.aladin.co.kr/product/31424/4/cover500/k482832219_1.jpg	/NL/contents/search.do#viewKey=262273806&viewType=AH1				Owned	26-10-04 20:16	2026-10-4 19:19	
2025-11-26 17:54	BK-20251126-1375	9788966264803	진짜 쉬운 자료 구조와 알고리즘 파이썬 편	제이 웬그로우 (지은이), 심재철 (옮긴이)	인사이트	2025-07-21	536	kor	총류	총류	프로그래밍, 프로그램, 데이터	005.133	https://image.aladin.co.kr/product/36766/34/cover500/8966264808_1.jpg	/NL/contents/search.do#viewKey=1196717451&viewType=AH1				Owned	26-10-04 20:16	2026-10-4 19:19	
2025-11-26 17:54	BK-20251126-1376	9791160501308	프로그래머를 위한 선형대수	히라오카 카즈유키, 호리 겐 (지은이), 이창신 (옮긴이)	길벗	2017-03-10	428	kor	자연과학	수학	대수학	412.85	https://image.aladin.co.kr/product/10423/3/cover500/k032536399_1.jpg	/NL/contents/search.do#viewKey=367304337&viewType=AH1				Owned	26-10-04 20:16	2026-10-4 19:19	
2025-11-27 16:52	BK-20251127-1377	9788934944188	사피엔스 : 그래픽 히스토리 Vol.2 - 문명의 기둥	유발 하라리 (원작), 다니엘 카사나브 (그림), 김명주 (옮긴이), 다비드 반데르묄렝 (각색)	김영사	2021-11-22	256	kor	역사	역사	세계사, 세계문화사	909	https://image.aladin.co.kr/product/28335/55/cover500/8934944188_1.jpg	/NL/contents/search.do#viewKey=741983356&viewType=AH1				Owned	26-10-04 20:16	2026-10-4 19:19	
2025-11-27 16:52	BK-20251127-1378	9788934935735	사피엔스 : 그래픽 히스토리 Vol.3 - 역사의 배후	유발 하라리 (원작), 다니엘 카사나브 (그림), 김명주 (옮긴이), 다비드 반데르묄렝 (각색)	김영사	2024-04-19	276	kor	역사	역사	세계사, 세계문화사	909	https://image.aladin.co.kr/product/33804/6/cover500/8934935731_1.jpg	/NL/contents/search.do#viewKey=741983356&viewType=AH1				Owned	26-10-04 20:16	2026-10-4 19:19	
2025-11-27 18:04	BK-20251127-1379	9788901059488	하늘땅만큼 좋은 이원수 동화나라	이원수 (지은이), 이상권 (그림)	웅진주니어	2006-08-20	73	kor	문학	한국문학	소설	813.6	https://image.aladin.co.kr/product/68/17/cover500/8901059487_1.jpg					Owned	26-10-04 20:16	2026-10-4 19:19	
2025-11-27 18:05	BK-20251127-1380	9788901059495	귀머거리 너구리와 백석 동화나라	백석 (지은이), 이수지 (그림)	웅진주니어	2006-08-20	79	kor	문학	한국문학	소설	813.808	https://image.aladin.co.kr/product/68/17/cover500/8901059495_2.jpg					Owned	26-10-04 20:16	2026-10-4 19:19	
2025-11-27 18:05	BK-20251127-1381	9788901059518	아기소나무와 권정생 동화나라	권정생 (지은이), 이형진 (그림)	웅진주니어	2006-08-20	83	kor	문학	한국문학	소설	813.8	https://image.aladin.co.kr/product/68/17/cover500/8901059517_1.jpg					Owned	26-10-04 20:16	2026-10-4 19:19	
2025-11-27 18:05	BK-20251127-1382	9788901059525	우체통과 이주홍 동화나라	이주홍 (지은이), 김동성 (그림)	웅진주니어	2006-08-20	73	kor	문학	한국문학	소설	813.8	https://image.aladin.co.kr/product/68/17/cover500/8901059525_1.jpg					Owned	26-10-04 20:16	2026-10-4 19:19	
2025-11-27 18:05	BK-20251127-1383	9788901057941	꽃장수와 이태준 동화나라	이태준 (지은이), 윤정주 (그림)	웅진주니어	2006-06-30	81	kor	문학	한국문학	소설	813.808	https://image.aladin.co.kr/product/66/85/cover500/8901057948_1.jpg					Owned	26-10-04 20:16	2026-10-4 19:19	
2025-11-27 18:05	BK-20251127-1384	9788901061719	호랑이 곶감과 마해송 동화나라	마해송 (지은이), 김용철 (그림)	웅진주니어	2006-11-28	87	kor	문학	한국문학	소설	813.6	https://image.aladin.co.kr/product/86/44/cover500/8901061716_1.jpg					Owned	26-10-04 20:16	2026-10-4 19:19	
2025-11-27 18:06	BK-20251127-1385	9788901064192	4월 그믐날 밤과 방정환 동화나라	방정환 (지은이), 한병호 (그림)	웅진주니어	2007-03-12	65	kor	문학	한국문학	소설	813.6	https://image.aladin.co.kr/product/89/45/cover500/8901064197_1.jpg	/NL/contents/search.do#viewKey=70779383&viewType=AH1				Owned	26-10-04 20:16	2026-10-4 19:19	
2025-11-28 13:41	BK-20251128-1386	9780971412996	Story of the World, Vol. 3: History for the Classical Child: Early Modern Times (Paperback)	수잔 와이즈 바우어, S. Wise Bauer (지은이)	Peace Hill Press	2004-04-12	432	eng	역사	역사	세계사, 세계문화사	909	https://image.aladin.co.kr/product/94/52/cover500/0971412995_1.jpg					Owned	26-10-04 20:16	2026-10-4 19:19	
2025-12-2 14:09	BK-20251202-1387	9781524764722	One of Us Is Lying (Paperback) - 『누군가는 거짓말을 하고 있다』원서	캐런 M. 맥매너스 (지은이)	Delacorte Press	2017-05-30	368	eng	문학	영미문학	소설	843	https://image.aladin.co.kr/product/9483/40/cover500/1524764728_2.jpg	/NL/contents/search.do#viewKey=731971938&viewType=AH1				Owned	26-10-04 20:16	2026-10-4 19:19	(813.6)에서 재분류
2025-12-2 22:27	BK-20251202-1388	KMO201928935	(재미있는) 수학여행. 1. 수의 세계	김용운,김용국 지음	김영사	1990-01-01	263	kor	자연과학	수학	수학	410.9		/NL/contents/search.do#viewKey=559881808&viewType=AH1				Owned	26-10-04 20:16	2026-10-4 19:19	
2025-12-2 22:28	BK-20251202-1389	KMO202068794	(재미있는) 물리여행. 2. 빛-전기와 자기-상대성 이론-양자	루이스 엡스타인,폴 휴이트 공저 ;백윤선 옮김	김영사	1988-01-01	271	kor	자연과학	물리학	물리학	420		/NL/contents/search.do#viewKey=634300823&viewType=AH1				Owned	26-10-04 20:16	2026-10-4 19:19	
2026-1-27 12:45	BK-20260127-1390	9791135474545	기하학 세상을 설명하다 - 만물의 기저에 숨어 있는 기하학	조던 엘렌버그 (지은이), 장영재 (옮긴이), 박부성 (감수)	브론스테인	2022-07-13	692	kor	자연과학	수학	기하학	415	https://image.aladin.co.kr/product/29783/45/cover500/k862838503_1.jpg	/NL/contents/search.do#viewKey=864384623&viewType=AH1				Owned	26-10-04 20:16	2026-10-4 19:19	
2026-1-27 12:45	BK-20260127-1391	9780143127536	How Not to Be Wrong: The Power of Mathematical Thinking (Paperback)	조던 엘렌버그 (지은이)	Penguin Books	2015-05-26	480	eng	자연과학	수학	수학	410	https://image.aladin.co.kr/product/4732/1/cover500/0143127535_1.jpg					Owned	26-10-04 20:16	2026-10-4 19:19	
2026-1-31 14:33	BK-20260131-1392	9780547577319	A Long Walk to Water (Paperback) - Based on a True Story	린다 수 박 (지은이)	Sandpiper	2011-10-04	128	eng	문학	영미문학	소설	843	https://image.aladin.co.kr/product/855/80/cover500/9780547577319_1.jpg					Owned	26-10-04 20:16	2026-10-4 19:19	
2026-2-3 18:14	BK-20260203-1393	9791190090018	우리가 빛의 속도로 갈 수 없다면 - 2019 제43회 오늘의 작가상 수상작	김초엽 (지은이)	허블	2019-06-24	344	kor	문학	한국문학	소설	813.7	https://image.aladin.co.kr/product/19359/16/cover500/s722039767_1.jpg	/NL/contents/search.do#viewKey=590148451&viewType=AH1				Owned	26-10-04 20:16	2026-10-4 19:19	
2026-2-4 14:53	BK-20260204-1394	9788952733788	멋진 징조들	닐 게이먼, 테리 프래쳇 (지은이), 이수현 (옮긴이)	시공사	2003-09-30	605	kor	문학	영미문학	소설	843	https://image.aladin.co.kr/product/43/43/cover500/8952733789_2.jpg					Owned	26-10-04 20:16	2026-10-4 19:19	
2026-2-4 14:54	BK-20260204-1395	9788936439743	혼모노	성해나 (지은이)	창비	2025-03-28	368	kor	문학	한국문학	소설	813.7	https://image.aladin.co.kr/product/36101/66/cover500/k152033655_2.jpg	/NL/contents/search.do#viewKey=1155793962&viewType=AH1				Owned	26-10-04 20:16	2026-10-4 19:19	
2026-2-4 14:55	BK-20260204-1396	9780547534268	A Single Shard: A Newbery Award Winner (Paperback)	린다 수 박 (지은이)	Sandpiper	2011-01-10	176	eng	문학	영미문학	소설	843	https://image.aladin.co.kr/product/748/50/cover500/0547534fff_1.jpg					Owned	26-10-04 20:16	2026-10-4 19:19	
2026-2-4 14:56	BK-20260204-1397	9780375762581	Word Smart Junior II, 2nd Edition (Paperback) - More Straight-A Vocabulary	C. L. 브랜틀리, Cynthia Johnson (지은이)	Princeton Review	2002-08-01	368	eng	언어	영어	어휘	744	https://image.aladin.co.kr/product/40/0/cover500/0375762582_2.jpg					Owned	26-10-04 20:16	2026-10-4 19:19	
2026-2-5 10:14	BK-20260205-1398	9781484712375	Percy Jackson's Greek Gods (Paperback)	릭 라이어던 (지은이), 존 로코 (그림)	Disney Pr	2016-02-23	416	eng	문학	영미문학	소설	843	https://image.aladin.co.kr/product/6177/79/cover500/1484712374_2.jpg					Owned	26-10-04 20:16	2026-10-4 19:19	
2026-2-24 0:37	BK-20260224-1399	9788960003125	고품격 영어상식 칼럼 100	이윤재 (지은이)	넥서스	2007-10-05	352	kor	언어	영어	영어	740	https://image.aladin.co.kr/product/98/97/cover500/8960003123_1.jpg	/NL/contents/search.do#viewKey=79551572&viewType=AH1				Owned	26-10-04 20:16	2026-10-4 19:19	
2026-2-24 0:48	BK-20260224-1400	9780063320222	Flowers for Algernon (Paperback) - 『앨저넌에게 꽃을』원서	대니얼 키스 (지은이)	HarperCollins	2023-01-24	320	eng	문학	영미문학	소설	843	https://image.aladin.co.kr/product/30939/48/cover500/0063320223_2.jpg					Owned	26-10-04 20:16	2026-10-4 19:19	
2026-2-24 0:50	BK-20260224-1401	9780375850868	When You Reach Me: (Newbery Medal Winner) (Paperback)	레베카 스테드 (지은이)	Yearling Books	2010-12-28	240	eng	문학	영미문학	소설	843	https://image.aladin.co.kr/product/723/21/cover500/0375850864ff_1.jpg					Owned	26-10-04 20:16	2026-10-4 19:19	
2026-2-24 0:51	BK-20260224-1402	9780312367541	A Wrinkle in Time: (Newbery Medal Winner) (Paperback)	매들렌 렝글, Madeleine L'Engle (지은이)	Square Fish	2007-05-01	256	eng	문학	영미문학	소설	843	https://image.aladin.co.kr/product/91/99/cover500/0312367546_1.jpg					Owned	26-10-04 20:16	2026-10-4 19:19	
2026-2-24 0:51	BK-20260224-1403	9781250050649	Bomb: The Race to Build--And Steal--The World's Most Dangerous Weapon (Paperback) - 2013 뉴베리	스티브 셰인킨 (지은이)	Square Fish	2018-01-09	304	eng	자연과학	자연과학	과학사	409	https://image.aladin.co.kr/product/3548/2/cover500/1250050642_1.jpg					Owned	26-10-04 20:16	2026-10-4 19:19	
2026-2-24 0:51	BK-20260224-1404	9780385490818	The Handmaid's Tale (Paperback) - 마거릿 애트우드 『시녀 이야기』	마거릿 애트우드 (지은이)	Anchor Books	1998-03-16	336	eng	문학	영미문학	소설	843	https://image.aladin.co.kr/product/95/71/cover500/03854908ff_1.jpg					Owned	26-10-04 20:16	2026-10-4 19:19	
2026-2-24 0:52	BK-20260224-1405	9781447275404	The Man Who Mistook His Wife for a Hat (Paperback, 영국판) - 올리버 색스 '아내를 모자로 착각한 남자' 원서	올리버 색스 (지은이)	Picador	2015-01-01	272	eng	기술과학	의학	내과학	513.8	https://image.aladin.co.kr/product/4588/49/cover500/144727540d_1.jpg					Owned	26-10-04 20:16	2026-10-4 19:19	
2026-2-24 0:52	BK-20260224-1406	9791166687204	종의 기원담	김보영 (지은이)	아작	2023-06-14	320	kor	문학	한국문학	소설	813.7	https://image.aladin.co.kr/product/31799/62/cover500/k532833319_1.jpg	/NL/contents/search.do#viewKey=942258994&viewType=AH1				Owned	26-10-04 20:16	2026-10-4 19:19	
2026-2-24 0:52	BK-20260224-1407	9781416936473	Hatchet (Paperback, 미국판) - 『손도끼』 원서	게리 폴슨 (지은이)	Aladdin	2007-01-01	192	eng	문학	영미문학	소설	843	https://image.aladin.co.kr/product/88/53/cover500/1416936475_1.jpg	/NL/contents/search.do#viewKey=218393782&viewType=AH1				Owned	26-10-04 20:16	2026-10-4 19:19	
2026-2-24 0:53	BK-20260224-1408	9791167701473	영어 어감 사전 - 속뜻만 알면 쏙 들어오는 영단어 뉘앙스	조이스 박 (지은이)	유유	2026-01-24	328	kor	언어	영어	어휘	744	https://image.aladin.co.kr/product/38413/17/cover500/k492135483_1.jpg	/NL/contents/search.do#viewKey=1265397436&viewType=AH1				Owned	26-10-04 20:16	2026-10-4 19:19	
2026-3-1 2:59	BK-20260301-1409	9788966264148	오늘날 우리는 컴퓨터라 부른다 - 라이프니츠부터 튜링까지, 생각하는 기계의 씨앗을 뿌린 사람들	마틴 데이비스 (지은이), 박상민 (옮긴이)	인사이트	2023-08-25	388	kor	총류	총류	컴퓨터과학	004	https://image.aladin.co.kr/product/32248/67/cover500/896626414x_1.jpg	/NL/contents/search.do#viewKey=959671039&viewType=AH1				Owned	26-10-04 20:16	2026-10-4 19:19	
2026-3-27 16:57	BK-20260327-1410	9780805062991	The Number Devil: A Mathematical Adventure (Paperback) - A Mathematical Adventure	한스 마그누스 엔첸스베르거 (지은이), 로트라우트 수잔네 베르너 (그림), Michael Henry Heim (옮긴이)	Henry Holt & Co	2000-05-01	264	eng	자연과학	수학	수학	410	https://image.aladin.co.kr/product/124/26/cover500/080506299d_1.jpg	/NL/contents/search.do#viewKey=85867330&viewType=AH1				Owned	26-10-04 20:16	2026-10-4 19:19	(833.914)에서 재분류
2026-4-3 12:58	BK-20260403-1411	9780099518471	Brave New World (Paperback) - 『멋진 신세계 』 원서	마거릿 애트우드, 올더스 헉슬리, 데이비드 브래드쇼 (지은이)	Vintage	2007-12-06	229	eng	문학	영미문학	소설	843	https://image.aladin.co.kr/product/103/0/cover500/009951847f_1.jpg					Owned	26-10-04 20:16	2026-10-4 19:19	
2026-4-3 12:58	BK-20260403-1412	9781400077830	The Curious Incident of the Dog in the Night-Time (Paperback) - 『한밤중에 개에게 일어난 의문의 사건』원서	마크 해던 (지은이)	Vintage	2004-08-17	226	eng	문학	영미문학	소설	843	https://image.aladin.co.kr/product/65/76/cover500/1400077834_2.jpg					Owned	26-10-04 20:16	2026-10-4 19:19	
2026-4-3 12:59	BK-20260403-1413	9780064405171	Walk Two Moons (Paperback) - 1995 Newbery	샤론 크리치 (지은이)	HarperTrophy	1996-07-18	304	eng	문학	영미문학	소설	843	https://image.aladin.co.kr/product/62/34/cover500/006440517f_1.jpg					Owned	26-10-04 20:16	2026-10-4 19:19	
2026-4-3 12:59	BK-20260403-1414	9780689711817	From the Mixed-Up Files of Mrs. Basil E. Frankweiler (Paperback) - Newbery Classics	E. L. 코닉스버그 (지은이)	Aladdin	1968-04-01	168	eng	문학	영미문학	소설	843	https://image.aladin.co.kr/product/93/66/cover500/068971181d_1.jpg	/NL/contents/search.do#viewKey=218396002&viewType=AH1				Owned	26-10-04 20:16	2026-10-4 19:19	(813.54)에서 변경
2026-4-4 7:07	BK-20260404-1415	9780553288100	The Gods Themselves (Mass Market Paperback)	아이작 아시모프 (지은이)	Spectra	1990-09-04	304	eng	문학	영미문학	소설	843	https://image.aladin.co.kr/product/138/7/cover500/0553288105_2.jpg					Owned	26-10-04 20:16	2026-10-4 19:19	
2026-4-11 12:24	BK-20260411-1416	9781444003345	The Complete Philosophy Files (Paperback) -  원서	스티븐 로 (지은이)	Orion Childrens	2011-09-01	400	eng	철학	철학	강연집, 수필집	104	https://image.aladin.co.kr/product/1533/9/cover500/1444003348_1.jpg					Owned	26-10-04 20:16	2026-10-4 19:19	
2026-4-11 12:25	BK-20260411-1417	9780060530945	The Graveyard Book (Paperback) - 『그레이브야드 북』원서, 2009 뉴베리 수상작	닐 게이먼 (지은이), 데이브 맥킨 (그림)	Harpercollins Childrens Books	2010-09-28	368	eng	문학	영미문학	소설	843	https://image.aladin.co.kr/product/648/10/cover500/0060530944_1.jpg					Owned	26-10-04 20:16	2026-10-4 19:19	
2026-4-11 12:25	BK-20260411-1418	9780316581097	The Wild Robot (Paperback, Movie Tie-In) - 드림웍스 애니메이션 『와일드 로봇』 원작 소설	피터 브라운 (지은이)	Little, Brown Books for Young Readers	2024-09-03	320	eng	문학	영미문학	소설	843	https://image.aladin.co.kr/product/33191/72/cover500/0316581097_1.jpg					Owned	26-10-04 20:16	2026-10-4 19:19	
2026-5-14 16:58	BK-20260514-1419	9788954670753	빌 브라이슨의 틀리기 쉬운 영어 - THE TIMES 교열기자 출신이 알려주는 유용한 영어 사용 팁	빌 브라이슨 (지은이), 권상미 (옮긴이)	문학동네	2020-06-10	308	kor	언어	영어	어휘	744	https://image.aladin.co.kr/product/24136/52/cover500/895467075x_1.jpg	/NL/contents/search.do#viewKey=696185811&viewType=AH1				Owned	26-10-04 20:16	2026-10-4 19:19	
2026-5-14 16:58	BK-20260514-1420	9.79E+12	스패로	메리 도리아 러셀 (지은이), 정대단 (옮긴이)	황금가지	2022-06-03	672	kor	문학	영미문학	소설	843	https://image.aladin.co.kr/product/29497/17/cover500/k392837956_2.jpg					Owned	26-10-04 20:16	2026-10-4 19:19	
2026-5-14 17:00	BK-20260514-1421	9780575079199	Peace And War : The Omnibus Edition: Forever Peace, Forever Free, Forever War (Paperback)	조 홀드먼, Haldeman, Joe (지은이)	Gollancz	2006-11-09	704	eng	문학	영미문학	소설	843.5	https://image.aladin.co.kr/product/1528/74/cover500/0575079193_2.jpg					Owned	26-10-04 20:16	2026-10-4 19:19	
2026-5-14 17:01	BK-20260514-1422	9791141602925	마술사가 너무 많다	랜달 개릿 (지은이), 김상훈 (옮긴이)	엘릭시르	2026-04-09	480	kor	문학	영미문학	소설	843.5	https://image.aladin.co.kr/product/39002/4/cover500/k822137222_1.jpg	/NL/contents/search.do#viewKey=1283436671&viewType=AH1				Owned	26-10-04 20:16	2026-10-4 19:19	
2026-5-14 19:23	BK-20260514-1423	9780064471046	The Lion, the Witch and the Wardrobe (Mass Market Paperback)	C. S. 루이스 (지은이)	HarperTrophy	1994-07-01	224	eng	문학	영미문학	소설	843	https://image.aladin.co.kr/product/67/30/cover500/0064471047_1.jpg	/NL/contents/search.do#viewKey=571409504&viewType=AH1				Owned	26-10-04 20:16	2026-10-4 19:19	(823.912)에서 변경
2026-5-19 18:51	BK-20260519-1424	9781665918589	The House of the Scorpion (Paperback, Reissue)	Farmer, Nancy (지은이)	Atheneum Books for Young Readers	2022-06-07	432	eng	문학	영미문학	소설	843	https://image.aladin.co.kr/product/28863/34/cover500/1665918586_2.jpg					Owned	26-10-04 20:16	2026-10-4 19:19	
2026-5-19 18:53	BK-20260519-1425	9791166687297	심연	로버트 A. 하인라인 (지은이), 고호관, 배지훈, 조호근 (옮긴이)	아작	2023-04-04	304	kor	문학	영미문학	소설	843.5	https://image.aladin.co.kr/product/31482/99/cover500/k832832628_1.jpg	/NL/contents/search.do#viewKey=928322799&viewType=AH1				Owned	26-10-04 20:16	2026-10-4 19:19	
2026-5-20 16:26	BK-20260520-1426	9780142001745	The Secret Life of Bees (Paperback, New ed)	수 몽크 키드 (지은이)	Penguin Group USA	2003-01-28	352	eng	문학	영미문학	소설	843	https://image.aladin.co.kr/product/95/31/cover500/0142001740_2.jpg					Owned	26-10-04 20:16	2026-10-4 19:19	원본확인필요
2026-5-20 16:26	BK-20260520-1427	9780312369811	Tuck Everlasting (Paperback) - 『트리갭의 샘물』원서	나탈리 배비트 (지은이)	Square Fish	2007-08-21	160	eng	문학	영미문학	소설	843	https://image.aladin.co.kr/product/102/85/cover500/0312369816_2.jpg					Owned	26-10-04 20:16	2026-10-4 19:19	
2026-5-20 16:27	BK-20260520-1428	9780375855726	The Diamond of Darkhold (Paperback)	Jeanne DuPrau (지은이)	Yearling Books	2010-03-23	304	eng	문학	영미문학	소설	843	https://image.aladin.co.kr/product/423/71/cover500/0375855726_2.jpg	/NL/contents/search.do#viewKey=99706201&viewType=AH1				Owned	26-10-04 20:16	2026-10-4 19:19	(813.54)에서 변경
2026-5-20 16:27	BK-20260520-1429	9780451526342	Animal Farm (Mass Market Paperback, 미국판, 50th Anniversary) - 『동물농장』 원서	조지 오웰 (지은이)	Signet	2004-04-06	176	eng	문학	영미문학	소설	843	https://image.aladin.co.kr/product/44/81/cover500/045152634d_1.jpg	/NL/contents/search.do#viewKey=696490037&viewType=AH1				Owned	26-10-04 20:16	2026-10-4 19:19	(823,912)에서 재분류
2026-5-20 16:27	BK-20260520-1430	9780142401101	A Long Way from Chicago: A Novel in Stories (Paperback) - 1999 Newbery	리처드 펙, Richard Peck (지은이)	Puffin	2004-04-12	148	eng	문학	영미문학	소설	843	https://image.aladin.co.kr/product/63/93/cover500/0142401102_1.jpg					Owned	26-10-04 20:16	2026-10-4 19:19	
2026-5-20 16:27	BK-20260520-1431	9780552565974	Wonder (Paperback, 영국판) - 영화 '원더' 원작 소설	R. J. 팔라시오 (지은이)	Corgi Childrens	2013-01-03	336	eng	문학	영미문학	소설	843	https://image.aladin.co.kr/product/2182/89/cover500/0552565970_1.jpg					Owned	26-10-04 20:16	2026-10-4 19:19	
2026-5-20 16:27	BK-20260520-1432	9780140385724	The Outsiders (Mass Market Paperback)	S. E. 힌튼 (지은이)	Penguin Books	1988-09-01	224	eng	문학	영미문학	소설	843	https://image.aladin.co.kr/product/96/4/cover500/014038572f_1.jpg					Owned	26-10-04 20:16	2026-10-4 19:19	
2026-5-20 16:27	BK-20260520-1433	9781481409933	Are You There God? It's Me, Margaret. (Paperback, Reprint)	주디 블룸 (지은이)	Atheneum	2014-04-29	192	eng	문학	영미문학	소설	843	https://image.aladin.co.kr/product/2985/54/cover500/148140993x_1.jpg					Owned	26-10-04 20:16	2026-10-4 19:19	
2026-5-20 16:28	BK-20260520-1434	9781406387933	The Hate U Give (Paperback, Movie tie-in edition) - '당신이 남긴 증오' 원서	앤지 토머스 (지은이)	Walker Books Ltd	2018-08-09	464	eng	문학	영미문학	소설	843	https://image.aladin.co.kr/product/15544/68/cover500/1406387932_1.jpg					Owned	26-10-04 20:16	2026-10-4 19:19	원본확인필요
2026-5-21 12:21	BK-20260521-1435	9780547577098	Number the Stars (Paperback, 미국판) - 『별을 헤아리며』원서	로이스 로리 (지은이)	Clarion Books	2011-05-02	139	eng	문학	영미문학	소설	843	https://image.aladin.co.kr/product/815/61/cover500/0547577095_1.jpg					Owned	26-10-04 20:16	2026-10-4 19:19	
2026-5-27 13:36	BK-20260527-1436	9781442459939	The Farthest Shore (Paperback)	어슐러 K. 르 귄 (지은이)	Simon & Schuster	2012-09-11	288	eng	문학	영미문학	소설	843	https://image.aladin.co.kr/product/1481/12/cover500/144245993f_1.jpg					Owned	26-10-04 20:16	2026-10-4 19:19	
2026-5-27 13:36	BK-20260527-1437	9788955614909	재밌다고들 하지만 나는 두 번 다시 하지 않을 일	데이비드 포스터 월리스 (지은이), 김명남 (옮긴이)	바다출판사	2018-04-06	472	kor	문학	영미문학	수필	844	https://image.aladin.co.kr/product/14001/44/cover500/895561490x_1.jpg	/NL/contents/search.do#viewKey=498066928&viewType=AH1				Owned	26-10-04 20:16	2026-10-4 19:19	
2026-5-27 13:36	BK-20260527-1438	9788972915140	신기한 수학 나라의 알렉스	알렉스 벨로스 (지은이), 김명남 (옮긴이)	까치	2011-11-15	488	kor	자연과학	수학	수학	410	https://image.aladin.co.kr/product/1391/60/cover500/8972915149_1.jpg	/NL/contents/search.do#viewKey=142322855&viewType=AH1				Owned	26-10-04 20:16	2026-10-4 19:19	
2026-5-27 22:52	BK-20260527-1439	9780547722023	A Wizard of Earthsea (Paperback)	어슐러 K. 르 귄 (지은이)	Houghton Mifflin Harcourt	2012-09-11	264	eng	문학	영미문학	소설	843	https://image.aladin.co.kr/product/1457/4/cover500/0547722028_1.jpg	/NL/contents/search.do#viewKey=179249946&viewType=AH1				Owned	26-10-04 20:16	2026-10-4 19:19	듀이(813.54)에서 변경
2026-5-27 22:53	BK-20260527-1440	9780380807345	Coraline (Paperback, 10th)	닐 게이먼 (지은이)	Harpercollins Childrens Books	2003-08-05	162	eng	문학	영미문학	소설	843	https://image.aladin.co.kr/product/95/59/cover500/0380807343_1.jpg					Owned	26-10-04 20:16	2026-10-4 19:19	
2026-5-27 22:53	BK-20260527-1441	9780143107606	Billy Budd, Bartleby, and Other Stories (Paperback)	허먼 멜빌 (지은이)	Penguin Books	2016-08-04	368	eng	문학	영미문학	소설	843	https://image.aladin.co.kr/product/6055/92/cover500/0143107607_2.jpg					Owned	26-10-04 20:16	2026-10-4 19:19	
2026-5-27 22:54	BK-20260527-1442	9780008501853	Babel : Or the Necessity of Violence: an Arcane History of the Oxford Translators’ Revolution (Paperback)	저자정보없음	HarperCollins Publishers	2023-09-28	560	eng	문학	영미문학	소설	843	https://image.aladin.co.kr/product/30938/36/cover500/0008501858_2.jpg					Owned	26-10-04 20:16	2026-10-4 19:19	
2026-5-27 22:54	BK-20260527-1443	9781616207465	The Girl Who Drank the Moon (Paperback) - 『달빛 마신 소녀』 원서	켈리 반힐 (지은이)	Algonquin Young Readers	2019-04-30	400	eng	문학	영미문학	소설	843	https://image.aladin.co.kr/product/16918/35/cover500/1616207469_2.jpg					Owned	26-10-04 20:16	2026-10-4 19:19	
2026-5-27 22:54	BK-20260527-1444	9780141439761	Alice's Adventures in Wonderland and Through the Looking Glass (Paperback)	루이스 캐럴 (지은이)	Penguin Books	2003-03-27	400	eng	문학	영미문학	소설	843	https://image.aladin.co.kr/product/96/29/cover500/014143976d_1.jpg					Owned	26-10-04 20:16	2026-10-4 19:19	
2026-5-30 12:39	BK-20260530-1445	9780689845369	The Tombs of Atuan (Mass Market Paperback, Reprint)	어슐러 K. 르 귄 (지은이)	Simon Pulse	2001-09-01	256	eng	문학	영미문학	소설	843	https://image.aladin.co.kr/product/94/97/cover500/068984536d_1.jpg					Owned	26-10-04 20:16	2026-10-4 19:19	
2026-5-30 12:40	BK-20260530-1446	9788961390385	대칭 - 자연의 패턴 속으로 떠나는 여행	마커스 드 사토이 (지은이), 안지민 (옮긴이)	승산	2011-01-08	492	kor	자연과학	수학	기하학	415	https://image.aladin.co.kr/product/856/45/cover500/8961390384_1.jpg	/NL/contents/search.do#viewKey=131168380&viewType=AH1				Owned	26-10-04 20:16	2026-10-4 19:19	
2026-5-30 12:40	BK-20260530-1447	9788950975982	푸치니 - 토스카나의 새벽을 무대에 올린 오페라의 제왕	유윤종 (지은이)	arte(아르테)	2018-07-06	317	kor	예술	음악	음악	670.99	https://image.aladin.co.kr/product/15537/64/cover500/895097598x_1.jpg	/NL/contents/search.do#viewKey=517234115&viewType=AH1				Owned	26-10-04 20:16	2026-10-4 19:19	
2026-6-2 7:35	BK-20260602-1448	9780375828256	The People of Sparks (Paperback)	Jeanne DuPrau (지은이)	Yearling	2005-04-12	352	eng	문학	영미문학	소설	843	https://image.aladin.co.kr/product/65/87/cover500/037582825f_1.jpg					Owned	26-10-04 20:16	2026-10-4 19:19	
2026-6-18 6:28	BK-20260618-1449	9780316038638	Where the Mountain Meets the Moon (Newbery Honor Award Winner) (Paperback)	그레이스 린 (지은이)	Little, Brown Books for Young Readers	2011-04-12	320	eng	문학	영미문학	소설	843	https://image.aladin.co.kr/product/1133/42/cover500/0316038636_2.jpg					Owned	26-10-04 20:16	2026-10-4 19:19	
2026-6-18 6:28	BK-20260618-1450	9791170527213	오염된 잔	로버트 잭슨 베넷 (지은이), 이나경 (옮긴이)	황금가지	2026-05-04	520	kor	문학	영미문학	소설	843.6	https://image.aladin.co.kr/product/39300/9/cover500/k332138710_1.jpg	/NL/contents/search.do#viewKey=1296119829&viewType=AH1				Owned	26-10-04 20:16	2026-10-4 19:19	
2026-6-26 23:43	BK-20260626-1451	9780064401845	Bridge to Terabithia (Paperback) - 『비밀의 숲 테라비시아』원서, 1978 Newbery	캐서린 패터슨, Katherine Patterson (지은이)	Harpercollins Childrens Books	1987-06-17	163	eng	문학	영미문학	소설	843	https://image.aladin.co.kr/product/96/5/cover500/0064401847_1.jpg					Owned	26-10-04 20:16	2026-10-4 19:19	
2026-6-26 23:43	BK-20260626-1452	9781250123824	Factfulness: Ten Reasons We're Wrong about the World-And Why Things Are Better Than You Think (Paperback) - '팩트풀니스' 원서	Rosling, Hans, 올라 로슬링, Anna Rosling R?nlund (지은이)	Flatiron Books	2020-04-07	352	eng	사회과학	사회학, 사회문제	사회학	331.1	https://image.aladin.co.kr/product/18967/47/cover500/1250123828_2.jpg					Owned	26-10-04 20:16	2026-10-4 19:19	
2026-6-27 1:54	BK-20260627-1453	9780064400565	Stuart Little (Paperback) - 『스튜어틀 리틀』원서	엘윈 브룩스 화이트 (지은이), 가스 윌리엄즈 (그림)	HarperTrophy	1974-12-31	144	eng	문학	영미문학	소설	843	https://image.aladin.co.kr/product/47/21/cover500/006440056d_1.jpg					Owned	26-10-04 20:16	2026-10-4 19:19	
2026-6-27 1:54	BK-20260627-1454	9780440418320	His Dark Materials: The Golden Compass (Book 1) (Paperback)	필립 풀먼 (지은이)	Yearling	2001-05-22	448	eng	문학	영미문학	소설	843	https://image.aladin.co.kr/product/90/21/cover500/044041832f_1.jpg	/NL/contents/search.do#viewKey=236530723&viewType=AH1				Owned	26-10-04 20:16	2026-10-4 19:19	(823.914)에서 재분류
2026-6-27 1:54	BK-20260627-1455	9780062691194	New Kid (Paperback) - 2020 뉴베리 수상작 최초의 그래픽노블 『뉴키드』 원서	제리 크래프트 (지은이)	Harpercollins Childrens Books	2019-02-05	256	eng	문학	영미문학	소설	843	https://image.aladin.co.kr/product/14238/76/cover500/0062691198_1.jpg	/NL/contents/search.do#viewKey=724601363&viewType=AH1				Owned	26-10-04 20:16	2026-10-4 19:19	(741.5)에서 재분류
2026-6-27 1:55	BK-20260627-1456	9791173326561	사피엔스 : 그래픽 히스토리 Vol.4 - 혁명의 시대	유발 하라리 (원작), 다니엘 카사나브 (그림), 김명주 (옮긴이), 다비드 반데르묄렝 (각색)	김영사	2026-05-29	248	kor	역사	역사	세계사, 세계문화사	909	https://image.aladin.co.kr/product/39380/92/cover500/k152139871_1.jpg					Owned	26-10-04 20:16	2026-10-4 19:19	
2026-7-23 11:59	BK-20260723-1457	9788925541648	로지코믹스 - 버트런드 러셀의 삶을 통해 보는 수학의 원리	아포스톨로스 독시아디스, 크리스토스 H. 파파디미트리우 (지은이), 알레코스 파파다토스, 애니 디 도나 (그림)	랜덤하우스코리아	2011-02-14	341	kor	자연과학	수학	수학	410.99	https://image.aladin.co.kr/product/886/74/cover500/8925541645_1.jpg	/NL/contents/search.do#viewKey=132481858&viewType=AH1				Owned	26-10-04 20:16	2026-10-4 19:19	
2026-7-23 12:12	BK-20260723-1458	9780553294385	I, Robot (Mass Market Paperback) - 영화  원작	아이작 아시모프 (지은이)	Bantam	1991-11-01	304	eng	문학	영미문학	소설	843	https://image.aladin.co.kr/product/49/58/cover500/0553294385_2.jpg					Owned	26-10-04 20:16	2026-10-4 19:19	
2026-7-23 12:12	BK-20260723-1459	9788988907887	리만 가설 - 베른하르트 리만과 소수의 비밀	존 더비셔 (지은이), 박병철 (옮긴이)	승산	2006-10-10	560	kor	자연과학	수학	대수학	412.3	https://image.aladin.co.kr/product/82/88/cover500/8988907884_1.jpg					Owned	26-10-04 20:16	2026-10-4 19:19	
2026-7-23 12:12	BK-20260723-1460	9788988907344	무한의 신비 - 수학, 철학, 종교의 만남	아미르 D. 악젤 (지은이), 신현용, 승영조 (옮긴이)	승산	2002-06-03	304	kor	자연과학	수학	수학	410.1	https://image.aladin.co.kr/product/36/7/cover500/8988907345_2.jpg					Owned	26-10-04 20:16	2026-10-4 19:19	
2026-7-26 10:55	BK-20260726-1461	9788972918660	기계는 왜 학습하는가 - AI를 움직이는 우아한 수학	아닐 아난타스와미 (지은이), 노승영 (옮긴이)	까치	2025-02-28	464	kor	총류	총류	컴퓨터과학	004.73	https://image.aladin.co.kr/product/35901/75/cover500/8972918660_1.jpg	/NL/contents/search.do#viewKey=1147205753&viewType=AH1				Owned	26-10-04 20:16	2026-10-4 19:19	
2026-7-26 10:55	BK-20260726-1462	9791173320149	모든 것은 예측 가능하다 - 진단검사에서 뇌의 작동 원리까지, 세상을 설명하는 베이즈 정리의 놀라운 힘	톰 치버스 (지은이), 홍한결 (옮긴이)	김영사	2025-01-03	444	kor	자연과학	수학	통계학	413.85	https://image.aladin.co.kr/product/35493/29/cover500/k012035556_1.jpg	/NL/contents/search.do#viewKey=1139520558&viewType=AH1				Owned	26-10-04 20:16	2026-10-4 19:19	
2026-7-28 2:19	BK-20260728-1463	9791164051335	미적분의 힘 - 복잡한 세상을 푸는 단순하고 강력한 도구	스티븐 스트로가츠 (지은이), 이충호 (옮긴이)	해나무	2021-09-24	544	kor	자연과학	수학	해석학	414	https://image.aladin.co.kr/product/27959/0/cover500/k612734212_1.jpg	/NL/contents/search.do#viewKey=788635655&viewType=AH1				Owned	26-10-04 20:16	2026-10-4 19:19	
2026-7-28 19:49	BK-20260728-1464	9791185459547	마스터 알고리즘 - 머신러닝은 우리의 미래를 어떻게 바꾸는가	페드로 도밍고스 (지은이), 강형진 (옮긴이), 최승진 (감수)	비즈니스북스	2016-07-30	504	kor	총류	총류	이론 체계 및 시스템	003.54	https://image.aladin.co.kr/product/8721/20/cover500/k452535482_1.jpg	/NL/contents/search.do#viewKey=281653833&viewType=AH1				Owned	26-10-04 20:16	2026-10-4 19:19	
2026-8-9 7:26	BK-20260809-1465	9781098104030	Python for Data Analysis: Data Wrangling with Pandas, Numpy, and Jupyter (Paperback, 3)	Wes McKinney (지은이)	O'Reilly Media	2022-09-20	579	eng	총류	총류	프로그래밍, 프로그램, 데이터	005.133	https://image.aladin.co.kr/product/29045/82/cover500/109810403x_2.jpg					Owned	26-10-04 20:16	2026-10-4 19:19	
2026-8-28 12:16	BK-20260828-1466	9788971992654	주기율표	프리모 레비 (지은이), 이현경 (옮긴이)	돌베개	2007-01-12	383	kor	문학	이탈리아문학	르포르타주 및 기타	888	https://image.aladin.co.kr/product/87/23/cover500/8971992654_2.jpg	/NL/contents/search.do#viewKey=66624110&viewType=AH1				Owned	26-10-04 20:16	2026-10-4 19:19	
2026-8-28 12:16	BK-20260828-1467	9788962627244	시뮬레이션 우주 - 스스로 계산하는 가장 거대한 양자컴퓨터	박권 (지은이)	동아시아	2026-08-07	384	kor	자연과학	물리학	물리학	420.13	https://image.aladin.co.kr/product/39978/37/cover500/8962627248_1.jpg	/NL/contents/search.do#viewKey=1319740610&viewType=AH1				Owned	26-10-04 20:16	2026-10-4 19:19	
2026-8-31 18:39	BK-20260831-1468	9788937470271	음악의 시학	스트라빈스키 (Igor Stravinsky) (지은이), 이세진 (옮긴이)	민음사	2023-05-30	208	kor	예술	음악	음악	670.1	https://image.aladin.co.kr/product/31770/45/cover500/8937470276_1.jpg					Owned	26-10-04 20:16	2026-10-4 19:19	
2026-9-4 13:28	BK-20260904-1469	9791166687211	달을 판 사나이	로버트 A. 하인라인 (지은이), 고호관, 김창규, 배지훈, 서제인 (옮긴이)	아작	2023-04-04	328	kor	문학	영미문학	소설	843.5	https://image.aladin.co.kr/product/31402/32/cover500/k692832205_1.jpg	/NL/contents/search.do#viewKey=928294805&viewType=AH1				Owned	26-10-04 20:16	2026-10-4 19:19	
2026-9-4 13:29	BK-20260904-1470	9781250773012	Ender's Game (Mass Market Paperback)	오슨 스콧 카드 (지은이)	Tor Books	2021-04-27	352	eng	문학	영미문학	소설	843	https://image.aladin.co.kr/product/25543/23/cover500/1250773016_2.jpg					Owned	26-10-04 20:16	2026-10-4 19:19	
2026-9-25 1:37	BK-20260925-1471	9788936462383	난장이가 쏘아올린 작은 공 뫼비우스의 띠 장마 외	윤흥길, 조세희 (지은이)	창비	2005-11-25	297	kor	문학	한국문학	소설	813	https://image.aladin.co.kr/product/60/22/cover500/8936462385_2.jpg					Owned	26-10-04 20:16	2026-10-4 19:19	
2026-9-25 1:39	BK-20260925-1472	9788944724152	천로역정 (1, 2부 합본 완역본)	존 번연 (지은이), 루이스 레드 형제 (그림), 유성덕 (옮긴이)	CH북스(크리스천다이제스트)	2015-08-20	437	kor	문학	영미문학	소설	843	https://image.aladin.co.kr/product/6513/50/cover500/s442636862_1.jpg	/NL/contents/search.do#viewKey=254816061&viewType=AH1				Owned	26-10-04 20:16	2026-10-4 19:19	
2026-9-25 3:42	BK-20260925-1473	9791191071238	니클의 소년들	콜슨 화이트헤드 (지은이), 김승욱 (옮긴이)	은행나무	2020-12-11	268	kor	문학	영미문학	소설	843.6	https://image.aladin.co.kr/product/25808/80/cover500/k652736330_2.jpg	/NL/contents/search.do#viewKey=745482491&viewType=AH1				Owned	26-10-04 20:16	2026-10-4 19:19	
2026-9-25 3:42	BK-20260925-1474	9791155811566	컬러의 말 : 모든 색에는 이름이 있다	카시아 세인트 클레어 (지은이), 이용재 (옮긴이)	윌북	2018-06-10	316	kor	예술	회화, 도화, 디자인	채색이론 및 실제	651.04	https://image.aladin.co.kr/product/14838/92/cover500/k522532459_1.jpg	/NL/contents/search.do#viewKey=507760660&viewType=AH1				Owned	26-10-04 20:16	2026-10-4 19:19	
2026-9-25 3:43	BK-20260925-1475	9788901249599	질서 너머 - 인생의 다음 단계로 나아가는 12가지 법칙	조던 B. 피터슨 (지은이), 김한영 (옮긴이)	웅진지식하우스	2021-03-23	460	kor	철학	윤리학, 도덕철학	도덕훈, 교훈	199.1	https://image.aladin.co.kr/product/26665/73/cover500/8901249596_2.jpg	/NL/contents/search.do#viewKey=753836434&viewType=AH1				Owned	26-10-04 20:16	2026-10-4 19:19	
2026-9-25 3:43	BK-20260925-1476	9791158510619	타이탄의 도구들 (블랙 에디션) - 정상의 자리에 오른 사람들의 61가지 성공 비밀	팀 페리스 (지은이), 박선령, 정지현 (옮긴이)	토네이도	2022-06-22	367	kor	사회과학	경제학	경영	325.211	https://image.aladin.co.kr/product/29714/21/cover500/k232838895_1.jpg	/NL/contents/search.do#viewKey=366113273&viewType=AH1				Owned	26-10-04 20:16	2026-10-4 19:19	
2026-10-1 12:28	BK-20261001-1477	9788997780518	조국의 법고전 산책 - 열다섯 권의 고전, 그 사상가들을 만나다	조국 (지은이)	오마이북	2022-11-09	468	kor	사회과학	법률, 법학	법률, 법학	360.1	https://image.aladin.co.kr/product/30455/59/cover500/8997780514_2.jpg	/NL/contents/search.do#viewKey=891593633&viewType=AH1				Owned	26-10-04 20:16	2026-10-4 19:19	
2026-10-1 12:52	BK-20261001-1478	KMO199809977	와우	김용호[1957-]	박영률출판사	1996-01-01	184	kor	예술	공연예술, 매체예술	영화	688.4		/NL/contents/search.do#viewKey=378566&viewType=AH1				Owned	26-10-04 20:16	2026-10-4 19:19	
2026-10-1 14:35	BK-20261001-1479	KMO199003992	마르크스와 아시아 : 아시아적 생산 양식 논쟁의 현단계 : 마르크스의 아시아관	쟝 셰노 외씀;유승희;김윤호 [공역]	소나무	1990-01-01	212	kor	사회과학	사회과학	사회사상	301.52		/NL/contents/search.do#viewKey=197517&viewType=AH1				Owned	26-10-04 20:16	2026-10-4 19:19	
