Data_Input	ISBN	제목	저자	출판사	출판일	표지이미지	카테고리	가격	재고상태	시리즈명	원제	페이지수	검색상태	위치	비고
2025. 10. 22 오후 9:52:15	9788957090251	박사가 사랑한 수식	오가와 요코 (지은이), 김난주 (옮긴이)	이레	2004-07-05	https://image.aladin.co.kr/product/50/20/cover500/8957090258_1.gif	국내도서>소설/시/희곡>일본소설>1950년대 이후 일본소설	12800	구판절판			260	ALADIN		
2025. 10. 22 오후 10:07:15	9780140177374	The Pearl (Paperback)	존 스타인벡 (지은이)	Penguin U.S	1993-02-01	https://image.aladin.co.kr/product/66/43/cover500/014017737f_1.jpg	외국도서>소설/시/희곡>소설>고전	17500				96	ALADIN		
2025. 10. 22 오후 10:19:09	9791167902580	적산가옥의 유령	조예은 (지은이)	현대문학	2024-06	https://image.aladin.co.kr/product/34286/38/cover500/k592932077_1.jpg	국내도서>소설/시/희곡>호러.공포소설>한국 호러.공포소설	15000		현대문학 핀 시리즈 장르 4		212	ALADIN		
2025. 10. 22 오후 11:06:39	9791162245651	혼자 공부하는 파이썬 - 1:1 과외하듯 배우는 프로그래밍 자습서, 개정판	윤인성 (지은이)	한빛미디어	2022-06-01	https://image.aladin.co.kr/product/29499/67/cover500/k412837047_1.jpg	국내도서>컴퓨터/모바일>프로그래밍 언어>파이썬	22000		혼자 공부하는 시리즈 		552	ALADIN		
2025. 10. 22 오후 11:11:54	9791161570341	갈매기의 꿈 - 완결판	리처드 바크 (지은이), 공경희 (옮긴이), 러셀 먼슨 (사진)	나무옆의자	2018-06-01	https://image.aladin.co.kr/product/14831/79/cover500/k222532357_1.jpg	국내도서>소설/시/희곡>영미소설	15800				160	ALADIN		
2025. 10. 22 오후 11:18:48	9780141334394	Mooominpappa At Sea (Hardcover)	Tove Jansson (지은이)	Puffin Books	2011-05-05	https://image.aladin.co.kr/product/1254/68/cover500/0141334398_1.jpg	외국도서>어린이>픽션>문학 >고전 	31330				224	ALADIN		
2025. 10. 22 오후 11:18:58	9788901204482	잭 웰치의 마지막 강의 - 경영의 신 잭 웰치 60년 비즈니스 노하우의 모든 것	잭 웰치, 수지 웰치 (지은이), 강주헌 (옮긴이)	알프레드	2015-06-25	https://image.aladin.co.kr/product/6215/49/cover500/8901204487_1.jpg	국내도서>경제경영>기업 경영>경영전략/혁신	20000	품절			328	ALADIN		
2025. 10. 22 오후 11:19:08	9788933801840	엄마의 말뚝	박완서 (지은이)	세계사	2012-01-22	https://image.aladin.co.kr/product/1494/47/cover500/8933801847_1.jpg	국내도서>소설/시/희곡>한국소설>2000년대 이전 한국소설	18000		박완서 소설전집 결정판 11		616	ALADIN		
2025. 10. 22 오후 11:19:20	9788921437648	-위즈퍼니한국문학6- 운현궁의 봄 	정보 없음	정보 없음	2008-01-01	https://image.aladin.co.kr/product/15390/94/cover500/scm5455336448982.jpg		17000				0	ALADIN		
2025. 10. 22 오후 11:19:30	9791168340510	파친코 1 - 개정판	이민진 (지은이), 신승미 (옮긴이)	인플루엔셜(주)	2022-07-27	https://image.aladin.co.kr/product/29496/39/cover500/s382931339_2.jpg	국내도서>소설/시/희곡>영미소설	15800		코리안 디아스포라 3부작 		388	ALADIN	마루-BS_S_L1	
2025. 10. 22 오후 11:20:01	9780545284189	The Shadow Throne (the Ascendance Series, Book 3): Volume 3 (Paperback)	제니퍼 A. 닐센 (지은이)	Scholastic Paperbacks	2015-01-27	https://image.aladin.co.kr/product/4412/58/cover500/054528418x_2.jpg	외국도서>어린이>픽션>문학 >판타지/매직 	16510				336	ALADIN	마루-BS_S_L1	
2025. 10. 22 오후 11:20:09	9780545035170	Night of the Living Dummy (Classic Goosebumps #1): Volume 1 (Paperback)	R. L. 스타인 (지은이)	Scholastic Paperbacks	2008-05-01	https://image.aladin.co.kr/product/510/42/cover500/0545035171_1.jpg	외국도서>어린이>픽션>문학 >호러 	11100				160	ALADIN	마루-BS_S_L1	
2025. 10. 22 오후 11:20:16	9780545417990	Son of Slappy (Goosebumps Most Wanted #2): Volume 2 (Paperback)	R. L. 스타인 (지은이)	Scholastic Paperbacks	2013-01-01	https://image.aladin.co.kr/product/1746/78/cover500/0545417996_1.jpg	외국도서>어린이>픽션>문학 >호러 	9800				160	ALADIN	마루-BS_S_L1	
2025. 10. 22 오후 11:20:24	9780439918695	Revenge of the Living Dummy (Goosebumps Horrorland #1): Volume 1 (Paperback)	R. L. 스타인 (지은이)	Scholastic Paperbacks	2008-04-01	https://image.aladin.co.kr/product/505/33/cover500/0439918693_2.jpg	외국도서>어린이>픽션>문학 >호러 	11200		Goosebumps HorrorLand   1		144	ALADIN	마루-BS_S_L1	
2025. 10. 22 오후 11:20:30	9780451524935	1984 (Mass Market Paperback, 미국판) - 『1984』 원서	조지 오웰 (지은이)	Signet	1950-07-01	https://image.aladin.co.kr/product/47/23/cover500/04515249ff_1.jpg	외국도서>소설/시/희곡>소설>고전	12900				336	ALADIN	마루-BS_S_L1	
2025. 10. 22 오후 11:20:53	9780689716041	The Bears on Hemlock Mountain (Paperback) - 『헴록 산의 곰』원서, 1953 Newbery	앨리스 댈글리쉬 (지은이), 헬렌 소웰 (그림)	Aladdin	1992-10-31	https://image.aladin.co.kr/product/86/77/cover500/0689716044_3.jpg	외국도서>어린이>그림책>일반	7700		Newbery : 반드시 읽어야하는 뉴베리 수상작 201		64	ALADIN	마루-BS_S_L1	
2025. 10. 23 오전 12:36:48	9780446310789	To Kill a Mockingbird (Mass Market Paperback, 미국판) - 『앵무새 죽이기』 원서	하퍼 리 (지은이)	Warner Books	1988-10-11	https://image.aladin.co.kr/product/42/16/cover500/044631078f_1.jpg	외국도서>소설/시/희곡>소설>고전	12500				288	ALADIN	마루-BS_S_L1	
2025. 10. 23 오전 12:37:26	9788954617246	칼의 노래	김훈 (지은이)	문학동네	2012-01-05	https://image.aladin.co.kr/product/1462/87/cover500/8954617247_1.jpg	국내도서>소설/시/희곡>역사소설>한국 역사소설	16500				400	ALADIN	마루-BS_S_L1	
2025. 10. 23 오전 12:37:37	9791195026142	백만 광년의 고독 속에서 한 줄의 시를 읽다 - 류시화의 하이쿠 읽기	류시화 (지은이)	연금술사	2014-06-16	https://image.aladin.co.kr/product/4273/3/cover500/k042637209_1.jpg	국내도서>소설/시/희곡>시>외국시	32000				762	ALADIN	마루-BS_S_L1	
2025. 10. 23 오전 12:38:04	9788965133759	표현의 기술	유시민 (지은이), 정훈이 (그림)	생각의길	2016-06-08	https://image.aladin.co.kr/product/8454/76/cover500/8965133750_3.jpg	국내도서>인문학>교양 인문학	16000				368	ALADIN	마루-BS_S_L1	
2025. 10. 23 오전 12:38:13	9788960514799	어떻게 죽을 것인가 - 현대 의학이 놓치고 있는 삶의 마지막 순간, KBS  선정 도서	아툴 가완디 (지은이), 김희정 (옮긴이)	부키	2015-05-29	https://image.aladin.co.kr/product/5996/40/cover500/8960514799_1.jpg	국내도서>인문학>교양 인문학	16500	구판절판			400	ALADIN	마루-BS_S_L1	
2025. 10. 23 오전 12:38:21	9788965746669	당신이 옳다 - 정혜신의 적정심리학	정혜신 (지은이)	해냄	2018-10-10	https://image.aladin.co.kr/product/16938/73/cover500/s782534590_2.jpg	국내도서>인문학>심리학/정신분석학>교양 심리학	17500				316	ALADIN	마루-BS_S_L1	
2025. 10. 23 오전 12:38:39	9788956372273	실마릴리온 2 (보급판)	존 로날드 로웰 톨킨 (지은이), 김보원 (옮긴이)	씨앗을뿌리는사람	2007-05-28	https://image.aladin.co.kr/product/888/76/cover500/8956372276_2.jpg	국내도서>소설/시/희곡>판타지/환상문학>외국판타지/환상소설	11000	구판절판			358	ALADIN	마루-BS_S_L1	
2025. 10. 23 오전 12:38:57	9788956372266	실마릴리온 1 (보급판)	존 로날드 로웰 톨킨 (지은이), 김보원 (옮긴이)	씨앗을뿌리는사람	2007-05-28	https://image.aladin.co.kr/product/888/70/cover500/8956372268_1.jpg	국내도서>소설/시/희곡>판타지/환상문학>외국판타지/환상소설	11000	구판절판			358	ALADIN	마루-BS_S_L1	
2025. 10. 23 오전 12:39:06	9780142410370	Matilda (Paperback, 미국판) - 뮤지컬  원서	로알드 달 (지은이), 퀸틴 블레이크 (그림)	Puffin	2007-08-16	https://image.aladin.co.kr/product/97/54/cover500/014241037f_1.jpg	외국도서>어린이>픽션>문학 >고전 	10800		Roald Dahl 대표작시리즈 4		256	ALADIN		
2025. 10. 23 오전 12:39:16	9780142410318	Charlie and the Chocolate Factory (Paperback, 미국판)	로알드 달 (지은이), 퀸틴 블레이크 (그림)	Puffin	2007-08-16	https://image.aladin.co.kr/product/97/54/cover500/014241031d_1.jpg	외국도서>어린이>픽션>문학 >고전 	11600		Roald Dahl 대표작시리즈 1		192	ALADIN		
2025. 10. 23 오전 12:39:30	9780986274206	Sideways Stories from Wayside School 웨이사이드 스쿨 1 (영어원서 + 워크북 + MP3 CD 1장)	루이스 새커 (지은이), 김보경, 데이먼 오 (감수)	롱테일북스	2015-01-02	https://image.aladin.co.kr/product/5036/9/cover500/0986274208_2.jpg	국내도서>외국어>영어독해	14000	구판절판	뉴베리 컬렉션 21		264	ALADIN	마루-BS_L_5	
2025. 10. 23 오전 12:40:02	9780375832208	Magic Tree House FACT TRACKER #14 : Ancient Rome and Pompeii (Paperback)	메리 폽 어즈번, 나탈리 폽 보이스 (지은이)	Random House Books for Young Readers	2006-04-25	https://image.aladin.co.kr/product/86/56/cover500/037583220f_1.jpg	외국도서>어린이>교과 학습>사회>고대/선사시대	11900		Magic Tree House FACT TRACKER 15		128	ALADIN		
2025. 10. 23 오전 12:40:11	9780261103566	The Hobbit & The Lord of the Rings Boxed Set (Multiple-component retail product, slip-cased)	존 로널드 루엘 톨킨 (지은이)	HarperCollins	1997-11-01	https://image.aladin.co.kr/product/1641/60/cover500/026110356d_1.jpg	외국도서>소설/시/희곡>소설>판타지>일반	79900				1472	ALADIN		
2025. 10. 23 오전 12:40:26	9788994963532	뮤지코필리아 - 뇌와 음악에 관한 이야기	올리버 색스 (지은이), 장호연 (옮긴이), 김종성 (감수)	알마	2012-10-22	https://image.aladin.co.kr/product/2059/69/cover500/8994963537_1.jpg	국내도서>과학>기초과학/교양과학	19800				575	ALADIN		
2025. 10. 23 오전 12:40:37	9791159920257	아내를 모자로 착각한 남자	올리버 색스 (지은이), 이정호 (그림), 조석현 (옮긴이)	알마	2016-08-18	https://image.aladin.co.kr/product/8982/24/cover500/s242638443_1.jpg	국내도서>인문학>심리학/정신분석학>뇌과학/인지심리학	21000				396	ALADIN		
2025. 10. 23 오전 12:40:55	9788934981763	스케일 : 생물.도시.기업의 성장과 죽음에 관한 보편 법칙	제프리 웨스트 (지은이), 이한음 (옮긴이)	김영사	2018-07-30	https://image.aladin.co.kr/product/13176/81/cover500/8934981768_1.jpg	국내도서>과학>물리학>물리학 일반	30000				664	ALADIN		
2025. 10. 23 오전 12:41:04	9791196721190	우리가 절대 알 수 없는 것들에 대해 - 인간의 의식에서 우주까지, 과학지식의 한계는 어디까지인가	마커스 드 사토이 (지은이), 박병철 (옮긴이)	반니	2019-12-02	https://image.aladin.co.kr/product/21948/22/cover500/k872636501_1.jpg	국내도서>과학>기초과학/교양과학	28000	구판절판			596	ALADIN		
2025. 10. 23 오전 12:49:15	9788931924473	잠들기 전 엄마 아빠가 들려 주는 탈무드 이야기	김진섭 (글), 일홍 (그림)	지경사	2012-02-28	https://image.aladin.co.kr/product/1593/66/cover500/893192447x_1.jpg	국내도서>유아>그림책>세계명작 그림책	13000	구판절판	잠들기 전 엄마 아빠가 들려 주는 이야기 		108	ALADIN		
2025. 10. 23 오전 9:48:57	9791169471763	자연은 협력한다	디르크 브로크만 (지은이), 강민경 (옮긴이)	알레	2022-11-01	https://image.aladin.co.kr/product/30473/65/cover500/k212830285_2.jpg	국내도서>과학>기초과학/교양과학	20000				328	ALADIN		
2025. 10. 23 오전 9:49:06	9788901219943	신경 끄기의 기술 - 인생에서 가장 중요한 것만 남기는 힘	마크 맨슨 (지은이), 한재호 (옮긴이)	갤리온	2017-10-27	https://image.aladin.co.kr/product/12005/79/cover500/8901219948_1.jpg	국내도서>자기계발>성공>성공학	17800				236	ALADIN		
2025. 10. 23 오전 9:49:22	9791189716042	음악에서의 위대성 - 위대한 음악가는 누구인가	알프레트 아인슈타인 (지은이), 강해근 (옮긴이)	포노(PHONO)	2020-09-15	https://image.aladin.co.kr/product/25152/38/cover500/k532633470_1.jpg	국내도서>예술/대중문화>음악>음악가	17000		음악의 글 9		292	ALADIN		
2025. 10. 23 오전 9:49:37	9791191311020	나는 어쩌다 명왕성을 죽였나 - 명왕성 킬러 마이크 브라운의 태양계 초유의 행성 퇴출기	마이크 브라운 (지은이), 지웅배 (옮긴이)	롤러코스터	2021-04-05	https://image.aladin.co.kr/product/25967/86/cover500/k472730295_1.jpg	국내도서>과학>천문학>우주과학	20000				420	ALADIN		
2025. 10. 24 오전 2:13:54	9788956373645	마일즈 보르코시건 : 미러 댄스	로이스 맥마스터 부졸드 (지은이), 유정아 (옮긴이)	씨앗을뿌리는사람	2015-01-12	https://image.aladin.co.kr/product/5122/54/cover500/8956373647_1.jpg	국내도서>소설/시/희곡>과학소설(SF)>외국 과학소설	27000	절판	마일즈 보르코시건 시리즈 9		776	ALADIN		
2025. 10. 24 오전 2:16:22	9788956372563	마일즈 보르코시건 : 바라야 내전	로이스 맥마스터 부졸드 (지은이), 최세진 (옮긴이)	씨앗을뿌리는사람	2013-07-22	https://image.aladin.co.kr/product/2890/81/cover500/895637256x_2.jpg	국내도서>소설/시/희곡>과학소설(SF)>외국 과학소설	14800	절판	마일즈 보르코시건 시리즈 2		512	ALADIN		
2025. 10. 24 오전 2:16:54	9788960172692	신들의 전쟁 (하)	닐 게이먼 (지은이), 장용준 (옮긴이)	황금가지	2008-11-14	https://image.aladin.co.kr/product/282/49/cover500/8960172693_1.jpg	국내도서>소설/시/희곡>판타지/환상문학>외국판타지/환상소설	11000	구판절판			420	ALADIN		
2025. 10. 24 오전 2:17:54	9791158884826	다섯 번째 계절	N. K. 제미신 (지은이), 박슬라 (옮긴이)	황금가지	2019-01-18	https://image.aladin.co.kr/product/17947/52/cover500/k242534231_1.jpg	국내도서>소설/시/희곡>과학소설(SF)>외국 과학소설	19000		부서진 대지 3부작 		612	ALADIN		
2025. 10. 24 오전 2:18:14	9791195628391	타인들 속에서	조 월튼 (지은이), 김민혜 (옮긴이)	아작	2016-02-25	https://image.aladin.co.kr/product/7492/5/cover500/k572434924_1.jpg	국내도서>소설/시/희곡>과학소설(SF)>외국 과학소설	14800	절판			448	ALADIN		
2025. 10. 24 오전 2:21:26	9791195628322	이중 도시	차이나 미에빌 (지은이), 김창규 (옮긴이)	아작	2015-11-20	https://image.aladin.co.kr/product/6968/55/cover500/k462434886_2.jpg	국내도서>소설/시/희곡>과학소설(SF)>외국 과학소설	14800	절판			576	ALADIN		
2025. 10. 24 오전 2:54:11	9788992711470	와인드업 걸	파올로 바치갈루피 (지은이), 이원경 (옮긴이)	다른	2011-09-10	https://image.aladin.co.kr/product/1297/88/cover500/8992711476_1.jpg	국내도서>소설/시/희곡>과학소설(SF)>외국 과학소설	24000	절판			695	ALADIN		
2025. 10. 24 오전 2:54:57	9788983921734	조나단 스트레인지와 마법사 노렐 2	수잔나 클라크 (지은이), 이옥용 (옮긴이)	문학수첩	2005-01-11	https://image.aladin.co.kr/product/53/56/cover500/8983921730_1.jpg	국내도서>소설/시/희곡>판타지/환상문학>외국판타지/환상소설	12500	절판			623	ALADIN		
2025. 10. 24 오전 2:55:33	9788983921727	조나단 스트레인지와 마법사 노렐 1	수잔나 클라크 (지은이), 이옥용 (옮긴이)	문학수첩	2005-01-11	https://image.aladin.co.kr/product/53/56/cover500/8983921722_1.jpg	국내도서>소설/시/희곡>판타지/환상문학>외국판타지/환상소설	12500	절판			723	ALADIN		
2025. 10. 24 오전 2:56:07	9788974792176	존 카밧진의 처음 만나는 마음챙김 명상	존 카밧진 (지은이), 안희영 (옮긴이)	불광출판사	2012-11-01	https://image.aladin.co.kr/product/2062/53/cover500/8974792176_3.jpg	국내도서>인문학>심리학/정신분석학>교양 심리학	18000				240	ALADIN		
2025. 10. 24 오전 2:56:34	9788997743339	지혜의 심리학 - 나의 잠재력을 찾는 생각의 비밀코드	김경일 (지은이)	진성북스	2017-03-13	https://image.aladin.co.kr/product/10511/69/cover500/8997743333_1.jpg	국내도서>인문학>심리학/정신분석학>교양 심리학	16500	구판절판			352	ALADIN		
2025. 10. 24 오전 2:56:44	9788997743520	적정한 삶	김경일 (지은이)	진성북스	2021-03-30	https://image.aladin.co.kr/product/26803/61/cover500/899774352x_1.jpg	국내도서>인문학>심리학/정신분석학>교양 심리학	17000				360	ALADIN		
2025. 10. 24 오전 2:57:11	9788956055053	The Giver 더 기버 (영어원서 + 워크북 + MP3 CD 1장)	로이스 로리 (지은이), 매건 맨리, 이수영, 김보경, 이제원 (감수)	롱테일북스	2010-12-20	https://image.aladin.co.kr/product/838/53/cover500/895605505x_2.jpg	국내도서>외국어>영어독해	15000	구판절판	뉴베리 컬렉션 2		480	ALADIN		
2025. 10. 24 오전 2:57:37	9780545816458	Gilded	Christina Farley	출판사 정보 없음	2015-01-01		Korean Americans	0	NOT_FOR_SALE			정보없음	Google		
2025. 10. 24 오전 2:57:51	9780385754729	The Book Thief (Paperback, Reprint)	마커스 주삭 (지은이)	Random House Childrens Books	2013-10-15	https://image.aladin.co.kr/product/2655/74/cover500/0385754728_1.jpg	외국도서>청소년>소설/시/희곡>역사	16700				592	ALADIN		
2025. 10. 24 오전 2:58:00	9780142406120	Point Blank (Paperback)	앤서니 호로위츠 (지은이)	Puffin	2006-02-16	https://image.aladin.co.kr/product/95/31/cover500/0142406120_2.jpg	외국도서>어린이>동화책>창작 동화	12600		Alex Rider Adventures 2		320	ALADIN		
2025. 10. 24 오전 2:58:06	9780142406113	Stormbreaker (Paperback)	앤서니 호로위츠 (지은이)	Puffin	2006-02-16	https://image.aladin.co.kr/product/156/42/cover500/0142406112_1.jpg	외국도서>어린이>동화책>창작 동화	14000		Alex Rider Adventures 4		304	ALADIN		
2025. 10. 24 오전 8:42:01	9788932902760	콘트라베이스	파트리크 쥐스킨트 (지은이), 유혜자 (옮긴이)	열린책들	2000-02-10	https://image.aladin.co.kr/product/14/83/cover500/8932902763_1.jpg	국내도서>소설/시/희곡>독일소설	10800	구판절판			112	ALADIN		
2025. 10. 24 오후 2:40:18	9791159033803	초판본 수레바퀴 아래서 (양장) - 1906년 오리지널 초판본 표지디자인	헤르만 헤세 (지은이), 이순학 (옮긴이)	더스토리	2016-12-19	https://image.aladin.co.kr/product/9872/38/cover500/k882535552_1.jpg	국내도서>소설/시/희곡>독일소설	9800	구판절판	더스토리 초판본 시리즈 		224	ALADIN	거실-우측책장	
2025. 10. 24 오후 2:40:58	9791164452880	초판본 싯다르타 (리커버 한정판, 양장 블랙벨벳 에디션) - 1922년 오리지널 초판본 표지디자인	헤르만 헤세 (지은이), 박진권 (옮긴이)	더스토리	2020-06-25	https://image.aladin.co.kr/product/24083/55/cover500/k702639134_2.jpg	국내도서>소설/시/희곡>독일소설	12000	구판절판	더스토리 초판본 시리즈 		232	ALADIN	거실-우측책장	
2025. 10. 24 오후 2:41:29	9788901223032	하마터면 열심히 살 뻔했다 (벚꽃 에디션)	하완 (지은이)	웅진지식하우스	2018-04-23	https://image.aladin.co.kr/product/18560/50/cover500/k872635769_1.jpg	국내도서>에세이>사진/그림 에세이	15000	품절			288	ALADIN	거실-우측책장	
2025. 10. 24 오후 2:44:31	9788973374939	눈먼 자들의 도시 (탄생 100주년 기념 스페셜 에디션)	주제 사라마구 (지은이), 정영목 (옮긴이)	해냄	2022-10-20	https://image.aladin.co.kr/product/30307/98/cover500/k392839030_1.jpg	국내도서>소설/시/희곡>세계의 소설>기타 국가 소설	18800				476	ALADIN	거실-우측책장	
2025. 10. 24 오후 2:45:14	9791192579818	잘못된 장소 잘못된 시간	질리언 매캘리스터 (지은이), 이경 (옮긴이)	시옷북스	2023-07-27	https://image.aladin.co.kr/product/32145/31/cover500/k952834116_1.jpg	국내도서>소설/시/희곡>추리/미스터리소설>영미 추리/미스터리소설	18000				512	ALADIN	거실-우측책장	
2025. 10. 24 오후 2:45:36	9791168475328	프로스트와 베타 (양장)	로저 젤라즈니 (지은이), 조호근 (옮긴이)	데이원	2023-07-07	https://image.aladin.co.kr/product/31837/26/cover500/k872833226_2.jpg	국내도서>소설/시/희곡>과학소설(SF)>외국 과학소설	16800				142	ALADIN	거실-우측책장	
2025. 10. 24 오후 2:45:43	9788971847244	허삼관 매혈기	위화 (지은이), 최용만 (옮긴이)	푸른숲	2007-06-28	https://image.aladin.co.kr/product/16/90/cover500/8971847247_3.jpg	국내도서>소설/시/희곡>중국소설	14000	구판절판			350	ALADIN	거실-우측책장	
2025. 10. 24 오후 2:45:49	9791188850969	신도 주사위 놀이를 한다 - 확률, 불확실한 미래에 도전해온 수학의 역사	이언 스튜어트 (지은이), 장영재 (옮긴이)	북라이프	2020-08-19	https://image.aladin.co.kr/product/24870/53/cover500/k322631455_1.jpg	국내도서>과학>수학>쉽게 배우는 수학	22000				472	ALADIN	거실-우측책장	
2025. 10. 24 오후 2:46:48	9788993285284	개를 훔치는 완벽한 방법	바바라 오코너 (지은이), 신선해 (옮긴이)	다산책방	2008-10-02	https://image.aladin.co.kr/product/264/27/cover500/8993285284_1.jpg	국내도서>청소년>청소년 문학>청소년 소설	9800	구판절판	놀 청소년문학 28		264	ALADIN	거실-우측책장	
2025. 10. 24 오후 2:52:55	9788963710853	링월드	레리 니븐 (지은이), 고호관 (옮긴이)	새파란상상(파란미디어)	2013-08-26	https://image.aladin.co.kr/product/3001/98/cover500/8963710858_1.jpg	국내도서>소설/시/희곡>과학소설(SF)>외국 과학소설	15000	품절	래리 니븐 컬렉션 2		536	ALADIN	거실-우측책장	
2025. 10. 24 오후 2:53:36	9780062268143	The Year of Billy Miller: A Newbery Honor Award Winner (Paperback) - 2014 뉴베리 아너	케빈 헹크스 (지은이)	Greenwillow Books	2015-05-26	https://image.aladin.co.kr/product/4732/0/cover500/006226814d_1.jpg	외국도서>어린이>픽션>사회문제 >일반 	13900				240	ALADIN	거실-우측책장	
2025. 10. 24 오후 2:53:45	9788927804666	그가 사랑한 클래식 - 음악이 삶에 가르쳐주는 소중한 것들	요아힘 카이저 (지은이), 홍은정 (옮긴이)	문예중앙	2013-08-20	https://image.aladin.co.kr/product/3026/4/cover500/892780466x_1.jpg	국내도서>예술/대중문화>음악>서양음악(클래식)	14000	품절			280	ALADIN	거실-우측책장	
2025. 10. 24 오후 2:53:52	9780060833459	The Effective Executive: The Definitive Guide to Getting the Right Things Done (Paperback) - 『피터 드러커의 자기경영노트』원서	피터 드러커 (지은이)	HarperBusiness	2006-01-03	https://image.aladin.co.kr/product/102/84/cover500/0060833459_1.jpg	외국도서>경제경영>관리	27700				208	ALADIN	거실-우측책장	
2025. 10. 24 오후 2:54:21	9788965402329	잠자는 코딩 브레인을 깨우는 알고리즘 퍼즐 69 - 수학적 사고로 구현하는 프로그래밍의 즐거움	마스이 토시카츠 (지은이), 윤인성 (옮긴이)	프리렉	2019-02-01	https://image.aladin.co.kr/product/17950/30/cover500/8965402328_1.jpg	국내도서>컴퓨터/모바일>컴퓨터 공학>자료구조/알고리즘	22000				400	ALADIN	거실-우측책장	
2025. 10. 24 오후 2:54:35	9781468172362	What Foreigners Need to Know about America from A to Z: How to Understand Crazy American Culture, People, Government, Business, Language and More (Paperback)	Lance Johnson (지은이)	CreateSpace	2012-05-30	https://image.aladin.co.kr/product/3558/36/cover500/1468172360_1.jpg	외국도서>교육/자료>참고자료>실용 가이드	51350				618	ALADIN	거실-우측책장	
2025. 10. 24 오후 2:55:35	9788934990307	나는 풍요로웠고, 지구는 달라졌다	호프 자런 (지은이), 김은령 (옮긴이)	김영사	2020-09-07	https://image.aladin.co.kr/product/25039/64/cover500/8934990309_1.jpg	국내도서>과학>지구과학>기상학/기후	16800				276	ALADIN	거실-우측책장	
2025. 10. 24 오후 2:55:42	9788989566823	각자도생의 세계와 지정학 - 미국 없는 세계에서 어떤 국가가 부상하고 어떤 국가가 몰락하는가	피터 자이한 (지은이), 홍지수 (옮긴이)	김앤김북스	2021-02-01	https://image.aladin.co.kr/product/26296/86/cover500/8989566827_1.jpg	국내도서>사회과학>정치학/외교학/행정학>세계패권과 국제질서	19000				496	ALADIN	거실-우측책장	
2025. 10. 24 오후 2:55:49	9780063230477	The End of the World Is Just the Beginning: Mapping the Collapse of Globalization (Hardcover) - 『붕괴하는 세계와 인구학』원서	피터 자이한 (지은이)	Harper Business	2022-06-14	https://image.aladin.co.kr/product/27842/28/cover500/006323047x_1.jpg	외국도서>인문/사회>사회과학>사회과학 일반	52400				512	ALADIN	거실-우측책장	
2025. 10. 24 오후 2:55:56	9788965706908	초격차 - 넘볼 수 없는 차이를 만드는 격	권오현 (지은이), 김상근 (정리)	쌤앤파커스	2018-09-10	https://image.aladin.co.kr/product/16628/32/cover500/8965706904_1.jpg	국내도서>경제경영>기업/경영자 스토리>국내 기업/경영자	18000	절판			336	ALADIN	거실-우측책장	
2025. 10. 24 오후 2:56:11	9788984071858	천국에서 만난 다섯 사람	미치 앨봄 (지은이), 공경희 (옮긴이)	세종(세종서적)	2005-03-20	https://image.aladin.co.kr/product/54/95/cover500/8984071854_1.jpg	국내도서>소설/시/희곡>영미소설	9000	구판절판			246	ALADIN	거실-우측책장	
2025. 10. 24 오후 2:56:19	9788972758389	노변의 피크닉	아르카디 나타노비치 스트루가츠키, 보리스 나타노비치 스트루가츠키 (지은이), 이보석 (옮긴이)	현대문학	2017-12-18	https://image.aladin.co.kr/product/12611/20/cover500/8972758388_1.jpg	국내도서>소설/시/희곡>과학소설(SF)>외국 과학소설	16800		스트루가츠키 형제 걸작선 		380	ALADIN	거실-우측책장	
2025. 10. 24 오후 2:56:28	9791190090674	내가 행복한 이유	그렉 이건 (지은이), 김상훈 (옮긴이)	허블	2022-08-16	https://image.aladin.co.kr/product/29981/88/cover500/k812838247_1.jpg	국내도서>소설/시/희곡>과학소설(SF)>외국 과학소설	18500		워프 시리즈 1		532	ALADIN	거실-우측책장	
2025. 10. 24 오후 2:56:43	9788954685672	오래되고 멋진 클래식 레코드	무라카미 하루키 (지은이), 홍은주 (옮긴이)	문학동네	2022-03-25	https://image.aladin.co.kr/product/29083/16/cover500/8954685676_1.jpg	국내도서>에세이>외국에세이	25000		오래되고 멋진 클래식 레코드 1		356	ALADIN	거실-우측책장	
2025. 10. 24 오후 2:56:50	9788961884969	유대인 경찰연합 2 - 바르샤바 터널	마이클 셰이본 (지은이), 김효설 (옮긴이)	중앙books(중앙북스)	2009-03-05	https://image.aladin.co.kr/product/339/62/cover500/8961884964_1.jpg	국내도서>소설/시/희곡>영미소설	10000	절판			375	ALADIN	거실-우측책장	
2025. 10. 24 오후 2:56:59	9788961884952	유대인 경찰연합 1 - 예언자 멘델의 죽음	마이클 셰이본 (지은이), 김효설 (옮긴이)	중앙books(중앙북스)	2009-03-05	https://image.aladin.co.kr/product/339/62/cover500/8961884956_1.jpg	국내도서>소설/시/희곡>영미소설	10000	절판			375	ALADIN	거실-우측책장	
2025. 10. 24 오후 2:57:15	9788901165813	x의 즐거움 - 인생을 해석하고 지성을 자극하는 수학 여행	스티븐 스트로가츠 (지은이), 이충호 (옮긴이)	웅진지식하우스	2014-07-14	https://image.aladin.co.kr/product/4377/47/cover500/8901165813_1.jpg	국내도서>과학>수학>쉽게 배우는 수학	15000				360	ALADIN	거실-우측책장	
2025. 10. 24 오후 2:57:24	9788983711885	수학의 확실성	모리스 클라인 (지은이), 심재관 (옮긴이)	사이언스북스	2007-03-30	https://image.aladin.co.kr/product/90/93/cover500/8983711884_2.jpg	국내도서>과학>수학>수학 일반	30000		사이언스 클래식 7		640	ALADIN	거실-우측책장	
2025. 10. 24 오후 2:57:34	9788965962656	뷰티풀 퀘스천 - 세상에 숨겨진 아름다움의 과학	프랭크 윌첵 (지은이), 박병철 (옮긴이), 김상욱 (감수)	흐름출판	2018-06-15	https://image.aladin.co.kr/product/13169/81/cover500/896596265x_1.jpg	국내도서>과학>기초과학/교양과학	32000				552	ALADIN	거실-우측책장	
2025. 10. 24 오후 2:57:43	9788934956884	1,2,3 그리고 무한 - 칼링가 상 수상자 대표작	조지 가모브 (지은이), 김혜원 (옮긴이), 곽영직 (해제)	김영사	2012-04-16	https://image.aladin.co.kr/product/1640/71/cover500/8934956887_2.jpg	국내도서>과학>기초과학/교양과학	22000		김영사 모던&클래식 		476	ALADIN	거실-우측책장	
2025. 10. 24 오후 2:58:37	9788950979959	이토록 아름다운 수학이라면 - 내 인생의 X값을 찾아줄 감동의 수학 강의	최영기 (지은이)	21세기북스	2019-03-11	https://image.aladin.co.kr/product/18617/97/cover500/8950979950_1.jpg	국내도서>과학>수학>수학 일반	17000		서가명강 시리즈 3		236	ALADIN	거실-우측책장	
2025. 10. 24 오후 2:59:21	9788997743384	어쩌면 우리가 거꾸로 해왔던 것들 - 나와 당신을 되돌아보는, 지혜의 심리학	김경일 (지은이)	진성북스	2018-04-02	https://image.aladin.co.kr/product/13788/42/cover500/8997743384_2.jpg	국내도서>자기계발>인간관계>교양심리학	15000				272	ALADIN	거실-우측책장	
2025. 10. 24 오후 2:59:32	9788950979409	나는 매주 시체를 보러 간다 (알라딘 단독 리커버) - 서울대학교 최고의 ‘죽음’ 강의	유성호 (지은이)	21세기북스	2019-01-23	https://image.aladin.co.kr/product/37279/85/cover500/k542031422_1.jpg	국내도서>인문학>교양 인문학	18000				280	ALADIN	거실-우측책장	
2025. 10. 24 오후 2:59:39	9791196460747	드뷔시의 파리 : 벨 에포크 시대의 초상	캐서린 카우츠키 (지은이), 배인혜 (옮긴이)	만복당	2020-05-30	https://image.aladin.co.kr/product/24153/37/cover500/k102639546_1.jpg	국내도서>예술/대중문화>음악>음악가	18000				380	ALADIN	거실-우측책장	
2025. 10. 24 오후 3:00:14	9788993094688	바벨-17	새뮤얼 딜레이니 (지은이), 김상훈 (옮긴이)	폴라북스(현대문학)	2013-04-26	https://image.aladin.co.kr/product/2615/41/cover500/8993094683_1.jpg	국내도서>소설/시/희곡>과학소설(SF)>외국 과학소설	13000		미래의 문학 3		348	ALADIN	거실-우측책장	
2025. 10. 24 오후 3:00:24	9791190652001	별을 위한 시간	로버트 A. 하인라인 (지은이), 최세진 (옮긴이)	아작	2020-02-20	https://image.aladin.co.kr/product/23292/32/cover500/k792637711_1.jpg	국내도서>소설/시/희곡>과학소설(SF)>외국 과학소설	14800				336	ALADIN	거실-우측책장	
2025. 10. 24 오후 3:00:33	9788955616491	우연을 길들이다 - 통계는 어떻게 우연을 과학으로 만들었는가?	이언 해킹 (지은이), 정혜경 (옮긴이)	바다출판사	2012-10-02	https://image.aladin.co.kr/product/2013/20/cover500/895561649x_1.jpg	국내도서>인문학>서양철학>현대철학>현대철학 일반	25000	구판절판			493	ALADIN	거실-우측책장	
2025. 10. 24 오후 3:00:43	9788961390323	아름다움은 왜 진리인가 - 대칭의 역사	이언 스튜어트 (지은이), 안재권, 안기연 (옮긴이)	승산	2010-03-12	https://image.aladin.co.kr/product/660/29/cover500/8961390325_1.jpg	국내도서>과학>수학>수학사	20000		승산의 대칭 시리즈 3		432	ALADIN	거실-우측책장	
2025. 10. 24 오후 3:00:56	9788937479793	내 이름은 빨강 1	오르한 파묵 (지은이), 이난아 (옮긴이)	민음사	2019-10-28	https://image.aladin.co.kr/product/21424/16/cover500/8937479796_3.jpg	국내도서>소설/시/희곡>세계의 소설>중동/튀르키예소설	13000		민음사 세계문학전집 51		404	ALADIN	거실-우측책장	
2025. 10. 24 오후 3:01:04	9788937479809	내 이름은 빨강 2	오르한 파묵 (지은이), 이난아 (옮긴이)	민음사	2019-10-28	https://image.aladin.co.kr/product/21424/51/cover500/893747980x_2.jpg	국내도서>소설/시/희곡>세계의 소설>중동/튀르키예소설	13000		민음사 세계문학전집 52		408	ALADIN	거실-우측책장	
2025. 10. 24 오후 3:01:23	9791158889609	당신들은 이렇게 시간 전쟁에서 패배한다	아말 엘모타르, 맥스 글래드스턴 (지은이), 장성주 (옮긴이)	황금가지	2021-07-16	https://image.aladin.co.kr/product/31673/8/cover500/k832833672_1.jpg	국내도서>소설/시/희곡>과학소설(SF)>외국 과학소설	16800				284	ALADIN	거실-우측책장	
2025. 10. 24 오후 3:01:36	9791187206446	라마와의 랑데부	아서 C. 클라크 (지은이), 박상준 (옮긴이)	아작	2017-03-19	https://image.aladin.co.kr/product/10551/10/cover500/k312530238_1.jpg	국내도서>소설/시/희곡>과학소설(SF)>외국 과학소설	14800				384	ALADIN	거실-우측책장	
2025. 10. 24 오후 3:01:44	9788932917313	스타타이드 라이징 1	데이비드 브린 (지은이), 최용준 (옮긴이)	열린책들	2015-12-30	https://image.aladin.co.kr/product/7237/87/cover500/8932917310_1.jpg	국내도서>소설/시/희곡>과학소설(SF)>외국 과학소설	12800	절판			400	ALADIN	거실-우측책장	
2025. 10. 24 오후 3:01:52	9788932917320	스타타이드 라이징 2	데이비드 브린 (지은이), 최용준 (옮긴이)	열린책들	2015-12-30	https://image.aladin.co.kr/product/7237/89/cover500/8932917329_1.jpg	국내도서>소설/시/희곡>과학소설(SF)>외국 과학소설	12800	절판			384	ALADIN	거실-우측책장	
2025. 10. 24 오후 3:02:02	9788954688963	타이탄의 세이렌	커트 보니것 (지은이), 강동혁 (옮긴이)	문학동네	2022-10-24	https://image.aladin.co.kr/product/30367/25/cover500/8954688969_1.jpg	국내도서>소설/시/희곡>과학소설(SF)>외국 과학소설	16500				432	ALADIN	거실-우측책장	
2025. 10. 24 오후 3:03:33	9791188547210	노바	새뮤얼 딜레이니 (지은이), 공보경 (옮긴이)	폴라북스(현대문학)	2022-05-30	https://image.aladin.co.kr/product/29537/51/cover500/k162837952_1.jpg	국내도서>소설/시/희곡>과학소설(SF)>외국 과학소설	16500		미래의 문학 10		424	ALADIN	거실-우측책장	
2025. 10. 24 오후 3:03:40	9791190090780	쿼런틴	그렉 이건 (지은이), 김상훈 (옮긴이)	허블	2022-12-21	https://image.aladin.co.kr/product/30721/2/cover500/k112830246_1.jpg	국내도서>소설/시/희곡>과학소설(SF)>외국 과학소설	17500		워프 시리즈 4		468	ALADIN	거실-우측책장	
2025. 10. 24 오후 3:03:45	9791187206323	중력의 임무	할 클레멘트 (지은이), 안정희 (옮긴이)	아작	2016-11-25	https://image.aladin.co.kr/product/9747/13/cover500/k092535345_2.jpg	국내도서>소설/시/희곡>과학소설(SF)>외국 과학소설	14800	구판절판			384	ALADIN	거실-우측책장	
2025. 10. 24 오후 3:04:01	9788995529737	저주받은 자, 딜비쉬 - 딜비쉬 연대기 1, 이색작가총서 2	로저 젤라즈니 (지은이), 김상훈 (옮긴이)	너머	2005-05-30	https://image.aladin.co.kr/product/56/30/cover500/8995529733_2.jpg	국내도서>소설/시/희곡>판타지/환상문학>외국판타지/환상소설	10000				447	ALADIN	거실-우측책장	
2025. 10. 24 오후 3:04:11	9788995529744	변화의 땅 - 딜비쉬 연대기 2, 이색작가총서 3	로저 젤라즈니 (지은이), 김상훈 (옮긴이)	너머	2005-09-12	https://image.aladin.co.kr/product/58/37/cover500/8995529741_2.jpg	국내도서>소설/시/희곡>판타지/환상문학>외국판타지/환상소설	10000				352	ALADIN	거실-우측책장	
2025. 10. 24 오후 3:04:21	9791188287215	[큰글씨도서] 로또9단 1등 분석기법  - 과학적 분석으로 로또 1등에 도전한다!	이승윤 (지은이)	푸른e미디어	2021-01-15	https://image.aladin.co.kr/product/26056/10/cover500/k182737151_3.jpg	국내도서>건강/취미>취미기타>기타	19800				228	ALADIN	거실-우측책장	
2025. 10. 24 오후 3:04:29	9788968482274	누워서 읽는 알고리즘 - 프로그래밍 상상력을 키워주는 알고리즘 이야기	임백준 (지은이)	한빛미디어	2015-10-20	https://image.aladin.co.kr/product/6841/47/cover500/8968482276_1.jpg	국내도서>컴퓨터/모바일>컴퓨터 공학>자료구조/알고리즘	15000				280	ALADIN	거실-우측책장	
2025. 10. 24 오후 3:04:39	9780945760849	Lotto How to Wheel a Fortune 2007: Win Lotto by Mathematical Probability, Not by Chance (Paperback) - Win Lotto by Mathematical Probability, Not by Chance	게일 하워드 (지은이)	Smart Luck Pub	2011-05-30	https://image.aladin.co.kr/product/142/54/cover500/0945760841_1.jpg	외국도서>게임/토이>게임>겜블링>복권	41340				434	ALADIN	거실-우측책장	
2025. 10. 24 오후 3:04:53	9788981723422	어떻게 문제를 풀 것인가? - 수학적 사고방식	조지 폴리아 (지은이), 우정호 (옮긴이)	교우사(교재)	2005-03-30	https://image.aladin.co.kr/product/39/6/cover500/s812635984_1.jpg	국내도서>대학교재/전문서적>인문계열>철학	25000				338	ALADIN	거실-우측책장	
2025. 10. 24 오후 3:05:07	9791186978801	신은 주사위 놀이를 하지 않는다 - 로또부터 진화까지, 우연한 일들의 법칙	데이비드 핸드 (지은이), 전대호 (옮긴이)	더퀘스트	2016-04-08	https://image.aladin.co.kr/product/8108/92/cover500/k812434148_1.jpg	국내도서>과학>기초과학/교양과학	17000	구판절판			300	ALADIN	거실-우측책장	
2025. 10. 24 오후 3:06:01	9791189327156	물고기는 존재하지 않는다 - 상실, 사랑 그리고 숨어 있는 삶의 질서에 관한 이야기	룰루 밀러 (지은이), 정지인 (옮긴이)	곰출판	2021-12-17	https://image.aladin.co.kr/product/28465/73/cover500/k092835920_2.jpg	국내도서>과학>기초과학/교양과학	17000				300	ALADIN	거실-우측책장	
2025. 10. 24 오후 3:06:10	9791190555746	위대한 피아니스트 1	해럴드 C. 숀버그 (지은이), 박유진 (옮긴이), 조은아 (감수)	클	2021-10-06	https://image.aladin.co.kr/product/28084/32/cover500/k922734745_1.jpg	국내도서>예술/대중문화>음악>음악가	21000		위대한 피아니스트 1		444	ALADIN	거실-우측책장	
2025. 10. 24 오후 3:06:21	9791190555753	위대한 피아니스트 2	해럴드 C. 숀버그 (지은이), 박유진 (옮긴이), 조은아 (감수)	클	2021-10-06	https://image.aladin.co.kr/product/28084/36/cover500/k112734745_1.jpg	국내도서>예술/대중문화>음악>음악가	21000		위대한 피아니스트 2		452	ALADIN	거실-우측책장	
2025. 10. 24 오후 3:07:27	9791185415345	그건 우연이 아니야 - 아주 우연한 사건에 관한 수학적 고찰	조지프 마주르 (지은이), 노태복 (옮긴이)	에이도스	2019-11-11	https://image.aladin.co.kr/product/21574/38/cover500/k412636598_1.jpg	국내도서>과학>기초과학/교양과학	17000				314	ALADIN	거실-우측책장	
2025. 10. 24 오후 3:07:34	9791187147589	법정에 선 수학 - 수학이 판결을 뒤바꾼 세기의 재판 10	레일라 슈넵스, 코랄리 콜메즈 (지은이), 김일선 (옮긴이)	아날로그(글담)	2020-09-05	https://image.aladin.co.kr/product/24975/18/cover500/k942632701_1.jpg	국내도서>과학>수학>쉽게 배우는 수학	18000				352	ALADIN	거실-우측책장	
2025. 10. 24 오후 3:07:41	9791165215842	이토록 뜻밖의 뇌과학 - 뇌가 당신에 관해 말할 수 있는 7과 1/2가지 진실	리사 펠드먼 배럿 (지은이), 변지영 (옮긴이), 정재승 (감수)	더퀘스트	2021-08-05	https://image.aladin.co.kr/product/27606/41/cover500/k922733927_1.jpg	국내도서>과학>뇌과학>뇌과학 일반	18800				244	ALADIN	거실-우측책장	
2025. 10. 24 오후 3:07:49	9788970651750	손자병법 (보급판 문고본) - Hand in Hand Library	손무 (지은이), 유동환 (옮긴이)	홍익	2008-05-01	https://image.aladin.co.kr/product/212/76/cover500/8970651756_1.jpg	국내도서>고전>동양고전문학>중국고전-산문	6500	품절			230	ALADIN	거실-우측책장	
2025. 10. 24 오후 3:08:01	9791157830572	개소리에 대하여	해리 G. 프랭크퍼트 (지은이), 이윤 (옮긴이)	필로소픽	2016-10-31	https://image.aladin.co.kr/product/7492/7/cover500/s982732770_1.jpg	국내도서>인문학>서양철학>서양철학 일반	9000	구판절판			96	ALADIN	거실-우측책장	
2025. 10. 24 오후 3:08:57	9788986834741	앰버 연대기 1 - 앰버의 아홉 왕자	로저 젤라즈니 (지은이), 김상훈 (옮긴이)	예문	1999-02-11	https://image.aladin.co.kr/product/9/72/cover500/898683474x_1.gif	국내도서>소설/시/희곡>판타지/환상문학>외국판타지/환상소설	7500	절판			316	ALADIN	거실-우측책장	
2025. 10. 24 오후 3:09:18	9788986834758	앰버 연대기 2 - 아발론의 총	로저 젤라즈니 (지은이), 김상훈 (옮긴이)	예문	1999-02-11	https://image.aladin.co.kr/product/9/39/cover500/8986834545_1.gif	국내도서>소설/시/희곡>판타지/환상문학>외국판타지/환상소설	7500	절판			316	ALADIN	거실-우측책장	
2025. 10. 24 오후 3:09:27	9788986834765	앰버 연대기 3 - 유니콘의 상징	로저 젤라즈니 (지은이), 김상훈 (옮긴이)	예문	1999-05-13	https://image.aladin.co.kr/product/19/28/cover500/8986834766_1.gif	국내도서>소설/시/희곡>판타지/환상문학>외국판타지/환상소설	7500	절판			272	ALADIN	거실-우측책장	
2025. 10. 24 오후 3:09:32	9788986834772	앰버 연대기 4 - 오베론의 손	로저 젤라즈니 (지은이), 김상훈 (옮긴이)	예문	2000-10-23	https://image.aladin.co.kr/product/25/29/cover500/8986834774_1.gif	국내도서>소설/시/희곡>판타지/환상문학>외국판타지/환상소설	7500	절판			270	ALADIN	거실-우측책장	
2025. 10. 24 오후 3:09:38	9788986834789	앰버 연대기 5 - 혼돈의 궁정	로저 젤라즈니 (지은이), 김상훈 (옮긴이)	예문	2000-10-23	https://image.aladin.co.kr/product/25/29/cover500/8986834782_1.gif	국내도서>소설/시/희곡>판타지/환상문학>외국판타지/환상소설	7500	절판			256	ALADIN	거실-우측책장	
2025. 10. 24 오후 3:09:45	9788965964674	믿는 인간에 대하여 - 라틴어 수업, 두 번째 시간	한동일 (지은이)	흐름출판	2021-09-30	https://image.aladin.co.kr/product/27964/63/cover500/8965964679_1.jpg	국내도서>인문학>교양 인문학	16000	절판			288	ALADIN	거실-우측책장	
2025. 10. 24 오후 3:09:52	9788989566731	21세기 미국의 패권과 지정학	피터 자이한 (지은이), 홍지수, 정훈 (옮긴이)	김앤김북스	2018-07-30	https://image.aladin.co.kr/product/15848/10/cover500/8989566738_1.jpg	국내도서>사회과학>정치학/외교학/행정학>세계패권과 국제질서	18000				496	ALADIN	거실-우측책장	
2025. 10. 24 오후 3:09:59	9791191425581	제프 베조스, 발명과 방황 - 어린 시절부터 아마존을 거쳐 블루 오리진까지	제프 베조스 (지은이), 이영래 (옮긴이), 월터 아이작슨	위즈덤하우스	2021-02-19	https://image.aladin.co.kr/product/26410/84/cover500/k422738429_2.jpg	국내도서>경제경영>기업/경영자 스토리>국외 기업/경영자	22000				396	ALADIN	거실-우측책장	
2025. 10. 24 오후 3:10:07	9788947545143	피터 드러커의 자기경영노트	피터 드러커 (지은이), 장영철 (옮긴이)	한국경제신문	2024-05-30	https://image.aladin.co.kr/product/34014/99/cover500/8947545147_2.jpg	국내도서>경제경영>기업/경영자 스토리>국외 기업/경영자	19000				332	ALADIN	거실-우측책장	
2025. 10. 24 오후 3:10:15	9788947524209	피터 드러커의 자기경영노트	피터 드러커 (지은이), 이재규 (옮긴이)	한국경제신문	2003-04-01	https://image.aladin.co.kr/product/40/46/cover500/8947524204_3.jpg	국내도서>경제경영>기업/경영자 스토리>국외 기업/경영자	13000	구판절판			254	ALADIN	거실-우측책장	
2025. 10. 24 오후 3:10:26	9791165342159	초격차 : 리더의 질문 - 위기와 기회의 시대, 기업의 길을 묻다	권오현 (지은이)	쌤앤파커스	2020-09-10	https://image.aladin.co.kr/product/25039/94/cover500/k432632927_1.jpg	국내도서>경제경영>기업 경영>경영전략/혁신	18000				296	ALADIN	거실-우측책장	
2025. 10. 24 오후 3:10:42	9791165340971	디즈니만이 하는 것 The Ride of a Lifetime - CEO 밥 아이거가 직접 쓴 디즈니 제국의 비밀	로버트 아이거 (지은이), 안진환 (옮긴이)	쌤앤파커스	2020-05-04	https://image.aladin.co.kr/product/23835/21/cover500/k332639381_1.jpg	국내도서>경제경영>기업/경영자 스토리>국외 기업/경영자	19800				416	ALADIN	거실-우측책장	
2025. 10. 24 오후 3:10:51	9788997743179	이끌지 말고 따르게 하라 - 새로운 리더십을 위한 지혜의 심리학	김경일 (지은이)	진성북스	2015-07-30	https://image.aladin.co.kr/product/6401/26/cover500/8997743171_2.jpg	국내도서>자기계발>리더십>리더십	15000				324	ALADIN	거실-우측책장	
2025. 10. 24 오후 3:11:01	9791160505061	누구나 자료 구조와 알고리즘 - 상식으로 이해하는 자료 구조와 알고리즘!	제이 웬그로우 (지은이), 심지현 (옮긴이)	길벗	2018-06-30	https://image.aladin.co.kr/product/15255/22/cover500/k072533779_1.jpg	국내도서>컴퓨터/모바일>컴퓨터 공학>자료구조/알고리즘	16000	구판절판			308	ALADIN	거실-우측책장	
2025. 10. 24 오후 3:11:23	9788901116167	여자를 증오한 남자들 2	스티그 라르손 (지은이), 임호경 (옮긴이)	뿔(웅진)	2011-01-10	https://image.aladin.co.kr/product/841/59/cover500/8901116162_2.jpg	국내도서>소설/시/희곡>액션/스릴러소설>외국 액션/스릴러소설	13000	구판절판			420	ALADIN	거실-우측책장	
2025. 10. 24 오후 3:11:29	9788901116150	여자를 증오한 남자들 1	스티그 라르손 (지은이), 임호경 (옮긴이)	뿔(웅진)	2011-01-10	https://image.aladin.co.kr/product/841/59/cover500/8901116154_2.jpg	국내도서>소설/시/희곡>액션/스릴러소설>외국 액션/스릴러소설	13000	구판절판	밀레니엄 (뿔) 1		420	ALADIN	거실-우측책장	
2025. 10. 24 오후 3:11:35	9791191187328	판타 레이 - 혁명과 낭만의 유체 과학사	민태기 (지은이)	사이언스북스	2021-12-31	https://image.aladin.co.kr/product/28584/80/cover500/k362835640_1.jpg	국내도서>과학>기초과학/교양과학	30000				548	ALADIN	거실-우측책장	
2025. 10. 24 오후 3:11:44	9788991239739	너무 친한 친구들	넬레 노이하우스 (지은이), 김진아 (옮긴이)	북로드	2011-06-20	https://image.aladin.co.kr/product/1191/37/cover500/8991239730_2.jpg	국내도서>소설/시/희곡>추리/미스터리소설>기타국가 추리/미스터리소설	16800		스토리콜렉터 4		416	ALADIN	거실-우측책장	
2025. 10. 24 오후 3:12:06	9780986274220	Wayside School Gets a Little Stranger 웨이사이드 스쿨 3 (영어원서 + 워크북 + MP3 CD 1장)	루이스 새커 (지은이), 데이먼 오, 정소이 (감수)	롱테일북스	2015-04-01	https://image.aladin.co.kr/product/5495/93/cover500/0986274224_1.jpg	국내도서>외국어>영어독해	14000	구판절판	뉴베리 컬렉션 16		328	ALADIN	거실-우측책장	
2025. 10. 24 오후 3:12:13	9780986274213	Wayside School is Falling Down 웨이사이드 스쿨 2 (영어원서 + 워크북 + MP3 CD 1장)	루이스 새커 (지은이), 김보경, 데이먼 오 (감수)	롱테일북스	2015-03-16	https://image.aladin.co.kr/product/5420/58/cover500/0986274216_1.jpg	국내도서>외국어>영어독해	14000	구판절판	뉴베리 컬렉션 15		328	ALADIN	거실-우측책장	
2025. 10. 24 오후 3:12:29	9791186559208	고음질 명반 가이드북 - 원음을 담은, 오디오 생활의 필수품	이장호 (지은이)	안나푸르나	2017-06-11	https://image.aladin.co.kr/product/11131/67/cover500/k152531880_1.jpg	국내도서>예술/대중문화>음악>음악이야기	22000	절판	Annapurna’s Record Guide Book 1		292	ALADIN	거실-우측책장	
2025. 10. 24 오후 3:12:37	9788993818987	쇼팽을 찾아서 - 비르투오소의 면모들	알프레드 코르토 (지은이), 이세진 (옮긴이)	포노(PHONO)	2019-07-01	https://image.aladin.co.kr/product/19598/41/cover500/8993818983_1.jpg	국내도서>예술/대중문화>음악>음악가	17000		거장이 만난 거장 4		364	ALADIN	거실-우측책장	
2025. 10. 24 오후 3:12:46	9788933870693	설민석의 조선왕조실록 - 대한민국이 선택한 역사 이야기	설민석 (지은이), 최준석 (그림)	세계사	2016-07-25	https://image.aladin.co.kr/product/8749/45/cover500/8933870695_3.jpg	국내도서>역사>조선사>조선시대 일반	25000				504	ALADIN	거실-우측책장	
2025. 10. 24 오후 3:13:04	9788965960126	마흔에 읽는 손자병법 - 내 인생의 전환점	강상구 (지은이)	흐름출판	2011-07-20	https://image.aladin.co.kr/product/1246/99/cover500/8965960126_1.jpg	국내도서>자기계발>중년의 자기계발	17000				328	ALADIN	거실-우측책장	
2025. 10. 24 오후 3:13:13	9791157830794	주석 달린 플랫랜드	서민아, 강국진 (옮긴이)	필로소픽	2017-04-30	https://image.aladin.co.kr/product/10846/23/cover500/k882531968_1.jpg	국내도서>소설/시/희곡>과학소설(SF)>외국 과학소설	18500				376	ALADIN	거실-우측책장	
2025. 10. 24 오후 3:13:21	9788947529877	제로 투 원 - 스탠퍼드 대학교 스타트업 최고 명강의	피터 틸, 블레이크 매스터스 (지은이), 이지연 (옮긴이)	한국경제신문	2014-11-20	https://image.aladin.co.kr/product/4908/56/cover500/8947529877_1.jpg	국내도서>경제경영>창업/취업/은퇴>벤처/스타트업/인터넷창업	16000	품절			252	ALADIN	거실-우측책장	
2025. 10. 24 오후 3:13:27	9788962621693	인포메이션 - 인간과 우주에 담긴 정보의 빅히스토리	제임스 글릭 (지은이), 박래선, 김태훈 (옮긴이), 김상욱 (감수)	동아시아	2017-01-18	https://image.aladin.co.kr/product/5686/88/cover500/896262169x_1.jpg	국내도서>인문학>교양 인문학	25000				656	ALADIN	거실-우측책장	
2025. 10. 24 오후 3:13:34	9791160501087	필립 코틀러의 마켓 4.0 - 4차 산업혁명이 뒤바꾼 시장을 선점하라	필립 코틀러, 허마원 카타자야, 이완 세티아완 (지은이), 이진원 (옮긴이)	더퀘스트	2017-02-17	https://image.aladin.co.kr/product/10243/95/cover500/k562536089_1.jpg	국내도서>경제경영>트렌드/미래전망>트렌드/미래전망 일반	16000	절판			284	ALADIN	거실-우측책장	
2025. 10. 24 오후 3:13:40	9788990247650	90일 안에 장악하라 - 최신 개정증보판, 부임 3개월 안에 조직과 업무를 완벽히 장악하는 방법	마이클 왓킨스 (지은이), 박상준 (옮긴이)	동녘사이언스	2018-02-09	https://image.aladin.co.kr/product/13364/30/cover500/8990247659_1.jpg	국내도서>자기계발>리더십>리더십	18000				304	ALADIN	거실-우측책장	
2025. 10. 24 오후 3:14:12	9791189327057	저글러, 땜장이, 놀이꾼, 디지털 세상을 설계하다 - 세상을 바꾼 괴짜 천재의 궁극의 놀이본능	지미 소니, 로브 굿맨 (지은이), 양병찬 (옮긴이)	곰출판	2020-02-20	https://image.aladin.co.kr/product/23374/70/cover500/k172637115_1.jpg	국내도서>과학>과학의 이해>과학사/기술사	22000				476	ALADIN	거실-우측책장	
2025. 10. 24 오후 3:14:21	9788937417566	클라라와 태양	가즈오 이시구로 (지은이), 홍한별 (옮긴이)	민음사	2021-03-29	https://image.aladin.co.kr/product/26722/1/cover500/8937417561_2.jpg	국내도서>소설/시/희곡>영미소설	17000				448	ALADIN	거실-우측책장	
2025. 10. 24 오후 3:14:29	9788971997048	명리 : 운명을 읽다 - 기초편	강헌 (지은이)	돌베개	2015-12-14	https://image.aladin.co.kr/product/7189/0/cover500/8971997044_1.jpg	국내도서>인문학>동양철학>동양철학 일반	16000		명리 시리즈 		336	ALADIN	거실-우측책장	
2025. 10. 24 오후 3:14:35	9788971997901	명리 : 운명을 조율하다 - 심화편	강헌 (지은이)	돌베개	2016-12-30	https://image.aladin.co.kr/product/9950/20/cover500/8971997907_1.jpg	국내도서>인문학>동양철학>동양철학 일반	20000		명리 시리즈 		452	ALADIN	거실-우측책장	
2025. 10. 24 오후 3:14:41	9791160022117	몽테뉴의 수상록	미셸 에켐 드 몽테뉴 (지은이), 정영훈 (엮은이), 안해린 (옮긴이)	메이트북스	2019-02-15	https://image.aladin.co.kr/product/18153/26/cover500/k392534148_2.jpg	국내도서>인문학>서양철학>근대철학>근대철학 일반	12000		메이트북스 클래식 1		200	ALADIN	거실-우측책장	
2025. 10. 24 오후 3:15:01	9788901253411	전망하는 인간, 호모 프로스펙투스 - 오직 인간만이 미래를 생각한다	마틴 셀리그먼, 로이 바우마이스터, 피터 레일턴, 찬드라 스리파다 (지은이), 김경일, 김태훈 (옮긴이)	웅진지식하우스	2021-10-04	https://image.aladin.co.kr/product/28033/68/cover500/8901253410_1.jpg	국내도서>인문학>교양 인문학	25000				480	ALADIN	거실-우측책장	
2025. 10. 24 오후 3:15:17	9788954657877	로마법 수업 - 흔들리지 않는 삶을 위한 천 년의 학교	한동일 (지은이)	문학동네	2019-09-26	https://image.aladin.co.kr/product/20775/11/cover500/8954657877_1.jpg	국내도서>인문학>교양 인문학	15500	절판			268	ALADIN	거실-우측책장	
2025. 10. 24 오후 3:15:27	9791190182560	인간 본성의 법칙	로버트 그린 (지은이), 이지연 (옮긴이)	위즈덤하우스	2019-07-29	https://image.aladin.co.kr/product/19973/61/cover500/k742635941_2.jpg	국내도서>인문학>심리학/정신분석학>교양 심리학	32000		인간 본성의 법칙 		920	ALADIN	거실-우측책장	
2025. 10. 24 오후 4:34:36	9788932903712	전날의 섬	움베르토 에코 (지은이), 이윤기 (옮긴이)	열린책들	2001-11-15	https://image.aladin.co.kr/product/30/30/cover500/8932903719_1.jpg	국내도서>소설/시/희곡>세계의 소설>이탈리아소설	15800	품절			706	ALADIN	마루-BS_L_5	
2025. 10. 24 오후 4:38:18	9788954621809	HQ 해리 쿼버트 사건의 진실 2	조엘 디케르 (지은이)	문학동네	2013-08-08	https://image.aladin.co.kr/product/2943/4/cover500/8954621805_1.jpg	국내도서>소설/시/희곡>프랑스소설	13800	절판			416	ALADIN		
2025. 10. 24 오후 4:54:20	9788979149357	엑셀 매크로 & VBA 바이블 - 회사에서 필요한 코드는 모두 있다!	최준선 (지은이)	한빛미디어	2012-06-29	https://image.aladin.co.kr/product/1779/71/cover500/8979149352_1.jpg	국내도서>컴퓨터/모바일>오피스(엑셀/파워포인트)>엑셀	42000	절판	엑셀 바이블 시리즈 		1044	ALADIN		
2025. 10. 24 오후 5:06:51	9781119067726	Excel 2016 Power Programming with VBA (Paperback)	Walkenbach (지은이)	Wiley	2016-02-08	https://image.aladin.co.kr/product/5608/31/cover500/1119067723_2.jpg	외국도서>컴퓨터>데스크탑 애플리케이션>스프레드시트	101040				768	ALADIN		
2025. 10. 24 오후 7:06:29	9780375822742	The City of Ember (Paperback)	잔 뒤프라우 (지은이)	Yearling	2004-05-25	https://image.aladin.co.kr/product/63/98/cover500/0375822747_2.jpg	외국도서>어린이>픽션>문학 >판타지/매직 	11500				288	ALADIN		
2025. 10. 24 오후 7:20:26	9788995589618	천국의 열쇠	A. J. 크로닌 (지은이), 이윤기 (옮긴이)	섬앤섬	2005-04-10	https://image.aladin.co.kr/product/55/31/cover500/8995589612_3.jpg	국내도서>소설/시/희곡>영미소설	15000	구판절판			672	ALADIN	마루-BS_L_5	
2025. 10. 24 오후 7:22:44	9788932909059	히페리온	댄 시먼스 (지은이), 최용준 (옮긴이)	열린책들	2009-08-30	https://image.aladin.co.kr/product/446/24/cover500/8932909059_1.jpg	국내도서>소설/시/희곡>과학소설(SF)>외국 과학소설	15000	품절			636	ALADIN	마루-BS_L_5	
2025. 10. 24 오후 7:25:09	9788901251516	변화는 어떻게 일어나는가 - 새로운 행동, 믿음, 아이디어가 퍼져나가는 연결의 법칙	데이먼 센톨라 (지은이), 이충호 (옮긴이)	웅진지식하우스	2021-06-28	https://image.aladin.co.kr/product/27437/19/cover500/8901251515_1.jpg	국내도서>경제경영>트렌드/미래전망>트렌드/미래전망 일반	22000				424	ALADIN	거실-우측책장	
2025. 10. 24 오후 7:27:43	9791185459639	수학자는 행운을 믿지 않는다 - 주식에서 로또, 카지노까지 승리를 지배하는 베팅의 과학	애덤 쿠하르스키 (지은이), 정훈직 (옮긴이)	북라이프	2016-11-30	https://image.aladin.co.kr/product/9720/94/cover500/k722535142_1.jpg	국내도서>과학>수학>수학 일반	17500	절판			340	ALADIN	거실-우측책장	
2025. 10. 24 오후 7:28:31	9791191043518	테라피스트	B. A. 패리스 (지은이), 박설영 (옮긴이)	모모	2021-12-06	https://image.aladin.co.kr/product/28446/67/cover500/k512835515_1.jpg	국내도서>소설/시/희곡>액션/스릴러소설>외국 액션/스릴러소설	16000				420	ALADIN	거실-우측책장	
2025. 10. 25 오전 11:54:22	9788915032804	어린왕자	앙투안 드 생텍쥐페리 (지은이), 정진숙 (엮은이), 문계주 (그림)	삼성출판사	2003-08-01	https://image.aladin.co.kr/product/42/80/cover500/8915032802_1.jpg	국내도서>어린이>초등5~6학년>동화/명작/고전	6500	구판절판	삼성 어린이 세계명작 (고학년) 1		191	ALADIN		
2025. 10. 25 오후 12:20:09	9791160801590	과학자들 1 - 그래도 지구는 돈다	김재훈 (지은이)	휴머니스트	2018-09-27	https://image.aladin.co.kr/product/16234/14/cover500/k672534372_1.jpg	국내도서>과학>기초과학/교양과학	17000		과학자들 1		272	ALADIN		
2025. 10. 26 오후 11:31:47	9791197708572	이상한 집	우케쓰 (지은이), 김은모 (옮긴이)	리드비	2022-10-27	https://image.aladin.co.kr/product/30346/94/cover500/k252839542_1.jpg	국내도서>소설/시/희곡>호러.공포소설>외국 호러.공포소설	15000		우케쓰 이상한 시리즈 		248	ALADIN		
2025. 10. 27 오전 4:29:50	9788982738654	13계단 - 제47회 에도가와 란포상 수상작	다카노 가즈아키 (지은이), 전새롬 (옮긴이)	황금가지	2005-12-24	https://image.aladin.co.kr/product/61/14/cover500/8982738657_1.jpg	국내도서>소설/시/희곡>추리/미스터리소설>일본 추리/미스터리소설	16800	구판절판	밀리언셀러 클럽 29		384	ALADIN	거실-우측책장	
2025. 10. 27 오전 4:52:33	9788956601373	우리는 사랑일까 (리커버 특별판)	알랭 드 보통 (지은이), 공경희 (옮긴이)	은행나무	2018-02-28	https://image.aladin.co.kr/product/13500/99/cover500/k232532506_1.jpg	국내도서>소설/시/희곡>영미소설	12500	품절			399	ALADIN	거실-우측책장	
2025. 10. 27 오후 12:23:39	9788991239685	백설공주에게 죽음을	넬레 노이하우스 (지은이), 김진아 (옮긴이)	북로드	2011-02-11	https://image.aladin.co.kr/product/873/84/cover500/8991239684_2.jpg	국내도서>소설/시/희곡>추리/미스터리소설>기타국가 추리/미스터리소설	16800	품절	스토리콜렉터 2		524	ALADIN		
2025. 10. 27 오후 12:25:36	9788982737442	애거서 크리스티 전집 44 (완전판) - ABC 살인 사건	애거사 크리스티 (지은이), 김남주 (옮긴이)	황금가지	2007-11-09	https://image.aladin.co.kr/product/101/7/cover500/8982737448_2.jpg	국내도서>소설/시/희곡>추리/미스터리소설>영미 추리/미스터리소설	10000	품절	황금가지 애거서 크리스티 전집 44		338	ALADIN		
2025. 10. 27 오후 12:25:43	9788982737022	애거서 크리스티 전집 2 (완전판) - 그리고 아무도 없었다	애거사 크리스티 (지은이), 김남주 (옮긴이)	황금가지	2002-05-15	https://image.aladin.co.kr/product/34/89/cover500/8982737022_3.jpg	국내도서>소설/시/희곡>추리/미스터리소설>영미 추리/미스터리소설	10000	품절	황금가지 애거서 크리스티 전집 2		295	ALADIN		
2025. 10. 27 오후 12:25:54	9788982737039	애거서 크리스티 전집 3 (완전판) - 오리엔트 특급 살인	애거사 크리스티 (지은이), 신영희 (옮긴이)	황금가지	2002-05-15	https://image.aladin.co.kr/product/34/89/cover500/8982737030_2.jpg	국내도서>소설/시/희곡>추리/미스터리소설>영미 추리/미스터리소설	10000	품절	황금가지 애거서 크리스티 전집 3		301	ALADIN		
2025. 10. 27 오후 12:26:07	9788957591055	다 빈치 코드 - Illustrated Edition	댄 브라운 (지은이), 양선아 (옮긴이), 이창식 (감수)	북스캔(대교북스캔)	2005-05-11	https://image.aladin.co.kr/product/56/5/cover500/8957591052_2.jpg	국내도서>소설/시/희곡>추리/미스터리소설>영미 추리/미스터리소설	35000	절판			629	ALADIN		
2025. 10. 27 오후 12:26:20	9788932916194	창문 넘어 도망친 100세 노인	요나스 요나손 (지은이), 임호경 (옮긴이)	열린책들	2013-07-25	https://image.aladin.co.kr/product/2856/41/cover500/s932916195_2.jpg	국내도서>소설/시/희곡>세계의 소설>북유럽소설	16800		창문 넘어 도망친 100세 노인 		512	ALADIN		
2025. 10. 27 오후 12:26:35	9788932905389	환상의 책	폴 오스터 (지은이), 황보석 (옮긴이)	열린책들	2003-12-30	https://image.aladin.co.kr/product/45/14/cover500/893290538x_1.jpg	국내도서>소설/시/희곡>영미소설	12800	구판절판			424	ALADIN		
2025. 10. 27 오후 12:26:47	9788952733115	항해지도	아르투로 페레스 레베르테 (지은이), 조구호 (옮긴이)	시공사	2003-08-01	https://image.aladin.co.kr/product/42/74/cover500/8952733118_1.gif	국내도서>소설/시/희곡>액션/스릴러소설>외국 액션/스릴러소설	12000	품절			672	ALADIN		
2025. 10. 27 오후 12:26:57	9788952717740	뒤마 클럽	아르투로 페레스 레베르테 (지은이), 정창 (옮긴이)	시공사	2002-02-20	https://image.aladin.co.kr/product/33/28/cover500/8952717740_2.jpg	국내도서>소설/시/희곡>추리/미스터리소설>기타국가 추리/미스터리소설	9500	품절	시공사 장르문학 시리즈 		560	ALADIN		
2025. 10. 27 오후 12:27:10	9788932905631	검의 대가	아르투로 페레스 레베르테 (지은이), 김수진 (옮긴이)	열린책들	2004-09-10	https://image.aladin.co.kr/product/51/39/cover500/8932905630_1.gif	국내도서>소설/시/희곡>스페인/중남미소설	9500	품절			350	ALADIN	마루-BS_L5_T1	
2025. 10. 27 오후 12:27:23	9788932904009	플랑드르 거장의 그림	아르투로 페레스 레베르테 (지은이), 정창 (옮긴이)	열린책들	2002-02-25	https://image.aladin.co.kr/product/33/10/cover500/8932904006_1.gif	국내도서>소설/시/희곡>추리/미스터리소설>기타국가 추리/미스터리소설	9800	구판절판	열린책들 세계문학 216		505	ALADIN	마루-BS_L5_T1	
2025. 10. 27 오후 12:29:02	9788932906478	장미의 이름 - 상 - Mr. Know 세계문학 15	움베르토 에코 (지은이), 이윤기 (옮긴이)	열린책들	2006-02-25	https://image.aladin.co.kr/product/62/66/cover500/8932906475_1.jpg	국내도서>소설/시/희곡>추리/미스터리소설>기타국가 추리/미스터리소설	7800	절판	Mr. Know 세계문학 15		338	ALADIN	마루-BS_L5_T1	
2025. 10. 27 오후 12:29:21	9788932906485	장미의 이름 - 하	움베르토 에코 (지은이), 이윤기 (옮긴이)	열린책들	2006-02-25	https://image.aladin.co.kr/product/62/66/cover500/8932906483_1.jpg	국내도서>소설/시/희곡>추리/미스터리소설>기타국가 추리/미스터리소설	7800	절판	Mr. Know 세계문학 16		331	ALADIN	마루-BS_L5_T1	
2025. 10. 27 오후 12:29:30	9788932908366	로아나 여왕의 신비한 불꽃 -상	움베르토 에코 (지은이), 이세욱 (옮긴이)	열린책들	2008-07-01	https://image.aladin.co.kr/product/228/47/cover500/8932908362_1.jpg	국내도서>소설/시/희곡>세계의 소설>이탈리아소설	14800				372	ALADIN	마루-BS_L5_T1	
2025. 10. 27 오후 12:29:41	9788932908373	로아나 여왕의 신비한 불꽃 -하	움베르토 에코 (지은이), 이세욱 (옮긴이)	열린책들	2008-07-01	https://image.aladin.co.kr/product/228/47/cover500/8932908370_1.jpg	국내도서>소설/시/희곡>세계의 소설>이탈리아소설	14800				368	ALADIN	마루-BS_L5_T1	
2025. 10. 27 오후 12:29:54	9788932904290	바우돌리노 - 상	움베르토 에코 (지은이), 이현경 (옮긴이)	열린책들	2002-04-30	https://image.aladin.co.kr/product/34/62/cover500/8932904294_1.gif	국내도서>소설/시/희곡>세계의 소설>이탈리아소설	14800				408	ALADIN	마루-BS_L5_T1	
2025. 10. 27 오후 12:30:02	9788932904306	바우돌리노 - 하	움베르토 에코 (지은이), 이현경 (옮긴이)	열린책들	2002-04-30	https://image.aladin.co.kr/product/34/62/cover500/8932904308_2.jpg	국내도서>소설/시/희곡>세계의 소설>이탈리아소설	14800				410	ALADIN	마루-BS_L5_T1	
2025. 10. 27 오후 12:30:16	9788932907161	푸코의 진자 1 - 개정판	움베르토 에코 (지은이), 이윤기 (옮긴이)	열린책들	2007-01-10	https://image.aladin.co.kr/product/24/94/cover500/8932907161_2.jpg	국내도서>소설/시/희곡>추리/미스터리소설>기타국가 추리/미스터리소설	13800				407	ALADIN	마루-BS_L5_T1	
2025. 10. 27 오후 12:30:26	9788932907178	푸코의 진자 2 - 개정판	움베르토 에코 (지은이), 이윤기 (옮긴이)	열린책들	2007-01-10	https://image.aladin.co.kr/product/24/94/cover500/893290717x_1.jpg	국내도서>소설/시/희곡>추리/미스터리소설>기타국가 추리/미스터리소설	13800	구판절판			407	ALADIN	마루-BS_L5_T1	
2025. 10. 27 오후 12:30:33	9788932907185	푸코의 진자 3 - 개정판	움베르토 에코 (지은이), 이윤기 (옮긴이)	열린책들	2007-01-25	https://image.aladin.co.kr/product/24/94/cover500/8932907188_2.jpg	국내도서>소설/시/희곡>추리/미스터리소설>기타국가 추리/미스터리소설	13800	구판절판			407	ALADIN	마루-BS_L5_T1	
2025. 10. 27 오후 12:31:56	9788932906515	최후의 세계	크리스토프 란스마이어 (지은이), 장희권 (옮긴이)	열린책들	2006-02-25	https://image.aladin.co.kr/product/62/66/cover500/8932906513_1.jpg	국내도서>소설/시/희곡>판타지/환상문학>외국판타지/환상소설	7800	품절	Mr. Know 세계문학 19		260	ALADIN		
2025. 10. 27 오후 12:33:00	9788934919766	문명의 붕괴	재레드 다이아몬드 (지은이), 강주헌 (옮긴이)	김영사	2005-11-03	https://image.aladin.co.kr/product/59/46/cover500/8934919760_3.jpg	국내도서>인문학>문화/문화이론>문명/문명사	35800				788	ALADIN		
2025. 10. 27 오후 12:34:05	9788990230362	십자군 이야기 1 - 충격과 공포	김태권 (지은이)	길찾기	2003-12-10	https://image.aladin.co.kr/product/44/41/cover500/8990230365_1.gif	국내도서>역사>서양사>서양중세사	9800	구판절판	김태권의 십자군 이야기 5		298	ALADIN		
2025. 10. 27 오후 12:34:16	9788990230850	십자군 이야기 2 - 돌아온 악몽	김태권 (지은이)	길찾기	2005-08-10	https://image.aladin.co.kr/product/57/71/cover500/8990230853_1.jpg	국내도서>역사>서양사>서양중세사	9800	구판절판	김태권의 십자군 이야기 5		311	ALADIN		
2025. 10. 27 오후 12:34:24	9788993642353	김태권의 십자군 이야기 3 - 예루살렘 왕국과 멜리장드	김태권 (지은이)	비아북	2011-07-08	https://image.aladin.co.kr/product/1212/84/cover500/8993642354_2.jpg	국내도서>역사>서양사>서양중세사	12500		김태권의 십자군 이야기 3		235	ALADIN		
2025. 10. 27 오후 12:34:31	9788993642421	김태권의 십자군 이야기 4 - 무슬림의 역습과 인간 살라딘	김태권 (지은이)	비아북	2012-05-23	https://image.aladin.co.kr/product/1674/8/cover500/8993642427_1.jpg	국내도서>역사>서양사>서양중세사	12500		김태권의 십자군 이야기 4		295	ALADIN		
2025. 10. 27 오후 12:43:58	9788993642506	김태권의 십자군 이야기 5 - 사자심왕 리처드의 반격	김태권 (지은이)	비아북	2013-08-02	https://image.aladin.co.kr/product/2968/10/cover500/8993642508_2.jpg	국내도서>역사>서양사>서양중세사	12500		김태권의 십자군 이야기 5		295	ALADIN		
2025. 10. 27 오후 12:44:12	9788983924759	사기꾼	존 그리샴 (지은이), 안종설 (옮긴이)	문학수첩	2013-06-21	https://image.aladin.co.kr/product/2735/50/cover500/8983924756_1.jpg	국내도서>소설/시/희곡>액션/스릴러소설>외국 액션/스릴러소설	14000	절판			440	ALADIN		
2025. 10. 27 오후 12:44:22	9788984371026	빅 픽처	더글라스 케네디 (지은이), 조동섭 (옮긴이)	밝은세상	2010-06-10	https://image.aladin.co.kr/product/714/36/cover500/8984371025_1.jpg	국내도서>소설/시/희곡>영미소설	12000	구판절판			492	ALADIN		
2025. 10. 27 오후 12:44:29	9788984371132	파리5구의 여인	더글라스 케네디 (지은이), 조동섭 (옮긴이)	밝은세상	2012-01-30	https://image.aladin.co.kr/product/1474/0/cover500/8984371130_1.jpg	국내도서>소설/시/희곡>영미소설	13500				430	ALADIN		
2025. 10. 27 오후 12:44:43	9788961705301	그레이브야드 북 - 2009 뉴베리 상 수상작	닐 게이먼 (지은이), 황윤영 (옮긴이)	F(에프)	2016-01-25	https://image.aladin.co.kr/product/7338/64/cover500/896170530x_1.jpg	국내도서>소설/시/희곡>판타지/환상문학>외국판타지/환상소설	15500	절판	에프 모던 클래식 		392	ALADIN		
2025. 10. 27 오후 12:44:50	9788993094916	할로우 시티 - &lt;페러그린과 이상한 아이들의 집&gt; 두 번째 이야기	랜섬 릭스 (지은이), 이진 (옮긴이)	폴라북스(현대문학)	2014-10-22	https://image.aladin.co.kr/product/4759/50/cover500/8993094918_3.jpg	국내도서>소설/시/희곡>판타지/환상문학>외국판타지/환상소설	18800		페러그린 시리즈 2		500	ALADIN		
2025. 10. 27 오후 12:44:58	9788993094558	페러그린과 이상한 아이들의 집	랜섬 릭스 (지은이), 이진 (옮긴이)	폴라북스(현대문학)	2011-11-30	https://image.aladin.co.kr/product/1407/56/cover500/s942532852_1.jpg	국내도서>소설/시/희곡>판타지/환상문학>외국판타지/환상소설	17000		폴라 데이 앤 나이트 Polar Day & Night 		432	ALADIN		
2025. 10. 27 오후 12:45:08	9788993094770	영혼의 도서관 - &lt;페러그린과 이상한 아이들의 집&gt; 세 번째 이야기	랜섬 릭스 (지은이), 이진 (옮긴이)	폴라북스(현대문학)	2016-08-25	https://image.aladin.co.kr/product/9000/78/cover500/8993094772_2.jpg	국내도서>소설/시/희곡>판타지/환상문학>외국판타지/환상소설	18800		페러그린 시리즈 3		592	ALADIN		
2025. 10. 27 오후 12:45:16	9791188810543	나이트플라이어 (일러스트 에디션)	조지 R. R. 마틴 (지은이), 김상훈 (옮긴이)	은행나무	2018-10-11	https://image.aladin.co.kr/product/17053/89/cover500/k202534880_1.jpg	국내도서>소설/시/희곡>과학소설(SF)>외국 과학소설	14500	절판			244	ALADIN		
2025. 10. 27 오후 12:45:37	9788954618526	환상의 여인	윌리엄 아이리시 (지은이), 이은선 (옮긴이)	엘릭시르	2012-07-16	https://image.aladin.co.kr/product/1809/11/cover500/8954618529_2.jpg	국내도서>소설/시/희곡>추리/미스터리소설>영미 추리/미스터리소설	14500		엘릭시르 미스터리 책장 		424	ALADIN		
2025. 10. 27 오후 12:45:46	9788990982575	가면 산장 살인 사건	히가시노 게이고 (지은이), 김난주 (옮긴이)	재인	2014-09-26	https://image.aladin.co.kr/product/4745/51/cover500/899098257x_2.jpg	국내도서>소설/시/희곡>추리/미스터리소설>일본 추리/미스터리소설	16800		히가시노 게이고 산장 3부작 		336	ALADIN		
2025. 10. 27 오후 12:46:38	9788954605908	로드	코맥 매카시 (지은이), 정영목 (옮긴이)	문학동네	2008-06-10	https://image.aladin.co.kr/product/218/84/cover500/6000807068_1.jpg	국내도서>소설/시/희곡>영미소설	15000				328	ALADIN		
2025. 10. 27 오후 12:47:20	9788952765963	스페인 곶 미스터리	엘러리 퀸 (지은이), 김예진 (옮긴이)	검은숲	2012-08-27	https://image.aladin.co.kr/product/1913/60/cover500/8952765966_1.jpg	국내도서>소설/시/희곡>추리/미스터리소설>영미 추리/미스터리소설	13000		엘러리 퀸 컬렉션 Ellery Queen Collection 		444	ALADIN		
2025. 10. 27 오후 12:47:30	9788952764294	이집트 십자가 미스터리	엘러리 퀸 (지은이), 주영아 (옮긴이)	검은숲	2012-03-16	https://image.aladin.co.kr/product/1591/38/cover500/8952764293_1.jpg	국내도서>소설/시/희곡>추리/미스터리소설>영미 추리/미스터리소설	13000	품절	엘러리 퀸 컬렉션 Ellery Queen Collection 		496	ALADIN		
2025. 10. 27 오후 12:47:37	9788952764287	그리스 관 미스터리	엘러리 퀸 (지은이), 김희균 (옮긴이)	검은숲	2012-01-25	https://image.aladin.co.kr/product/1494/25/cover500/8952764285_2.jpg	국내도서>소설/시/희곡>추리/미스터리소설>영미 추리/미스터리소설	13500	일시품절	엘러리 퀸 컬렉션 Ellery Queen Collection 		536	ALADIN		
2025. 10. 27 오후 12:47:44	9788974272241	그리고 저 너머에 - 아직도 가야 할 길 그리고 저 너머에	M. 스캇 펙 (지은이), 손홍기 (옮긴이)	열음사	2007-03-20	https://image.aladin.co.kr/product/49/90/cover500/8974272245_1.jpg	국내도서>인문학>심리학/정신분석학>이론 심리학	13000	절판			443	ALADIN		
2025. 10. 27 오후 12:47:50	9788974272234	끝나지 않은 여행 - 아직도 가야 할 길	M. 스캇 펙 (지은이), 김영범 (옮긴이)	열음사	2007-03-20	https://image.aladin.co.kr/product/89/89/cover500/8974272237_1.jpg	국내도서>인문학>교양 인문학	13000	구판절판			348	ALADIN		
2025. 10. 27 오후 12:47:59	9788974272227	아직도 가야 할 길	M. 스캇 펙 (지은이), 신승철 (옮긴이)	열음사	2007-03-20	https://image.aladin.co.kr/product/45/27/cover500/8974272229_1.jpg	국내도서>인문학>심리학/정신분석학>이론 심리학	13000	절판			459	ALADIN		
2025. 10. 27 오후 12:48:21	9791189015190	신의 망치	아서 C. 클라크 (지은이), 고호관 (옮긴이)	아작	2018-07-30	https://image.aladin.co.kr/product/15722/5/cover500/k722533136_1.jpg	국내도서>소설/시/희곡>과학소설(SF)>외국 과학소설	14800				292	ALADIN		
2025. 10. 27 오후 12:48:32	9791187206224	노래하던 새들도 지금은 사라지고	케이트 윌헬름 (지은이), 정소연 (옮긴이)	아작	2016-08-10	https://image.aladin.co.kr/product/7492/9/cover500/k472535295_1.jpg	국내도서>소설/시/희곡>과학소설(SF)>외국 과학소설	14800	절판			376	ALADIN		
2025. 10. 27 오후 12:48:59	9788949120744	기억 전달자	로이스 라우리 (지은이), 장은수 (옮긴이)	비룡소	2007-05-18	https://image.aladin.co.kr/product/92/64/cover500/8949120747_2.jpg	국내도서>청소년>청소년 문학>청소년 소설	14000	구판절판	블루픽션 (비룡소 청소년 문학선) 20		310	ALADIN		
2025. 10. 27 오후 12:49:08	9791193324004	AI 미제 사건 전담반	조 캘러헌 (지은이), 정은 (옮긴이)	북플라자	2023-09-25	https://image.aladin.co.kr/product/32496/12/cover500/k512935607_1.jpg	국내도서>소설/시/희곡>추리/미스터리소설>영미 추리/미스터리소설	16800				448	ALADIN		
2025. 10. 27 오후 12:49:19	9791192776606	보이 프럼 더 우즈	할런 코벤 (지은이), 노진선 (옮긴이)	문학수첩	2023-05-31	https://image.aladin.co.kr/product/31702/31/cover500/802833683_1.jpg	국내도서>소설/시/희곡>액션/스릴러소설>외국 액션/스릴러소설	14500		보이 프럼 더 우즈 		520	ALADIN		
2025. 10. 27 오후 12:49:27	9791192776729	보이 인 더 하우스	할런 코벤 (지은이), 노진선 (옮긴이)	문학수첩	2023-07-21	https://image.aladin.co.kr/product/32046/92/cover500/k812834980_1.jpg	국내도서>소설/시/희곡>액션/스릴러소설>외국 액션/스릴러소설	14500		보이 프럼 더 우즈 		464	ALADIN		
2025. 10. 27 오후 4:18:32	9788993094909	레드셔츠	존 스칼지 (지은이), 이원경 (옮긴이)	폴라북스(현대문학)	2014-08-22	https://image.aladin.co.kr/product/4549/55/cover500/899309490x_1.jpg	국내도서>소설/시/희곡>과학소설(SF)>외국 과학소설	14000	절판			444	ALADIN		
2025. 10. 27 오후 4:18:50	9791164050277	숨	테드 창 (지은이), 김상훈 (옮긴이)	엘리	2019-05-20	https://image.aladin.co.kr/product/19102/59/cover500/k492635392_3.jpg	국내도서>소설/시/희곡>과학소설(SF)>외국 과학소설	18500				520	ALADIN		
2025. 10. 27 오후 4:18:59	9788954430074	삼체	류츠신 (지은이), 이현아 (옮긴이), 고호관 (감수)	단숨	2013-09-15	https://image.aladin.co.kr/product/3101/36/cover500/8954430074_2.jpg	국내도서>소설/시/희곡>과학소설(SF)>외국 과학소설	15700	구판절판			448	ALADIN		
2025. 10. 27 오후 4:19:11	9788946418271	조이 이야기	존 스칼지 (지은이), 이원경 (옮긴이)	샘터사	2012-08-31	https://image.aladin.co.kr/product/1942/33/cover500/8946418273_1.jpg	국내도서>소설/시/희곡>과학소설(SF)>외국 과학소설	13800	품절	샘터 외국소설선 8		472	ALADIN		
2025. 10. 27 오후 4:19:22	9788946418080	마지막 행성	존 스칼지 (지은이), 이수현 (옮긴이)	샘터사	2011-06-30	https://image.aladin.co.kr/product/1215/5/cover500/8946418087_2.jpg	국내도서>소설/시/희곡>과학소설(SF)>외국 과학소설	13500	품절	샘터 외국소설선 6		472	ALADIN		
2025. 10. 27 오후 4:19:33	9788946417786	유령여단	존 스칼지 (지은이), 이수현 (옮긴이)	샘터사	2010-07-15	https://image.aladin.co.kr/product/734/51/cover500/8946417781_1.jpg	국내도서>소설/시/희곡>과학소설(SF)>외국 과학소설	13000	품절	샘터 외국소설선 3		472	ALADIN		
2025. 10. 27 오후 4:19:42	9791187206200	별의 계승자	제임스 P. 호건 (지은이), 이동진 (옮긴이)	아작	2016-07-25	https://image.aladin.co.kr/product/7492/11/cover500/k442535487_1.jpg	국내도서>소설/시/희곡>과학소설(SF)>외국 과학소설	14800		별의 계승자 1		344	ALADIN		
2025. 10. 27 오후 4:20:04	9788982735622	빼앗긴 자들	어슐러 K. 르 귄 (지은이), 이수현 (옮긴이)	황금가지	2002-08-31	https://image.aladin.co.kr/product/37/52/cover500/s262032612_1.jpg	국내도서>소설/시/희곡>과학소설(SF)>외국 과학소설	19000		환상문학전집 8		492	ALADIN		
2025. 10. 27 오후 4:20:15	9788952708533	사자의 대변인 1 - 엔더 위긴 시리즈 2	올슨 스콧 카드 (지은이), 장미란 (옮긴이)	시공사	2000-06-29	https://image.aladin.co.kr/product/23/96/cover500/8952708539_1.gif	국내도서>소설/시/희곡>과학소설(SF)>외국 과학소설	8000	절판	엔더 위긴 시리즈 2		323	ALADIN		
2025. 10. 27 오후 4:20:24	9788952708540	사자의 대변인 2 - 엔더 위긴 시리즈 2	올슨 스콧 카드, 장미란 (지은이)	시공사	2000-06-29	https://image.aladin.co.kr/product/23/96/cover500/8952708547_1.gif	국내도서>소설/시/희곡>과학소설(SF)>외국 과학소설	8000	절판	엔더 위긴 시리즈 2		296	ALADIN		
2025. 10. 27 오후 4:21:13	9788972200154	세계 SF 걸작선	정영목 (옮긴이)	도솔	1993-07-03	https://image.aladin.co.kr/product/21/90/cover500/8972200158_1.gif	국내도서>소설/시/희곡>영미소설	5500	구판절판			412	ALADIN		
2025. 10. 27 오후 4:21:23	9788912590024	세계 SF 걸작선	로버트 A. 하인라인, 아서 C. 클라크, 아이작 아시모프, 우디 앨런 (지은이), 박상준 (엮은이)	고려원(고려원미디어)	1992-10-01	https://image.aladin.co.kr/img/noimg_b.gif	국내도서>소설/시/희곡>과학소설(SF)>외국 과학소설	6500	절판			356	ALADIN		
2025. 10. 27 오후 4:21:33	9788986190823	솔라리스	스타니스와프 렘 (지은이), 안종설 (옮긴이)	집사재	2003-04-20	https://image.aladin.co.kr/product/41/11/cover500/8986190826_1.gif	국내도서>소설/시/희곡>과학소설(SF)>외국 과학소설	9000	구판절판			296	ALADIN		
2025. 10. 27 오후 4:21:45	9788986190670	마이너리티 리포트	필립 K. 딕 (지은이), 이지선 (옮긴이)	집사재	2002-04-25	https://image.aladin.co.kr/product/34/61/cover500/8986190672_2.jpg	국내도서>소설/시/희곡>과학소설(SF)>외국 과학소설	8000	품절	필립 K. 딕의 SF걸작선 1		283	ALADIN		
2025. 10. 27 오후 4:22:34	9788952708526	엔더의 게임 - 엔더 위긴 시리즈 1	올슨 스콧 카드 (지은이), 장미란 (옮긴이)	시공사	2000-06-29	https://image.aladin.co.kr/product/23/96/cover500/8952708520_1.gif	국내도서>소설/시/희곡>과학소설(SF)>외국 과학소설	8000	구판절판	엔더 위긴 시리즈 1		460	ALADIN		
2025. 10. 27 오후 4:22:37	9788986190694	죽은 자가 무슨 말을	필립 K. 딕 (지은이), 유영일 (옮긴이)	집사재	2002-06-25	https://image.aladin.co.kr/product/36/40/cover500/8986190699_2.jpg	국내도서>소설/시/희곡>과학소설(SF)>외국 과학소설	8500	품절	필립 K. 딕의 SF걸작선 2		311	ALADIN		
2025. 10. 27 오후 4:22:48	9788989571148	신들의사회	Roger Zelazny, 김상훈	출판사정보없음	2003-01-01		Science fiction	0	NOT_FOR_SALE			456	Google		
2025. 10. 27 오후 4:22:59	9788989571339	비잔티움의 첩자	해리 터틀도브 (지은이), 김상훈 (옮긴이)	행복한책읽기	2005-07-11	https://image.aladin.co.kr/product/57/26/cover500/8989571332_1.jpg	국내도서>소설/시/희곡>판타지/환상문학>외국판타지/환상소설	12000	절판	행복한책읽기 SF 총서 8		504	ALADIN		
2025. 10. 27 오후 4:23:08	9788989571124	잃어버린 세계	아서 코난 도일 (지은이), 김상훈 (옮긴이)	행복한책읽기	2003-04-30	https://image.aladin.co.kr/product/41/24/cover500/898957112x_1.gif	국내도서>소설/시/희곡>과학소설(SF)>외국 과학소설	8900	품절	행복한책읽기 SF 총서 1		331	ALADIN		
2025. 10. 27 오후 4:23:18	9788989571230	마라코트 심해	아서 코난 도일 (지은이), 이수현 (옮긴이)	행복한책읽기	2004-01-05	https://image.aladin.co.kr/product/45/10/cover500/8989571235_1.gif	국내도서>소설/시/희곡>과학소설(SF)>외국 과학소설	8900	품절	행복한책읽기 SF 총서 7		292	ALADIN		
2025. 10. 27 오후 4:23:34	9788970633275	지구 속 여행	쥘 베른 (지은이), 김석희 (옮긴이)	열림원	2002-11-30	https://image.aladin.co.kr/product/38/99/cover500/8970633278_1.gif	국내도서>소설/시/희곡>과학소설(SF)>외국 과학소설	9000	절판	쥘 베른 걸작선 (쥘 베른 컬렉션) 1		382	ALADIN		
2025. 10. 27 오후 4:23:50	9788982739088	화씨 451	레이 브래드버리 (지은이), 박상준 (옮긴이)	황금가지	2009-03-04	https://image.aladin.co.kr/product/342/9/cover500/8982739084_1.jpg	국내도서>소설/시/희곡>과학소설(SF)>외국 과학소설	15000		환상문학전집 12		279	ALADIN		
2025. 10. 27 오후 4:24:18	9788982738852	뉴로맨서	윌리엄 깁슨 (지은이), 김창규 (옮긴이)	황금가지	2005-05-31	https://image.aladin.co.kr/product/56/61/cover500/8982738851_2.jpg	국내도서>소설/시/희곡>과학소설(SF)>외국 과학소설	18000		환상문학전집 21		428	ALADIN		
2025. 10. 27 오후 4:24:28	9788960174559	카운트 제로	윌리엄 깁슨 (지은이), 고호관 (옮긴이)	황금가지	2012-10-10	https://image.aladin.co.kr/product/1983/40/cover500/8960174556_1.jpg	국내도서>소설/시/희곡>과학소설(SF)>외국 과학소설	13000		환상문학전집 32		404	ALADIN		
2025. 10. 27 오후 4:24:39	9788982739040	달은 무자비한 밤의 여왕	로버트 A. 하인라인 (지은이), 안정희 (옮긴이)	황금가지	2009-04-10	https://image.aladin.co.kr/product/359/42/cover500/8982739041_1.jpg	국내도서>소설/시/희곡>과학소설(SF)>외국 과학소설	19000		환상문학전집 10		582	ALADIN		
2025. 10. 27 오후 4:24:47	9791158881641	영원한 전쟁	조 홀드먼 (지은이), 김상훈 (옮긴이)	황금가지	2016-10-07	https://image.aladin.co.kr/product/8652/39/cover500/k492535228_1.jpg	국내도서>소설/시/희곡>과학소설(SF)>외국 과학소설	15800		환상문학전집 37		424	ALADIN		
2025. 10. 27 오후 4:25:04	9788972592075	어둠의 왼손 - 그리폰 북스 003	어슐러 K. 르 귄 (지은이), 서정록 (옮긴이)	시공사	1995-05-01	https://image.aladin.co.kr/product/9/80/cover500/8972592072_1.gif	국내도서>소설/시/희곡>과학소설(SF)>외국 과학소설	9500	구판절판	그리폰 북스 3		356	ALADIN		
2025. 10. 27 오후 4:25:54	9788952716927	유년기의 끝	아서 C. 클라크 (지은이), 정영목 (옮긴이)	시공사	2002-09-09	https://image.aladin.co.kr/product/37/68/cover500/8952716922_2.jpg	국내도서>소설/시/희곡>과학소설(SF)>외국 과학소설	9500	구판절판	그리폰 북스 18		376	ALADIN		
2025. 10. 27 오후 4:26:02	9788956057842	당신 인생의 이야기	테드 창 (지은이), 김상훈 (옮긴이)	엘리	2016-10-14	https://image.aladin.co.kr/product/9401/86/cover500/k982635615_1.jpg	국내도서>소설/시/희곡>과학소설(SF)>외국 과학소설	17000				448	ALADIN		
2025. 10. 27 오후 4:26:10	9788952737694	프라이데이	로버트 A. 하인라인 (지은이), 안정희 (옮긴이)	시공사	2005-11-10	https://image.aladin.co.kr/product/59/71/cover500/8952737695_1.jpg	국내도서>소설/시/희곡>과학소설(SF)>외국 과학소설	12000	절판	시공사 장르문학 시리즈 		656	ALADIN		
2025. 10. 27 오후 4:26:15	9788952737915	바람의 열두 방향	어슐러 K. 르 귄 (지은이), 최용준 (옮긴이)	시공사	2004-10-27	https://image.aladin.co.kr/product/52/32/cover500/8952737911_2.jpg	국내도서>소설/시/희곡>과학소설(SF)>외국 과학소설	11000	구판절판	그리폰 북스 3		514	ALADIN		
2025. 10. 27 오후 4:26:22	9788932904467	전도서에 바치는 장미	로저 젤라즈니 (지은이), 김상훈 (옮긴이)	열린책들	2002-11-30	https://image.aladin.co.kr/product/38/95/cover500/8932904464_1.gif	국내도서>소설/시/희곡>과학소설(SF)>외국 과학소설	9500	구판절판			504	ALADIN		
2025. 10. 27 오후 4:26:30	9788946417809	화성 연대기	레이 브래드버리 (지은이), 김영선 (옮긴이)	샘터사	2010-08-30	https://image.aladin.co.kr/product/763/3/cover500/8946417803_1.jpg	국내도서>소설/시/희곡>과학소설(SF)>외국 과학소설	13000	구판절판	샘터 외국소설선 5		408	ALADIN		
2025. 10. 27 오후 4:26:37	9788946417410	노인의 전쟁	존 스칼지 (지은이), 이수현 (옮긴이)	샘터사	2009-01-23	https://image.aladin.co.kr/product/310/51/cover500/8946417412_1.jpg	국내도서>소설/시/희곡>과학소설(SF)>외국 과학소설	12000	품절	샘터 외국소설선 1		456	ALADIN		
2025. 10. 27 오후 4:26:44	9788992053129	낯선 땅 이방인	로버트 A. 하인라인 (지은이), 장호연 (옮긴이)	마티(곤조)	2008-06-09	https://image.aladin.co.kr/product/225/2/cover500/8992053126_1.jpg	국내도서>소설/시/희곡>과학소설(SF)>외국 과학소설	16800	절판			761	ALADIN		
2025. 10. 27 오후 4:26:54	9788992053235	여름으로 가는 문	로버트 A. 하인라인 (지은이), 김혜정, 오공훈 (옮긴이)	마티(곤조)	2009-09-01	https://image.aladin.co.kr/product/446/61/cover500/8992053231_1.jpg	국내도서>소설/시/희곡>과학소설(SF)>외국 과학소설	12800	절판			328	ALADIN		
2025. 10. 27 오후 4:27:02	9788932903705	개는 말할 것도 없고	코니 윌리스 (지은이), 최용준 (옮긴이)	열린책들	2001-09-30	https://image.aladin.co.kr/product/29/70/cover500/8932903700_1.jpg	국내도서>소설/시/희곡>과학소설(SF)>외국 과학소설	13000	구판절판			745	ALADIN		
2025. 10. 27 오후 4:49:52	9788989571797	심연 위의 불길 2 - 휴고상 수상작	버너 빈지 (지은이), 김상훈 (옮긴이)	행복한책읽기	2012-09-21	https://image.aladin.co.kr/product/1983/46/cover500/8989571790_1.jpg	국내도서>소설/시/희곡>과학소설(SF)>외국 과학소설	16000	품절			480	ALADIN		
2025. 10. 27 오후 4:50:05	9788989571704	심연 위의 불길 1 - 휴고상 수상작	버너 빈지 (지은이), 김상훈 (옮긴이)	행복한책읽기	2011-01-21	https://image.aladin.co.kr/product/864/88/cover500/8989571707_1.jpg	국내도서>소설/시/희곡>과학소설(SF)>외국 과학소설	15000	절판	행복한책읽기 SF 총서 18		488	ALADIN		
2025. 10. 27 오후 4:51:01	9788989571506	보르 게임 - 마일즈 보르코시건 시리즈 2	로이스 맥마스터 부졸드 (지은이), 김상훈 (옮긴이)	행복한책읽기	2008-07-18	https://image.aladin.co.kr/product/237/53/cover500/8989571502_1.jpg	국내도서>소설/시/희곡>과학소설(SF)>외국 과학소설	15000	절판	행복한책읽기 SF 총서 13		519	ALADIN		
2025. 10. 27 오후 4:51:18	9788989571452	마일즈의 전쟁 - 마일즈 보르코시건 시리즈 1	로이스 맥마스터 부졸드 (지은이), 김상훈 (옮긴이)	행복한책읽기	2007-04-16	https://image.aladin.co.kr/product/90/71/cover500/8989571456_1.jpg	국내도서>소설/시/희곡>과학소설(SF)>외국 과학소설	14000	절판	행복한책읽기 SF 총서 12		534	ALADIN		
2025. 10. 27 오후 4:51:35	9791189015022	둠즈데이북 2	코니 윌리스 (지은이), 최용준 (옮긴이)	아작	2018-02-22	https://image.aladin.co.kr/product/13400/37/cover500/k722532203_1.jpg	국내도서>소설/시/희곡>과학소설(SF)>외국 과학소설	14800		옥스퍼드 시간 여행 시리즈 		464	ALADIN		
2025. 10. 27 오후 4:51:49	9791189015015	둠즈데이북 1	코니 윌리스 (지은이), 최용준 (옮긴이)	아작	2018-02-22	https://image.aladin.co.kr/product/13400/36/cover500/k772532203_1.jpg	국내도서>소설/시/희곡>과학소설(SF)>외국 과학소설	14800	품절	옥스퍼드 시간 여행 시리즈 		480	ALADIN		
2025. 10. 27 오후 4:52:02	9791187206088	사소한 정의 (특별판)	앤 레키 (지은이), 신해경 (옮긴이)	아작	2016-05-20	https://image.aladin.co.kr/product/13658/47/cover500/k412532418_1.jpg	국내도서>소설/시/희곡>과학소설(SF)>외국 과학소설	14800	절판	라드츠 제국 시리즈 		488	ALADIN		
2025. 10. 27 오후 4:52:12	9791189015442	올클리어 1	코니 윌리스 (지은이), 최용준 (옮긴이)	아작	2019-02-01	https://image.aladin.co.kr/product/17969/15/cover500/k272534336_1.jpg	국내도서>소설/시/희곡>과학소설(SF)>외국 과학소설	16500		옥스퍼드 시간 여행 시리즈 		568	ALADIN		
2025. 10. 27 오후 4:52:25	9791189015459	올클리어 2	코니 윌리스 (지은이), 최용준 (옮긴이)	아작	2019-02-01	https://image.aladin.co.kr/product/17969/16/cover500/k222534336_1.jpg	국내도서>소설/시/희곡>과학소설(SF)>외국 과학소설	16500		옥스퍼드 시간 여행 시리즈 		568	ALADIN		
2025. 10. 27 오후 4:52:39	9791189015244	블랙아웃 1	코니 윌리스 (지은이), 최용준 (옮긴이)	아작	2018-09-21	https://image.aladin.co.kr/product/16191/64/cover500/k422533947_1.jpg	국내도서>소설/시/희곡>과학소설(SF)>외국 과학소설	14800		옥스퍼드 시간 여행 시리즈 		424	ALADIN		
2025. 10. 27 오후 4:52:47	9791189015251	블랙아웃 2	코니 윌리스 (지은이), 최용준 (옮긴이)	아작	2018-09-21	https://image.aladin.co.kr/product/16191/64/cover500/k442533947_1.jpg	국내도서>소설/시/희곡>과학소설(SF)>외국 과학소설	14800		옥스퍼드 시간 여행 시리즈 		432	ALADIN		
2025. 10. 27 오후 4:53:03	9791187206866	낙원의 샘	아서 C. 클라크 (지은이), 고호관 (옮긴이)	아작	2017-11-22	https://image.aladin.co.kr/product/12328/93/cover500/k592531258_1.jpg	국내도서>소설/시/희곡>과학소설(SF)>외국 과학소설	14800				384	ALADIN		
2025. 10. 27 오후 4:53:14	9791195628353	화재감시원 - 개정판	코니 윌리스 (지은이), 최용준, 최세진, 정준호, 김세경 (옮긴이)	아작	2019-06-20	https://image.aladin.co.kr/product/19415/11/cover500/k662635314_1.jpg	국내도서>소설/시/희곡>과학소설(SF)>외국 과학소설	14800	절판	코니 윌리스 걸작선 1		368	ALADIN		
2025. 10. 27 오후 4:53:26	9791187206095	우주복 있음, 출장 가능	로버트 A. 하인라인 (지은이), 최세진 (옮긴이)	아작	2016-05-20	https://image.aladin.co.kr/product/8370/14/cover500/k422535762_1.jpg	국내도서>소설/시/희곡>과학소설(SF)>외국 과학소설	14800	구판절판			408	ALADIN		
2025. 10. 27 오후 4:55:34	9781566190954	The Scarlet Letter	Nathaniel Hawthorne	출판사정보없음	2003-01-01	http://books.google.com/books/content?id=wfLhC2XXFOAC&printsec=frontcover&img=1&zoom=1&source=gbs_api	Adultery	0	NOT_FOR_SALE			248	Google		
2025. 10. 27 오후 4:57:27	9788991799059	과학의 열쇠 - 과학의 문을 여는 19가지 키워드	로버트 M. 헤이즌, 제임스 트레필 (지은이), 김영훈 (그림), 이창희 (옮긴이)	교양인	2015-03-26	https://image.aladin.co.kr/product/5534/98/cover500/8991799051_1.jpg	국내도서>과학>기초과학/교양과학	18000				448	ALADIN		
2025. 10. 27 오후 4:57:39	9791164137411	엔드 오브 타임 - 브라이언 그린이 말하는 세상의 시작과 진화, 그리고 끝	브라이언 그린 (지은이), 박병철 (옮긴이)	와이즈베리	2021-02-15	https://image.aladin.co.kr/product/26294/73/cover500/k812738799_1.jpg	국내도서>과학>물리학>물리학 일반	22000				532	ALADIN		
2025. 10. 27 오후 4:57:50	9788968334498	게으른 자를 위한 수상한 화학책 - 지식 쌓고 시간 버는 기적의 화학 수업	이광렬 (지은이)	블랙피쉬	2024-03-25	https://image.aladin.co.kr/product/33664/64/cover500/8968334498_2.jpg	국내도서>과학>화학>쉽게 배우는 화학	17500				284	ALADIN		
2025. 10. 27 오후 4:58:08	9791197871238	벌거벗은 한국사 : 사건편 - 본격 우리 역사 스토리텔링쇼	tvN〈벌거벗은 한국사〉제작팀 (지은이), 최태성 (감수)	프런트페이지	2022-10-17	https://image.aladin.co.kr/product/30271/12/cover500/k272839729_2.jpg	국내도서>역사>한국사 일반	18800		벌거벗은 한국사 		312	ALADIN		
2025. 10. 27 오후 4:58:18	9791197871214	벌거벗은 한국사 : 인물편 - 본격 우리 역사 스토리텔링쇼	tvN〈벌거벗은 한국사〉제작팀 (지은이), 최태성 (감수)	프런트페이지	2022-08-22	https://image.aladin.co.kr/product/29990/64/cover500/k792838158_1.jpg	국내도서>역사>한국사 일반	18800		벌거벗은 한국사 		320	ALADIN		
2025. 10. 27 오후 4:58:50	9791160801606	과학자들 2 - 모든 것은 빅뱅에서 시작되었다	김재훈 (지은이)	휴머니스트	2018-09-27	https://image.aladin.co.kr/product/16934/28/cover500/k612534372_1.jpg	국내도서>과학>기초과학/교양과학	18000	절판	과학자들 2		320	ALADIN		
2025. 10. 27 오후 5:01:31	9788972592044	스타쉽 트루퍼스	로버트 A. 하인라인 (지은이), 강수백 (옮긴이)	시공사	1998-06-10	https://image.aladin.co.kr/product/8/60/cover500/8972592048_1.gif	국내도서>소설/시/희곡>과학소설(SF)>외국 과학소설	7000	절판	그리폰 북스 2		418	ALADIN		
2025. 10. 27 오후 5:04:03	9791159095894	벌거벗은 세계사 : 인물편 - 벗겼다, 세상을 바꾼 사람들	tvN〈벌거벗은 세계사〉제작팀 (지은이)	교보문고(단행본)	2022-02-10	https://image.aladin.co.kr/product/28869/62/cover500/k372836207_1.jpg	국내도서>역사>세계사 일반	23000		벌거벗은 세계사 		392	ALADIN		
2025. 10. 27 오후 5:04:17	9791159095887	벌거벗은 세계사 : 사건편 - 벗겼다, 세상을 뒤흔든 역사	tvN〈벌거벗은 세계사〉제작팀 (지은이)	교보문고(단행본)	2022-01-25	https://image.aladin.co.kr/product/28762/82/cover500/k222836983_1.jpg	국내도서>역사>세계사 일반	23000		벌거벗은 세계사 		408	ALADIN		
2025. 10. 27 오후 5:04:27	9791159098161	벌거벗은 세계사 : 전쟁편 - 벗겼다, 끝나지 않는 전쟁	tvN〈벌거벗은 세계사〉제작팀 (지은이)	교보문고(단행본)	2022-07-27	https://image.aladin.co.kr/product/29869/7/cover500/k412838527_1.jpg	국내도서>역사>세계사 일반	23000		벌거벗은 세계사 		400	ALADIN		
2025. 10. 27 오후 5:04:44	9788960177635	파운데이션 완전판 세트 - 전7권	아이작 아시모프 (지은이), 김옥수 (옮긴이)	황금가지	2013-10-21	https://image.aladin.co.kr/product/3184/41/cover500/8960177636_3.jpg	국내도서>소설/시/희곡>과학소설(SF)>외국 과학소설	96000		파운데이션 시리즈 Foundation Series 		3560	ALADIN		
2025. 10. 27 오후 5:05:31	9791191343885	The Boy Who Lost His Face 얼굴을 잃어버린 소년 (영어원서 + 워크북 + QR 코드) - 개정판	루이스 새커 (지은이), 김보경, 데이먼 오 (감수)	롱테일북스	2022-09-19	https://image.aladin.co.kr/product/30457/35/cover500/k332830478_2.jpg	국내도서>외국어>영어독해	17000		뉴베리 컬렉션 13		368	ALADIN		
2025. 10. 27 오후 5:05:44	9788956056951	There’s A Boy In The Girls’Bathroom 여자화장실에 남자가 있다고? (영어원서 + 워크북 + MP3 CD 1장)	루이스 새커 (지은이), 김보경, 차소향, 데이먼 오 (감수)	롱테일북스	2013-12-09	https://image.aladin.co.kr/product/3378/30/cover500/8956056951_1.jpg	국내도서>외국어>영어독해	15000	구판절판	뉴베리 컬렉션 12		400	ALADIN		
2025. 10. 27 오후 5:05:52	9788956055817	Holes (영어원서 + 워크북 + MP3 CD 1장) (더책 포함)	루이스 새커 (지은이), 매건 맨리, 김보경, 이제원	롱테일북스	2012-04-02	https://image.aladin.co.kr/product/6110/52/cover500/6000858577_1.jpg	국내도서>외국어>영어독해	15000	품절	뉴베리 컬렉션 		484	ALADIN		
2025. 10. 27 오후 5:06:02	9791191343922	Small Steps 스몰 스텝스 (영어원서 + 워크북 + 오디오북) - 개정판	루이스 새커 (지은이), 김보경, 이제원, 데이먼 오 (감수)	롱테일북스	2023-02-20	https://image.aladin.co.kr/product/31100/88/cover500/k102831632_2.jpg	국내도서>외국어>영어독해	17000		뉴베리 컬렉션 7		516	ALADIN		
2025. 10. 27 오후 5:06:42	9788993818918	음악의 ABC - 입문자를 위한 음악 기초 문법	이모겐 홀스트, 벤저민 브리튼 (지은이), 이석호 (옮긴이)	포노(PHONO)	2018-05-15	https://image.aladin.co.kr/product/14657/32/cover500/8993818916_1.jpg	국내도서>예술/대중문화>음악>음악이론/음악사	18000		음악의 글 7		324	ALADIN		
2025. 10. 27 오후 5:07:01	9788993818826	음악에서 무엇을 들어 낼 것인가 - 세계적 작곡가의 음악 사용 설명서	에런 코플런드 (지은이), 이석호 (옮긴이)	포노(PHONO)	2016-09-01	https://image.aladin.co.kr/product/9097/3/cover500/8993818827_2.jpg	국내도서>예술/대중문화>음악>음악이론/음악사	18000		음악의 글 3		368	ALADIN		
2025. 10. 27 오후 5:07:18	9788971997284	더 클래식 셋 - 말러에서 쇼스타코비치까지	문학수 (지은이)	돌베개	2016-07-04	https://image.aladin.co.kr/product/8660/42/cover500/8971997281_2.jpg	국내도서>예술/대중문화>음악>서양음악(클래식)	17000		더 클래식 시리즈 		382	ALADIN		
2025. 10. 27 오후 5:07:28	9788971996607	더 클래식 둘 - 슈베르트에서 브람스까지	문학수 (지은이)	돌베개	2015-03-23	https://image.aladin.co.kr/product/5518/26/cover500/8971996609_1.jpg	국내도서>예술/대중문화>음악>서양음악(클래식)	17000		더 클래식 시리즈 		370	ALADIN		
2025. 10. 27 오후 5:07:39	9788952738004	내가 사랑하는 클래식 1 - 풍월당 주인 박종호의 음악이야기	박종호 (지은이)	시공사	2004-06-25	https://image.aladin.co.kr/product/50/27/cover500/8952738004_2.jpg	국내도서>예술/대중문화>음악>서양음악(클래식)	14000	품절	내가 사랑하는 클래식 1		330	ALADIN		
2025. 10. 27 오후 5:07:48	9788960535664	죽기 전에 꼭 들어야 할 클래식 1001	매튜 라이, 스티븐 이설리스 (Steven Isserlis) (엮은이), 이경아, 이문희 (옮긴이)	마로니에북스	2019-01-14	https://image.aladin.co.kr/product/17969/84/cover500/8960535664_1.jpg	국내도서>예술/대중문화>음악>서양음악(클래식)	43000	품절	죽기 전에 꼭 1001가지 시리즈 		960	ALADIN		
2025. 10. 27 오후 5:07:56	9788986377439	세계의 오케스트라 - 세계 음악계를 이끌어가는 30개 오케스트라의 탄생과 발자취	헤르베르트 하프너 (지은이), 홍은정 (옮긴이)	경당	2011-12-20	https://image.aladin.co.kr/product/1425/77/cover500/8986377438_1.jpg	국내도서>예술/대중문화>음악>서양음악(클래식)	39000				780	ALADIN		
2025. 10. 27 오후 5:08:05	9788997336494	레너드 번스타인의 음악의 즐거움 - 세대를 넘어 사랑받는 클래식 해설서의 고전	번스타인 (Leonard Bernstein) (지은이), 김형석, 오윤성 (옮긴이)	느낌이있는책	2014-01-29	https://image.aladin.co.kr/product/3593/83/cover500/8997336495_1.jpg	국내도서>예술/대중문화>음악>서양음악(클래식)	17000	품절			344	ALADIN		
2025. 10. 27 오후 5:08:19	9788988793015	음악이 보인다 클래식이 들린다	데이비드 렌돌프 (지은이), 이창희, 이용숙 (옮긴이)	마루(금호문화)	1999-04-30	https://image.aladin.co.kr/product/18/79/cover500/8988793013_1.gif	국내도서>예술/대중문화>음악>서양음악(클래식)	9000	절판			300	ALADIN		
2025. 10. 27 오후 5:08:29	9788984351189	음악가와 연인들	이덕희 (지은이)	가람기획	2002-08-12	https://image.aladin.co.kr/product/37/7/cover500/8984351180_1.gif	국내도서>예술/대중문화>음악>음악이야기	10000	품절			284	ALADIN		
2025. 10. 27 오후 5:08:52	9788972881049	세기의 걸작 오페라를 찾아서	이덕희 (지은이)	작가정신	1999-04-02	https://image.aladin.co.kr/product/18/76/cover500/897288104x_1.gif	국내도서>청소년>청소년 문화/예술	12000	품절			340	ALADIN		
2025. 10. 27 오후 5:09:02	9788972881254	불멸의 무용가들	이덕희 (지은이)	작가정신	2000-05-30	https://image.aladin.co.kr/product/23/43/cover500/8972881252_1.gif	국내도서>예술/대중문화>무용>무용이야기/무용가	15000	절판			424	ALADIN		
2025. 10. 27 오후 5:09:21	9788992053372	구스타프 말러	발터 (Bruno Walter) (지은이), 김병화 (옮긴이)	마티	2010-07-22	https://image.aladin.co.kr/product/743/83/cover500/8992053371_1.jpg	국내도서>예술/대중문화>음악>음악가	15000	품절			252	ALADIN		
2025. 10. 27 오후 5:09:33	9788985247689	음악혼의 광맥을 찾아서	이덕희 (지은이)	한양출판	1996-01-01	https://image.aladin.co.kr/product/11/52/cover500/9788985247689.gif	국내도서>에세이>한국에세이	8500	품절			384	ALADIN		
2025. 10. 27 오후 5:10:06	9788988360866	첼리스트 카잘스, 나의 기쁨과 슬픔	앨버트 칸 (지은이), 김병화 (옮긴이), 카잘스 (Pablo Casals)	한길아트	2003-09-15	https://image.aladin.co.kr/product/43/38/cover500/8988360869_2.jpg	국내도서>예술/대중문화>음악>음악가	18000	구판절판			368	ALADIN		
2025. 10. 27 오후 5:10:15	9788995698808	리흐테르 - 회고담과 음악수첩	브뤼노 몽생종 (지은이), 이세욱 (옮긴이)	정원출판사	2005-10-15	https://image.aladin.co.kr/product/59/30/cover500/8995698802_1.jpg	국내도서>예술/대중문화>음악>음악가	27000				606	ALADIN		
2025. 10. 27 오후 5:10:37	9788980386451	나의 삶, 나의 음악 - 우리 시대의 위대한 피아니스트들이 말하는	엘리제 마흐 (지은이), 박기호 (옮긴이)	동문선	2008-11-25	https://image.aladin.co.kr/product/290/96/cover500/8980386451_1.jpg	국내도서>예술/대중문화>음악>음악이야기	15000	절판			320	ALADIN		
2025. 10. 27 오후 5:10:45	9788970631684	재즈 에세이	무라카미 하루키 (지은이), 와다 마코토 (그림), 김난주 (옮긴이)	열림원	1998-09-10	https://image.aladin.co.kr/product/12/64/cover500/8970631682_1.gif	국내도서>에세이>외국에세이	7500	구판절판			118	ALADIN		
2025. 10. 27 오후 5:10:53	9788972913122	또하나의 재즈 에세이	무라카미 하루키 (지은이), 와다 마코토 (그림), 김난주 (옮긴이)	까치	2002-05-07	https://image.aladin.co.kr/product/34/71/cover500/897291312x_1.gif	국내도서>에세이>외국에세이	10000	품절			112	ALADIN		
2025. 10. 27 오후 5:11:02	9788981200091	재즈 속으로	이종학 (지은이)	새로운사람들	1994-11-01	https://image.aladin.co.kr/product/12/64/cover500/9788981200091.gif	국내도서>예술/대중문화>음악>재즈	8000	구판절판			300	ALADIN		
2025. 10. 27 오후 5:11:17	9788980382200	글렌 굴드, 피아노 솔로	미셸 슈나이더 (지은이), 이창실 (옮긴이)	동문선	2002-03-20	https://image.aladin.co.kr/product/34/24/cover500/8980382200_2.jpg	국내도서>예술/대중문화>음악>음악가	7000	구판절판	동문선 현대신서 102		222	ALADIN		
2025. 10. 27 오후 5:11:28	9788946026582	김현준의 재즈파일	김현준	출판사정보없음	1999-08-25	http://books.google.com/books/content?id=tAohAgAACAAJ&printsec=frontcover&img=1&zoom=1&source=gbs_api	Jazz	0	NOT_FOR_SALE			374	Google		
2025. 10. 27 오후 5:16:02	9788936513191	스크루테이프의 편지	C. S. 루이스 (지은이), 김선형 (옮긴이)	홍성사	2018-11-15	https://image.aladin.co.kr/product/17560/38/cover500/8936513192_1.jpg	국내도서>종교/역학>기독교(개신교)>기독교(개신교) 신앙생활>신앙생활일반	13000		정본 C. S. 루이스 클래식 		208	ALADIN		
2025. 10. 27 오후 5:16:40	9788932917658	틀리지 않는 법 - 수학적 사고의 힘	조던 엘렌버그 (지은이), 김명남 (옮긴이)	열린책들	2016-04-25	https://image.aladin.co.kr/product/7492/11/cover500/8932917655_1.jpg	국내도서>과학>수학>수학 일반	30000				616	ALADIN		
2025. 10. 27 오후 5:17:04	9791193078211	대여금고	그렉 이건 (지은이), 김상훈 (옮긴이)	허블	2024-02-28	https://image.aladin.co.kr/product/33518/36/cover500/k942938653_1.jpg	국내도서>소설/시/희곡>과학소설(SF)>외국 과학소설	19000		워프 시리즈 6		552	ALADIN		
2025. 10. 27 오후 5:17:14	9788936811532	빅터 프랭클의 죽음의 수용소에서 (양장)	빅터 프랭클 (지은이), 이시형 (옮긴이)	청아출판사	2020-05-30	https://image.aladin.co.kr/product/24138/23/cover500/8936811533_2.jpg	국내도서>인문학>심리학/정신분석학>이론 심리학	13000	구판절판			224	ALADIN		
2025. 10. 27 오후 5:18:03	9788991931442	별을 쫓는 자	로저 젤라즈니 (지은이), 김상훈 (옮긴이)	북스피어	2008-09-30	https://image.aladin.co.kr/product/261/67/cover500/8991931448_1.jpg	국내도서>소설/시/희곡>과학소설(SF)>외국 과학소설	13000	품절			368	ALADIN		
2025. 10. 27 오후 5:19:52	9788997023080	존 카터 - 화성의 프린세스 + 신과의 전쟁	에드거 라이스 버로스 (지은이), 하연희, 백석윤 (옮긴이)	루비박스	2012-03-12	https://image.aladin.co.kr/product/1551/36/cover500/899702308x_1.jpg	국내도서>소설/시/희곡>과학소설(SF)>외국 과학소설	16000	품절	존 카터 시리즈 1		556	ALADIN		
2025. 10. 27 오후 5:20:23	9788998791230	헤밍웨이 위조사건	조 홀드먼 (지은이), 김상훈 (옮긴이)	북스피어	2014-09-30	https://image.aladin.co.kr/product/4668/82/cover500/8998791234_1.jpg	국내도서>소설/시/희곡>과학소설(SF)>외국 과학소설	8800	절판	에스프레소 노벨라 Espresso Novella 8		264	ALADIN		
2025. 10. 27 오후 5:22:04	9788912112394	자유의 감옥	미하엘 엔데 (지은이), 이병서 (옮긴이)	고려원(고려원미디어)	1996-07-10	https://image.aladin.co.kr/product/12/44/cover500/8912112392_1.gif	국내도서>소설/시/희곡>판타지/환상문학>외국판타지/환상소설	8000	절판			300	ALADIN		
2025. 10. 27 오후 5:22:59	9788989571520	타임 패트롤 - 타임 패트롤 시리즈 1	폴 앤더슨 (지은이), 강수백 (옮긴이)	행복한책읽기	2008-09-25	https://image.aladin.co.kr/product/259/58/cover500/8989571529_1.jpg	국내도서>소설/시/희곡>과학소설(SF)>외국 과학소설	12000	절판	행복한책읽기 SF 총서 14		352	ALADIN		
2025. 10. 27 오후 5:25:11	9788993094350	높은 성의 사내	필립 K. 딕 (지은이), 남명성 (옮긴이)	폴라북스(현대문학)	2011-09-05	https://image.aladin.co.kr/product/1297/91/cover500/8993094357_2.jpg	국내도서>소설/시/희곡>과학소설(SF)>외국 과학소설	18000		필립 K. 딕 걸작선 4		480	ALADIN		
2025. 10. 27 오후 5:26:54	9788932903934	미사고의 숲	로버트 홀드스톡 (지은이), 김상훈 (옮긴이)	열린책들	2001-09-30	https://image.aladin.co.kr/product/29/70/cover500/893290393x_1.gif	국내도서>소설/시/희곡>과학소설(SF)>외국 과학소설	9800	구판절판			412	ALADIN		
2025. 10. 27 오후 5:37:36	9788963243887	나의 GM 시절 - 앨프리드 슬론의 회고록	앨프리드 P. 슬론 2세 (지은이), 심재영 (옮긴이)	북코리아	2014-10-20	https://image.aladin.co.kr/product/4795/96/cover500/8963243885_1.jpg	국내도서>자기계발>성공>성공담	25000				618	ALADIN		
2025. 10. 27 오후 5:37:46	9788901248684	행동경제학 - 마음과 행동을 바꾸는 선택 설계의 힘	리처드 H. 탈러 (지은이), 박세연 (옮긴이)	웅진지식하우스	2021-03-11	https://image.aladin.co.kr/product/26549/70/cover500/8901248689_1.jpg	국내도서>경제경영>경제학/경제일반>경제이야기	28000				604	ALADIN		
2025. 10. 27 오후 5:38:03	9788965963790	룬샷 - 전쟁, 질병, 불황의 위기를 승리로 이끄는 설계의 힘	사피 바칼 (지은이), 이지연 (옮긴이)	흐름출판	2020-04-27	https://image.aladin.co.kr/product/23824/72/cover500/8965963796_1.jpg	국내도서>경제경영>기업 경영>조직/인력/성과관리	23000				468	ALADIN		
2025. 10. 27 오후 5:38:14	9788932460109	The One Page Proposal - 강력하고 간결한 한 장의 기획서	패트릭 G. 라일리 (지은이), 안진환 (옮긴이)	을유문화사	2002-11-11	https://image.aladin.co.kr/product/38/62/cover500/8932460108_2.jpg	국내도서>자기계발>기획/보고>기획	8000				128	ALADIN		
2025. 10. 27 오후 5:38:31	9780060878986	Managing for Results: Economic Tasks and Risk-Taking Decisions (Paperback)	피터 드러커 (지은이)	HarperBusiness	2006-10-03	https://image.aladin.co.kr/product/133/0/cover500/0060878983_2.jpg	외국도서>경제경영>관리	33050				256	ALADIN		
2025. 10. 27 오후 5:38:41	9780887309991	Management Challenges for the 21st Century (Paperback)	피터 드러커 (지은이)	HarperBusiness	2001-06-26	https://image.aladin.co.kr/product/95/95/cover500/0887309992_2.jpg	외국도서>경제경영>관리	34890				224	ALADIN		
2025. 10. 27 오후 5:38:54	9780684856018	Selling the Wheel: Choosing the Best Way to Sell for You Your Company Your Customers (Paperback) - Choosing the Best Way to Sell for You, Your Company, Your Customers	제프 콕스, 하워드 스티븐스 (지은이)	Touchstone Books	2001-01-03	https://image.aladin.co.kr/product/125/3/cover500/0684856018_2.jpg	외국도서>경제경영>광고/홍보/PR 	31210				256	ALADIN		
2025. 10. 27 오후 5:39:08	9780060935740	The Essential Drucker (Paperback, Reprint) - In One Volume the Best of Sixty Years of Peter Drucker's Essential Writings on Management	피터 드러커 (지은이)	HarperCollins	2003-08-01	https://image.aladin.co.kr/product/130/27/cover500/006093574x_1.jpg	외국도서>경제경영>관리	21600	품절			368	ALADIN		
2025. 10. 27 오후 5:39:23	9780393310351	Thinking Strategically (Paperback, 4, Revised)	배리 J. 네일버프, 애비너시 딕시트 (지은이)	W W Norton & Co Inc	1993-04-17	https://image.aladin.co.kr/product/94/78/cover500/0393310353_2.jpg	외국도서>경제경영>경제학/경제일반 >경제학이론	36730				416	ALADIN		
2025. 10. 27 오후 5:39:32	9780671708634	7 Habits of Higly Effective People, the	스티븐 코비 (지은이)	Simon & Schuster	1990-08-01	https://image.aladin.co.kr/img/noimg_b.gif	외국도서>자기계발>자아성장>성공	17900	품절			0	ALADIN		
2025. 10. 27 오후 5:39:42	9780884271536	Critical Chain (Paperback)	엘리 골드렛 (지은이)	North River Pr	2002-12-10	https://image.aladin.co.kr/product/117/11/cover500/0884271536_1.jpg	외국도서>경제경영>관리	36650				246	ALADIN		
2025. 10. 27 오후 5:39:53	9788901112749	The Choice 초이스 - 과학자의 생각법에서 배우는 선택의 지혜	엘리 골드랫, 에프랏 골드랫-아쉬라그 (지은이), 최원준 (옮긴이)	웅진윙스	2010-09-10	https://image.aladin.co.kr/product/774/66/cover500/8901112744_1.jpg	국내도서>자기계발>창의적사고/두뇌계발	15500	품절			336	ALADIN		
2025. 10. 27 오후 5:40:08	9788995341087	질문의 힘	사이토 다카시 (지은이), 남소영 (옮긴이)	루비박스	2003-11-18	https://image.aladin.co.kr/product/44/26/cover500/8995341084_1.gif	국내도서>자기계발>협상/설득/화술>화술	8700	구판절판			232	ALADIN		
2025. 10. 27 오후 5:40:17	9788935207664	춤추는 고래의 실천 - 켄 블랜차드 자기경영 실천편	켄 블랜차드, 폴 마이어, 딕 류 (지은이), 조천제, 조영만 (옮긴이)	청림출판	2009-01-05	https://image.aladin.co.kr/product/284/10/cover500/8935207667_1.jpg	국내도서>경제경영>CEO/비즈니스맨을 위한 능력계발>성공학/경력관리	12000	품절			288	ALADIN		
2025. 10. 27 오후 5:40:26	9788901101088	스웨이 - 사람의 마음을 흔드는 선택의 비밀	오리 브래프먼, 롬 브래프먼 (지은이), 강유리 (옮긴이)	리더스북	2009-10-19	https://image.aladin.co.kr/product/478/56/cover500/8901101084_1.jpg	국내도서>자기계발>성공>성공학	12800	품절			232	ALADIN		
2025. 10. 27 오후 11:18:19	9788932473901	이기적 유전자	리처드 도킨스 (지은이), 홍영남, 이상임 (옮긴이)	을유문화사	2018-10-20	https://image.aladin.co.kr/product/17048/25/cover500/8932473900_1.jpg	국내도서>과학>생명과학>생명과학	20000				632	ALADIN		
2025. 10. 27 오후 11:18:28	9788965708063	시간은 흐르지 않는다 - 우리의 직관 너머 물리학의 눈으로 본 우주의 시간	카를로 로벨리 (지은이), 이중원 (옮긴이)	쌤앤파커스	2019-06-10	https://image.aladin.co.kr/product/19340/52/cover500/s952635912_1.jpg	국내도서>과학>물리학>물리학 일반	16000				240	ALADIN		
2025. 10. 27 오후 11:18:39	9788958200987	생명이란 무엇인가.정신과 물질	에르빈 슈뢰딩거 (지은이), 전대호 (옮긴이)	궁리	2007-07-02	https://image.aladin.co.kr/product/93/77/cover500/8958200987_1.jpg	국내도서>과학>과학의 이해>과학고전	13000	품절	궁리하는 과학 4		320	ALADIN		
2025. 10. 27 오후 11:18:59	9788954686853	우리가 세상을 이해하길 멈출 때	벵하민 라바투트 (지은이), 노승영 (옮긴이)	문학동네	2022-06-07	https://image.aladin.co.kr/product/29584/28/cover500/8954686850_1.jpg	국내도서>소설/시/희곡>스페인/중남미소설	16000				260	ALADIN		
2025. 10. 27 오후 11:19:40	9791130306155	과학적 관리의 원칙 - 보정판	F.W.TAYLOR (지은이), 박진우 (옮긴이)	박영사	2020-04-20	https://image.aladin.co.kr/product/23792/89/cover500/k352639088_1.jpg	국내도서>대학교재/전문서적>공학계열>산업공학	9000				168	ALADIN		
2025. 10. 27 오후 11:20:04	9788972915348	“새로운”무의식 - 정신분석에서 뇌과학으로	레너드 믈로디노프 (지은이), 김명남 (옮긴이)	까치	2013-01-15	https://image.aladin.co.kr/product/2264/52/cover500/8972915343_2.jpg	국내도서>인문학>심리학/정신분석학>교양 심리학	20000				333	ALADIN		
2025. 10. 27 오후 11:20:29	9788934932666	다윈의 식탁 - 진화론의 후예들이 펼치는 생생한 지성의 만찬	장대익 (지은이)	김영사	2008-11-21	https://image.aladin.co.kr/product/286/40/cover500/893493266x_1.jpg	국내도서>과학>생명과학>진화론	13000	구판절판			316	ALADIN		
2025. 10. 27 오후 11:20:38	9788984984080	일렉트릭 유니버스	데이비드 보더니스 (지은이), 김명남 (옮긴이)	생각의나무	2005-03-19	https://image.aladin.co.kr/product/54/99/cover500/8984984086_2.jpg	국내도서>과학>공학>전기/전자공학	13000	구판절판	공학과의 새로운 만남 18		382	ALADIN		
2025. 10. 27 오후 11:20:49	9788984986176	마담 사이언티스트 - 에밀리와 볼테르, 열정의 과학 로맨스	데이비드 보더니스 (지은이), 최세민 (옮긴이)	생각의나무	2006-09-27	https://image.aladin.co.kr/product/81/46/cover500/8984986178_1.jpg	국내도서>과학>과학자의 생애	15000	품절			429	ALADIN		
2025. 10. 27 오후 11:20:59	9788901103815	크로스 : 정재승 + 진중권 - 무한상상력을 위한 생각의 합체	진중권, 정재승 (지은이)	웅진지식하우스	2009-12-15	https://image.aladin.co.kr/product/591/43/cover500/8901103818_3.jpg	국내도서>인문학>교양 인문학	14000		크로스 1		342	ALADIN		
2025. 10. 27 오후 11:21:09	9788983710895	풀하우스	스티븐 제이 굴드 (지은이), 이명희 (옮긴이)	사이언스북스	2002-01-20	https://image.aladin.co.kr/product/32/77/cover500/8983710896_3.jpg	국내도서>과학>생명과학>생물학	19000				349	ALADIN		
2025. 10. 27 오후 11:21:18	9788984980099	E=mc2	데이비드 보더니스 (지은이), 김민희 (옮긴이)	생각의나무	2001-03-27	https://image.aladin.co.kr/product/27/18/cover500/8984980099_1.gif	국내도서>과학>물리학>쉽게 배우는 물리학	13000	구판절판			397	ALADIN		
2025. 10. 27 오후 11:21:44	9788984011267	스타트렉의 물리학 - 개정증보판	로렌스 M. 크라우스 (지은이), 곽영직, 박병철 (옮긴이)	영림카디널	2008-03-15	https://image.aladin.co.kr/product/191/1/cover500/8984011266_1.jpg	국내도서>과학>물리학>쉽게 배우는 물리학	15000	절판	갈릴레오 총서 13		304	ALADIN		
2025. 10. 27 오후 11:22:08	9788932316338	우리는 모두 외계인이다 - 외계 생명체를 찾아 떠나는 과학 여행	제프리 베넷 (지은이), 이강환, 권채순 (옮긴이)	현암사	2012-08-06	https://image.aladin.co.kr/product/1868/79/cover500/8932316333_1.jpg	국내도서>과학>천문학>우주과학	18000	품절			443	ALADIN		
2025. 10. 27 오후 11:22:17	9788932901251	상대적이며 절대적인 지식의 백과사전	베르나르 베르베르 (지은이), 이세욱 (옮긴이)	열린책들	1996-01-01	https://image.aladin.co.kr/product/7/25/cover500/8932901252_1.gif	국내도서>과학>기초과학/교양과학	10000	구판절판			230	ALADIN		
2025. 10. 27 오후 11:22:32	9788901115030	거의 모든 것의 미래 - 인류의 미래에 관한 눈부신 지적 탐험	데이비드 오렐 (지은이), 이한음 (옮긴이)	리더스북	2010-11-29	https://image.aladin.co.kr/product/818/99/cover500/8901115034_1.jpg	국내도서>인문학>교양 인문학	25000	품절			540	ALADIN		
2025. 10. 27 오후 11:22:42	9788988089521	디지털이다 - 정보고속도로에서 행복해지기 위한 안내서	니콜라스 네그로폰테 (지은이), 백욱인 (옮긴이)	커뮤니케이션북스	1999-03-20	https://image.aladin.co.kr/product/20/42/cover500/8988089529_3.jpg	국내도서>컴퓨터/모바일>e비즈니스/창업>디지털 문화	9000				246	ALADIN		
2025. 10. 27 오후 11:22:55	9788960512405	얽힘의 시대 - 대화로 재구성한 20세기 양자 물리학의 역사	루이자 길더 (지은이), 노태복 (옮긴이)	부키	2012-09-24	https://image.aladin.co.kr/product/1985/38/cover500/8960512400_1.jpg	국내도서>과학>기초과학/교양과학	25000				728	ALADIN		
2025. 10. 27 오후 11:23:23	9791157683826	우연은 얼마나 내 삶을 지배하는가	플로리안 아이그너 (지은이), 서유리 (옮긴이)	동양북스(동양문고)	2018-04-13	https://image.aladin.co.kr/product/13145/6/cover500/k462532135_1.jpg	국내도서>과학>기초과학/교양과학	14500				288	ALADIN		
2025. 10. 27 오후 11:23:39	9791157529292	수의 황홀한 역사 - 수의 탄생에서 현대 수학 이론까지	토비아스 단치히 (지은이), 심재관 (옮긴이), 정경훈 (감수)	지식의숲(넥서스)	2016-10-05	https://image.aladin.co.kr/product/9324/58/cover500/k262535720_1.jpg	국내도서>과학>수학>수학사	15000	품절	지식의숲 K 		456	ALADIN		
2025. 10. 27 오후 11:23:54	9780007162215	Big Bang: The Origin of the Universe (Paperback)	사이먼 싱 (지은이)	Perennial	2005-11-01	https://image.aladin.co.kr/product/95/63/cover500/0007162219_2.jpg	외국도서>과학/수학/생태>과학>우주론	31210				560	ALADIN		
2025. 10. 27 오후 11:24:36	9780805071344	Lady Tasting Tea (Paperback) - How Statistics Revolutionized Science in the Twentieth Century	데이비드 살스버그 (지은이)	Henry Holt & Co	2002-05-01	https://image.aladin.co.kr/product/114/50/cover500/0805071342_1.jpg	외국도서>과학/수학/생태>과학>과학사	42240				352	ALADIN		
2025. 10. 27 오후 11:24:51	9780486400235	Games, Gods and Gambling (Paperback, Unabridged) - A History of Probability and Statistical Ideas	F. N. David (지은이)	Dover Pubns	1998-02-06	https://image.aladin.co.kr/product/118/34/cover500/0486400239_1.jpg	외국도서>과학/수학/생태>수학>확률과 통계>일반	23790	품절			275	ALADIN		
2025. 10. 27 오후 11:25:18	9780674009790	Statistics on the Table: The History of Statistical Concepts and Methods (Paperback, Revised)	스티븐 스티글러 (지은이)	Harvard Univ Pr	2002-09-30	https://image.aladin.co.kr/product/133/83/cover500/0674009797_1.jpg	외국도서>역사>역사일반	69820				504	ALADIN		
2025. 10. 27 오후 11:25:35	9780674403413	The History of Statistics: The Measurement of Uncertainty Before 1900 (Paperback, Revised)	스티븐 스티글러 (지은이)	Belknap Pr                              	1990-03-01	https://image.aladin.co.kr/product/107/38/cover500/067440341x_2.jpg	외국도서>과학/수학/생태>수학>확률과 통계>일반	77170				432	ALADIN		
2025. 10. 27 오후 11:25:51	9788985597340	미적분학 갤러리 - 뉴턴에서 르베그까지 위대한 수학자들이 들려주는 미적분 이야기	윌리엄 던햄 (지은이), 권혜승 (옮긴이)	한승	2011-05-25	https://image.aladin.co.kr/product/1186/11/cover500/8985597345_1.jpg	국내도서>과학>수학>쉽게 배우는 수학	17000	품절			336	ALADIN		
2025. 10. 27 오후 11:26:00	9788985055970	페르마의 마지막 정리	사이먼 싱 (지은이), 박병철 (옮긴이)	영림카디널	2003-02-25	https://image.aladin.co.kr/product/15/33/cover500/8985055976_1.jpg	국내도서>과학>수학>수학자의 생애	13000	구판절판	갈릴레오 총서 3		400	ALADIN		
2025. 10. 27 오후 11:26:10	9788956053219	슈퍼크런처 - 불확실한 미래를 데이터로 꿰뚫는 힘	이언 에어즈 (지은이), 안진환 (옮긴이)	북하우스	2009-03-20	https://image.aladin.co.kr/product/345/49/cover500/8956053219_1.jpg	국내도서>경제경영>경제학/경제일반>경제이야기	15000	절판			368	ALADIN		
2025. 10. 27 오후 11:41:27	9788970127248	총 균 쇠 (리커버 특별판)	재레드 다이아몬드 (지은이), 김진준 (옮긴이)	문학사상	2022-10-04	https://image.aladin.co.kr/product/30192/3/cover500/k142839095_1.jpg	국내도서>인문학>문화/문화이론>문명/문명사	28000	품절			712	ALADIN		
2025. 10. 27 오후 11:41:47	9788937460883	오만과 편견	제인 오스틴 (지은이), 윤지관, 전승희 (옮긴이)	민음사	2003-09-20	https://image.aladin.co.kr/product/43/68/cover500/s937460882_1.jpg	국내도서>소설/시/희곡>영미소설	13000		민음사 세계문학전집 88		560	ALADIN		
2025. 10. 27 오후 11:41:59	9788973814725	멋진 신세계	올더스 헉슬리 (지은이), 안정효 (옮긴이)	(주)태일소담출판사	2015-06-12	https://image.aladin.co.kr/product/6083/61/cover500/8973814729_2.jpg	국내도서>소설/시/희곡>과학소설(SF)>외국 과학소설	13800				400	ALADIN		
2025. 10. 27 오후 11:42:09	9788936477783	드라이	닐 셔스터먼, 재러드 셔스터먼 (지은이), 이민희 (옮긴이)	창비	2019-09-20	https://image.aladin.co.kr/product/19832/24/cover500/8936477781_1.jpg	국내도서>소설/시/희곡>영미소설	15800				460	ALADIN		
2025. 10. 27 오후 11:42:46	9788955618556	빅 히스토리 - 빅뱅에서 현재까지 : 인간은 어디에서 와서 어디로 가는가	신시아 브라운 (지은이), 막시무스(이근영) (옮긴이)	바다출판사	2017-12-04	https://image.aladin.co.kr/product/12519/65/cover500/8955618557_2.jpg	국내도서>역사>세계사 일반	9800	절판			440	ALADIN		
2025. 10. 27 오후 11:43:08	9788934939603	정의란 무엇인가	마이클 샌델 (지은이), 이창신 (옮긴이)	김영사	2010-05-26	https://image.aladin.co.kr/product/709/27/cover500/8934939605_3.jpg	국내도서>인문학>서양철학>윤리학/도덕철학	15000	구판절판			404	ALADIN		
2025. 10. 27 오후 11:44:48	9788974839321	미스 손탁	정명섭 (지은이)	서해문집	2018-05-15	https://image.aladin.co.kr/product/14558/8/cover500/8974839326_1.jpg	국내도서>청소년>청소년 문학>청소년 소설	14300		서해문집 청소년문학 3		240	ALADIN		
2025. 10. 27 오후 11:55:43	9788972913344	유클리드의 창 - 기하학 이야기	레너드 믈로디노프 (지은이), 전대호 (옮긴이)	까치	2002-06-05	https://image.aladin.co.kr/product/35/13/cover500/8972913340_2.jpg	국내도서>과학>수학>수학 일반	17000				344	ALADIN		
2025. 10. 27 오후 11:55:58	9788958626190	불멸의 이론 - 베이즈 정리는 어떻게 250년 동안 불확실한 세상을 지배하였는가	샤론 버치 맥그레인 (지은이), 이경식 (옮긴이)	휴머니스트	2013-08-12	https://image.aladin.co.kr/product/2995/7/cover500/8958626194_1.jpg	국내도서>과학>기초과학/교양과학	28000	절판			640	ALADIN		
2025. 10. 27 오후 11:56:10	9788962601985	통계학 리스타트 - 볼수록 매력 있는 유쾌한 통계 이야기!	이다 야스유키 (지은이), 신은주 (옮긴이), 이진 (감수)	비즈니스맵	2010-04-12	https://image.aladin.co.kr/product/678/18/cover500/8962601982_1.jpg	국내도서>경제경영>기업 경영>경영 일반	12000	절판			272	ALADIN		
2025. 10. 27 오후 11:56:56	9788988165911	통계의 미학 - 통계는 세상을 움직이는 과학이다	최제호 (지은이)	동아시아	2007-12-03	https://image.aladin.co.kr/product/101/79/cover500/8988165918_1.jpg	국내도서>과학>수학>확률/통계학	13000				305	ALADIN		
2025. 10. 27 오후 11:57:08	9788990994004	세상에서 가장 쉬운 통계학입문	코지마 히로유키 (지은이), 박주영 (옮긴이)	지상사	2009-12-17	https://image.aladin.co.kr/product/590/5/cover500/s162834094_1.jpg	국내도서>경제경영>기업 경영>세무/재무/회계	15000		세상에서 가장 쉬운 시리즈 (지상사) 		240	ALADIN		
2025. 10. 27 오후 11:57:17	9788959401260	통계가 전하는 거짓말 - 우리는 날마다 '숫자'에 속으며 산다	정남구 (지은이)	시대의창	2008-07-30	https://image.aladin.co.kr/product/242/87/cover500/8959401269_1.jpg	국내도서>사회과학>사회학>사회학 일반	13500	구판절판			252	ALADIN		
2025. 10. 27 오후 11:57:29	9788990024145	천재들의 주사위 - 20세기를 만든 통계학의 혁명들	데이비드 살스버그 (지은이), 최정규 (옮긴이)	뿌리와이파리	2003-08-30	https://image.aladin.co.kr/product/43/5/cover500/8990024145_2.jpg	국내도서>대학교재/전문서적>경상계열>통계	18000	절판			435	ALADIN		
2025. 10. 27 오후 11:57:38	9788988165232	링크 - 21세기를 지배하는 네트워크 과학	앨버트 라슬로 바라바시 (지은이), 강병남, 김기훈 (옮긴이)	동아시아	2002-10-24	https://image.aladin.co.kr/product/38/30/cover500/8988165233_2.jpg	국내도서>과학>과학의 이해>현대과학	16000				423	ALADIN		
2025. 10. 27 오후 11:57:51	9788983717436	세계를 바꾼 17가지 방정식 - 위대한 방정식에 담긴 영감과 통찰	이언 스튜어트 (지은이), 김지선 (옮긴이)	사이언스북스	2016-02-15	https://image.aladin.co.kr/product/7670/65/cover500/8983717432_1.jpg	국내도서>과학>수학>수학 일반	20000		이언 스튜어트 3부작 3		528	ALADIN		
2025. 10. 27 오후 11:58:08	9791185435145	만물의 공식 - 우리의 관계, 미래, 사랑까지 수량화하는 알고리즘의 세계	루크 도멜 (지은이), 노승영 (옮긴이)	반니	2014-10-25	https://image.aladin.co.kr/product/4796/46/cover500/118543514x_1.jpg	국내도서>과학>기초과학/교양과학	17000	품절			336	ALADIN		
2025. 10. 27 오후 11:58:23	9780071626538	Numbers Rule Your World: The Hidden Influence of Probabilities and Statistics on Everything You Do (Hardcover)	Kaiser Fung (지은이)	McGraw-Hill	2010-02-15	https://image.aladin.co.kr/product/432/9/cover500/0071626530_2.jpg	외국도서>과학/수학/생태>수학>확률과 통계>일반	58800				224	ALADIN		
2025. 10. 28 오전 12:01:33	9788928602940	넘버스, 숫자가 당신을 지배한다 - 모르면 당하는 확률과 통계의 놀라운 실체	카이저 펑 (지은이), 황덕창 (옮긴이)	타임북스	2011-03-10	https://image.aladin.co.kr/product/1101/87/cover500/8928602947_1.jpg	국내도서>경제경영>기업 경영>경영 일반	14500	절판			308	ALADIN		
2025. 10. 28 오전 12:02:09	9788989799122	수학의 언어	케이스 데블린 (지은이), 전대호 (옮긴이)	해나무	2003-05-06	https://image.aladin.co.kr/product/41/29/cover500/8989799120_1.gif	국내도서>과학>수학>수학 일반	20000				526	ALADIN		
2025. 10. 28 오전 12:02:22	9788949190013	수학 귀신	한스 마그누스 엔첸스베르거 (지은이), 고영아 (옮긴이)	비룡소	1997-12-25	https://image.aladin.co.kr/product/8/46/cover500/894919001x_1.jpg	국내도서>어린이>과학/수학/컴퓨터>초등 수학	14000	구판절판	즐거운 지식 (비룡소 청소년) 1		296	ALADIN		
2025. 10. 28 오전 12:02:42	9788970440255	물이란 무엇인가 - 블루백스 시리즈 25	우에다이라 히사시 (지은이), 오진곤 (옮긴이)	전파과학사	1980-12-01	https://image.aladin.co.kr/img/noimg_b.gif		5000	품절	전파과학사 Blue Backs 블루백스 25		218	ALADIN		
2025. 10. 28 오전 12:02:53	9788970441207	상대론의 ABC - 단 두 가지 원리로 모든 것을 알게 된다	후쿠시마 하지메 (지은이), 손영수 (옮긴이)	전파과학사	1993-02-01	https://image.aladin.co.kr/product/7/25/cover500/8970441204_1.jpg	국내도서>과학>물리학>물리학 일반	8000	구판절판	전파과학사 Blue Backs 블루백스 120		184	ALADIN		
2025. 10. 28 오전 12:03:05	9788970440033	청소년을 위한 위대한 수학자들 이야기	야노 겐타로 (지은이), 손영수 (옮긴이)	전파과학사	2022-01-21	https://image.aladin.co.kr/product/28770/98/cover500/e322539311_1.jpg	전자책>청소년>청소년 수학/과학	13000				0	ALADIN		
2025. 10. 28 오전 12:03:16	9788970440057	4차원의 세계 - 블루백스 시리즈 5	쓰즈키 다쿠지 (지은이), 김명수 (옮긴이)	전파과학사	1979-01-01	https://image.aladin.co.kr/img/noimg_b.gif	국내도서>과학>물리학>쉽게 배우는 물리학	8000	구판절판			262	ALADIN		
2025. 10. 28 오전 12:03:40	9788971761045	가이아의 시대	제임스 러브록 (지은이)	범양사	1992-05-01	https://image.aladin.co.kr/img/noimg_b.gif		5600	절판			352	ALADIN		
2025. 10. 28 오전 12:04:11	9788956055176	무한으로 가는 안내서 - 가없고 끝없고 영원한 것들에 관한 짧은 기록	존 D. 배로 (지은이), 전대호 (옮긴이)	해나무	2011-04-21	https://image.aladin.co.kr/product/1146/62/cover500/8956055173_1.jpg	국내도서>과학>기초과학/교양과학	18000				380	ALADIN		
2025. 10. 28 오전 12:04:52	9791192444383	비잔티움의 역사 - 천년의 제국, 동서양이 충돌하는 문명의 용광로에 세운 그리스도교 세계의 정점	디오니시오스 스타타코풀로스 (지은이), 최하늘 (옮긴이)	더숲	2023-02-20	https://image.aladin.co.kr/product/31056/82/cover500/k992831424_1.jpg	국내도서>역사>서양사>비잔티움/이슬람 강성기	22000		더숲히스토리 		410	ALADIN		
2025. 10. 28 오전 1:21:13	9791190030540	정재승의 과학 콘서트 (개정증보 2판) - 복잡한 세상 명쾌한 과학	정재승 (지은이)	어크로스	2020-07-07	https://image.aladin.co.kr/product/24397/0/cover500/k762630315_2.jpg	국내도서>과학>기초과학/교양과학	18800				388	ALADIN		
2025. 10. 28 오전 1:22:51	9788993178692	지리의 힘 - 지리는 어떻게 개인의 운명을, 세계사를, 세계 경제를 좌우하는가	팀 마샬 (지은이), 김미선 (옮긴이)	사이	2016-08-10	https://image.aladin.co.kr/product/8864/8/cover500/8993178690_2.jpg	국내도서>사회과학>지리학/지정학>지리학	20000		지리의 힘 1		368	ALADIN		
2025. 10. 28 오전 1:23:21	9788949190020	모모	미하엘 엔데 (지은이), 한미희 (옮긴이)	비룡소	1999-02-09	https://image.aladin.co.kr/product/19/10/cover500/8949190028_2.jpg	국내도서>어린이>동화/명작/고전>세계명작	15000	구판절판	비룡소 걸작선 13		368	ALADIN		
2025. 10. 28 오후 12:54:51	9788964655825	하버드의 생각수업 - 세계 최고의 대학에서는 무엇을 가르치는가?	후쿠하라 마사히로 (지은이), 김정환 (옮긴이)	엔트리(메가스터디북스)	2014-03-10	https://image.aladin.co.kr/product/3756/54/cover500/8964655826_2.jpg	국내도서>자기계발>성공>성공학	14000	절판	세계 최고 인재들의 생각법 1		228	ALADIN		
2025. 10. 28 오후 12:55:38	9788997132010	경제학 혁명 - 신화의 경제학에서 인간의 경제학으로	데이비드 오렐 (지은이), 김원기 (옮긴이), 우석훈	행성B(행성비)	2011-07-18	https://image.aladin.co.kr/product/1250/34/cover500/8997132016_1.jpg	국내도서>경제경영>경제학/경제일반>경제이야기	18800	절판			392	ALADIN		
2025. 10. 28 오후 12:55:54	9788935206582	부의 미래 - 앨빈 토플러 (반양장)	앨빈 토플러 (지은이), 김중웅 (옮긴이)	청림출판	2006-09-05	https://image.aladin.co.kr/product/67/59/cover500/893520658x_2.jpg	국내도서>경제경영>경제학/경제일반>경제사/경제전망>세계 경제사/경제전망	19800	구판절판			656	ALADIN		
2025. 10. 28 오후 12:56:20	9791195058198	1984	조지 오웰 (지은이), 임종기 (옮긴이)	아로파	2016-01-08	https://image.aladin.co.kr/product/7469/71/cover500/k892434507_1.jpg	국내도서>청소년>청소년 문학>청소년 소설	18000		아로파 세계문학 3		466	ALADIN		
2025. 10. 28 오후 12:56:34	9788937460777	1984	조지 오웰 (지은이), 정회성 (옮긴이)	민음사	2003-06-16	https://image.aladin.co.kr/product/41/89/cover500/s122531356_2.jpg	국내도서>소설/시/희곡>영미소설	11000		민음사 세계문학전집 77		452	ALADIN		
2025. 10. 28 오후 12:56:57	9788985893893	로지컬 씽킹 - 맥킨지식 논리적 사고와 구성의 기술	오카다 게이코, 데루야 하나코 (지은이), 김영철 (옮긴이)	일빛	2002-01-15	https://image.aladin.co.kr/product/32/70/cover500/8985893890_2.jpg	국내도서>자기계발>협상/설득/화술>설득	12000	절판			280	ALADIN		
2025. 10. 28 오후 12:57:07	9798988350316	로지컬 프리젠테이션	도이사토시외	출판사정보없음	2003-09-05	http://books.google.com/books/content?id=c0GizQEACAAJ&printsec=frontcover&img=1&zoom=1&source=gbs_api	분류 없음	0	NOT_FOR_SALE			216	Google		
2025. 10. 28 오후 12:57:18	9788966181070	좋아 보이는 것들의 비밀, 컬러	김정해 (지은이)	길벗	2011-06-24	https://image.aladin.co.kr/product/1205/73/cover500/8966181074_1.jpg	국내도서>예술/대중문화>디자인/공예>디자인이론/비평/역사	20000	구판절판	좋아 보이는 것들의 비밀 1		208	ALADIN		
2025. 10. 28 오후 1:03:52	9788994207230	당신이 읽는 동안 - 글꼴, 글꼴 디자인, 타이포그래피	헤라르트 윙어르 (지은이), 최문경 (옮긴이)	워크룸프레스(Workroom)	2013-03-15	https://image.aladin.co.kr/product/2502/66/cover500/8994207236_1.jpg	국내도서>예술/대중문화>디자인/공예>디자인이야기/디자이너/디자인 실기	15000	구판절판			216	ALADIN		
2025. 10. 28 오후 1:04:04	9788975480645	디자인과 인간심리	도널드 노만 (지은이)	학지사	1996-02-01	https://image.aladin.co.kr/product/4/25/cover500/897548064x_1.jpg	국내도서>대학교재/전문서적>예체능계열>미술/디자인/사진	8000	품절			300	ALADIN		
2025. 10. 28 오후 1:04:14	9788997235537	심플은 정답이 아니다 - 복잡한 세상의 디노베이터가 되는 기술	도널드 A. 노먼 (지은이), 이춘희, 이지현 (옮긴이)	교보문고(단행본)	2012-04-16	https://image.aladin.co.kr/product/1639/48/cover500/8997235532_1.jpg	국내도서>컴퓨터/모바일>그래픽/멀티미디어>그래픽 일반	13000	구판절판			296	ALADIN		
2025. 10. 28 오후 1:04:23	9788970122373	글쓰기를 두려워 말라	박동규 (지은이)	문학사상사	1997-01-14	https://image.aladin.co.kr/product/2/16/cover500/8970122370_1.jpg	국내도서>소설/시/희곡>문학의 이해>창작.문장작법	12000				398	ALADIN		
2025. 10. 28 오후 1:04:37	9788990991430	글쓰기 정석 - 일반인을 위한	배상복 (지은이)	경향미디어	2006-11-24	https://image.aladin.co.kr/product/85/84/cover500/8990991439_1.jpg	국내도서>인문학>책읽기/글쓰기>글쓰기	12000	구판절판			323	ALADIN		
2025. 10. 28 오후 1:04:48	9791196517311	보고서의 법칙 - 일주일 내로 보고서를 써야 하는 당신에게	백승권 (지은이)	바다출판사	2018-12-14	https://image.aladin.co.kr/product/17638/39/cover500/k412534216_2.jpg	국내도서>자기계발>기획/보고>보고	16500				336	ALADIN		
2025. 10. 28 오후 1:20:21	9788991071797	논증의 기술 - 논리적으로 생각하고 말하고 쓰기의 모든 것, 개정판	앤서니 웨스턴 (지은이), 이보경 (옮긴이)	필맥	2010-07-01	https://image.aladin.co.kr/product/730/34/cover500/8991071791_1.jpg	국내도서>인문학>논리와 비판적 사고	8800	구판절판			240	ALADIN		
2025. 10. 28 오후 1:20:32	9788991071902	글은 논리다 - 우리가 쓰는 우리 글의 맹점	백우진 (지은이)	필맥	2011-07-20	https://image.aladin.co.kr/product/1258/14/cover500/8991071902_1.jpg	국내도서>인문학>책읽기/글쓰기>글쓰기	8800				208	ALADIN		
2025. 10. 28 오후 1:20:47	9788901098272	Stick 스틱! - 1초 만에 착 달라붙는 메시지, 그 안에 숨은 6가지 법칙, 개정증보판	칩 히스, 댄 히스 (지은이), 안진환, 박슬라 (옮긴이)	엘도라도	2009-08-03	https://image.aladin.co.kr/product/447/46/cover500/890109827x_2.jpg	국내도서>경제경영>마케팅/세일즈>마케팅/브랜드	15000	품절			448	ALADIN		
2025. 10. 28 오후 1:20:57	9788927800286	행운에 속지 마라 - 기대하지 마라, 예측하지 마라	나심 니콜라스 탈레브 (지은이), 이건 (옮긴이)	중앙books(중앙북스)	2010-04-26	https://image.aladin.co.kr/product/690/42/cover500/8927800281_1.jpg	국내도서>경제경영>경제학/경제일반>경제정책/비평	15000	구판절판			340	ALADIN		
2025. 10. 28 오후 1:21:09	9788990247414	블랙 스완 - 0.1%의 가능성이 모든 것을 바꾼다	나심 니콜라스 탈레브 (지은이), 차익종 (옮긴이)	동녘사이언스	2008-10-24	https://image.aladin.co.kr/product/270/88/cover500/8990247411_2.jpg	국내도서>경제경영>경제학/경제일반>경제이야기	25000	구판절판			548	ALADIN		
2025. 10. 28 오후 1:21:26	9788965701194	여기에 당신의 욕망이 보인다 - 빅 데이터에서 찾아낸 70억 욕망의 지도	송길영 (지은이)	쌤앤파커스	2012-11-15	https://image.aladin.co.kr/product/2090/17/cover500/8965701198_1.jpg	국내도서>경제경영>트렌드/미래전망>트렌드/미래전망 일반	15000	절판			284	ALADIN		
2025. 10. 28 오후 1:21:36	9788950908089	80/20 법칙 - 최신개정판	리처드 코치 (지은이), 공병호 (옮긴이)	21세기북스	2005-11-17	https://image.aladin.co.kr/product/60/21/cover500/8950908085_1.jpg	국내도서>자기계발>시간관리/정보관리>시간관리	12000	구판절판	만화로 읽는 경제경영 명저 시리즈 5		312	ALADIN		
2025. 10. 28 오후 1:22:48	9780884270898	The Haystack Syndrome (Hardcover) - Sifting Information Out of the Data Ocean	엘리 골드렛 (지은이)	North River Pr	1991-01-01	https://image.aladin.co.kr/product/5560/64/cover500/0884270890_2.jpg	외국도서>소설/시/희곡>문학비평>참고자료	55120	품절			262	ALADIN		
2025. 10. 28 오후 1:23:08	9788987939278	TOC 제약경영	정남기 (지은이)	대청(대청미디어)	1999-11-30	https://image.aladin.co.kr/product/21/31/cover500/8987939278_1.gif	국내도서>경제경영>기업 경영>경영전략/혁신	9500	절판			262	ALADIN		
2025. 10. 28 오후 1:23:18	9788983002815	It's Not Luck (더 골2)	엘리 골드렛 (지은이), 김일운, 강승덕 (옮긴이)	동양북스(동양문고)	2002-07-25	https://image.aladin.co.kr/product/3232/9/cover500/8983002816_1.jpg	국내도서>경제경영>기업 경영>경영전략/혁신	15000	구판절판			383	ALADIN		
2025. 10. 28 오후 1:23:28	9788983002532	The Goal (더 골)	제프 콕스, 엘리 골드렛 (지은이), 김일운, 강승덕, 김효 (옮긴이)	동양북스(동양문고)	2013-10-10	https://image.aladin.co.kr/product/3232/8/cover500/8983002530_1.jpg	국내도서>경제경영>기업 경영>경영전략/혁신	18000	구판절판			543	ALADIN		
2025. 10. 28 오후 1:24:17	9788947543828	파워풀 - 넷플릭스 성장의 비결	패티 맥코드 (지은이), 허란, 추가영 (옮긴이)	한국경제신문	2018-08-01	https://image.aladin.co.kr/product/15722/30/cover500/8947543829_2.jpg	국내도서>경제경영>기업 경영>경영전략/혁신	15000	구판절판			252	ALADIN		
2025. 10. 28 오후 1:24:28	9788950952952	아마존, 세상의 모든 것을 팝니다 - 아마존과 제프 베조스의 모든 것	브래드 스톤 (지은이), 야나 마키에이라 (옮긴이)	21세기북스	2014-03-24	https://image.aladin.co.kr/product/3826/73/cover500/8950952955_1.jpg	국내도서>경제경영>기업/경영자 스토리>국외 기업/경영자	23000				440	ALADIN		
2025. 10. 28 오후 1:24:44	9788901162317	The ORG 경제학자도 풀지 못한 조직의 비밀 - 왜 우리에게 조직이 필요한가	레이 피스먼, 팀 설리번 (지은이), 이진원 (옮긴이)	웅진지식하우스	2014-02-03	https://image.aladin.co.kr/product/3587/42/cover500/8901162318_1.jpg	국내도서>자기계발>리더십>리더십	16000	절판			320	ALADIN		
2025. 10. 28 오후 1:24:55	9788995890271	승자의 저주 - 경제현상의 패러독스와 행동경제학	리처드 H. 탈러 (지은이), 최정규, 하승아 (옮긴이)	이음	2007-08-27	https://image.aladin.co.kr/product/97/54/cover500/8995890274_1.jpg	국내도서>경제경영>경제학/경제일반>경제이론/경제사상	22000	절판			440	ALADIN		
2025. 10. 28 오후 1:25:07	9788995737057	행동 경제학	도모노 노리오 (지은이), 이명희 (옮긴이)	지형	2007-01-02	https://image.aladin.co.kr/product/87/2/cover500/8995737050_2.jpg	국내도서>경제경영>경제학/경제일반>경제이론/경제사상	18000	구판절판			340	ALADIN		
2025. 10. 28 오후 1:25:17	9788901093154	넛지 - 똑똑한 선택을 이끄는 힘	리처드 H. 탈러, 캐스 R. 선스타인 (지은이), 안진환 (옮긴이), 최정규	리더스북	2009-04-20	https://image.aladin.co.kr/product/358/75/cover500/8901093154_3.jpg	국내도서>경제경영>경제학/경제일반>경제이야기	15500	구판절판			428	ALADIN		
2025. 10. 28 오후 1:25:31	9781846146060	Thinking, Fast and Slow (Paperback)	대니얼 카너먼 (지은이)	Allen Lane	2011-11-03	https://image.aladin.co.kr/product/1409/17/cover500/1846146062_1.jpg	외국도서>인문/사회>철학>일반	30000	절판			512	ALADIN		
2025. 10. 28 오후 1:25:43	9788934956150	생각에 관한 생각 - 우리의 행동을 지배하는 생각의 반란!	대니얼 카너먼 (지은이), 이진원 (옮긴이)	김영사	2012-03-30	https://image.aladin.co.kr/product/1606/89/cover500/8934956151_1.jpg	국내도서>경제경영>경제학/경제일반>경제이론/경제사상	22000	절판			556	ALADIN		
2025. 10. 28 오후 1:25:55	9788935208630	댄 애리얼리, 경제 심리학 - 경제는 감정으로 움직인다	댄 애리얼리 (지은이), 김원호 (옮긴이)	청림출판	2011-02-08	https://image.aladin.co.kr/product/874/32/cover500/8935208639_1.jpg	국내도서>경제경영>경제학/경제일반>경제이야기	18000				447	ALADIN		
2025. 10. 28 오후 1:26:12	9788901116457	당근과 채찍 - 목표로 유인하는 강력한 행동전략	이언 에어즈 (지은이), 이종호, 김인수 (옮긴이), 최정규 (감수)	리더스북	2011-01-13	https://image.aladin.co.kr/product/847/10/cover500/8901116456_3.jpg	국내도서>경제경영>기업 경영>조직/인력/성과관리	16000	절판			388	ALADIN		
2025. 10. 28 오후 1:26:22	9788956054803	딜리버링 해피니스 - 재포스 CEO의 행복경영 노하우	토니 셰이 (지은이), 송연수 (옮긴이)	북하우스	2010-09-01	https://image.aladin.co.kr/product/766/50/cover500/8956054800_1.jpg	국내도서>경제경영>기업/경영자 스토리>국외 기업/경영자	18000				352	ALADIN		
2025. 10. 28 오후 1:26:33	9791162540633	그릿 GRIT (골드 에디션) - IQ, 재능, 환경을 뛰어넘는 열정적 끈기의 힘	앤절라 더크워스 (지은이), 김미정 (옮긴이)	비즈니스북스	2022-12-15	https://image.aladin.co.kr/product/30657/56/cover500/k272830938_1.jpg	국내도서>자기계발>창의적사고/두뇌계발	18000				416	ALADIN		
2025. 10. 28 오후 1:26:47	9788947528689	인튜이션 - 40년간 연구한 인지과학 보고서	게리 클라인 (지은이), 이유진 (옮긴이), 장영재 (감수)	한국경제신문	2012-09-08	https://image.aladin.co.kr/product/1945/23/cover500/8947528684_1.jpg	국내도서>인문학>심리학/정신분석학>뇌과학/인지심리학	21000	절판			431	ALADIN		
2025. 10. 28 오후 1:27:08	9788934985747	타인의 해석 - 당신이 모르는 사람을 만났을 때	말콤 글래드웰 (지은이), 유강은 (옮긴이), 김경일 (감수)	김영사	2020-03-20	https://image.aladin.co.kr/product/23466/15/cover500/8934985747_2.jpg	국내도서>자기계발>인간관계>인간관계	18500				472	ALADIN		
2025. 10. 28 오후 1:27:27	9788950906436	티핑 포인트 - 작은 아이디어를 빅트렌드로 만드는	말콤 글래드웰 (지은이), 임옥희 (옮긴이)	21세기북스	2004-09-14	https://image.aladin.co.kr/product/51/68/cover500/8950906430_1.jpg	국내도서>경제경영>트렌드/미래전망>트렌드/미래전망 일반	12000	구판절판			272	ALADIN		
2025. 10. 28 오후 1:27:36	9788950952891	다윗과 골리앗 - 강자를 이기는 약자의 기술	말콤 글래드웰 (지은이), 선대인 (옮긴이)	21세기북스	2014-01-27	https://image.aladin.co.kr/product/3473/61/cover500/8950952890_1.jpg	국내도서>자기계발>성공>성공학	17000	구판절판			352	ALADIN		
2025. 10. 28 오후 1:27:48	9788934933151	아웃라이어 - 성공의 기회를 발견한 사람들	말콤 글래드웰 (지은이), 노정태 (옮긴이), 최인철 (감수)	김영사	2009-01-15	https://image.aladin.co.kr/product/301/7/cover500/8934933151_3.jpg	국내도서>자기계발>성공>성공학	13000	구판절판			300	ALADIN		
2025. 10. 28 오후 1:28:02	9788934937494	그 개는 무엇을 보았나 - 참을 수 없이 궁금한 마음의 미스터리	말콤 글래드웰 (지은이), 김태훈 (옮긴이)	김영사	2010-03-19	https://image.aladin.co.kr/product/653/50/cover500/8934937491_1.jpg	국내도서>경제경영>기업 경영>경영 일반	15000	구판절판			450	ALADIN		
2025. 10. 28 오후 1:31:27	9788934903154	유쾌한 경제학	토드 부크홀츠 (지은이), 이성훈 (옮긴이)	김영사	1997-01-15	https://image.aladin.co.kr/product/11/41/cover500/8934903155_1.gif	국내도서>경제경영>경제학/경제일반>경제이야기	7500	절판			292	ALADIN		
2025. 10. 28 오후 1:31:37	9788962604467	죽은 경제학자의 망할 아이디어 - 경제학은 어떻게 우리를 배신하는가?	마티아스 빈스방거 (지은이), 김해생 (옮긴이), 선대인 (감수)	비즈니스맵	2012-04-16	https://image.aladin.co.kr/product/1640/68/cover500/8962604469_1.jpg	국내도서>경제경영>경제학/경제일반>경제정책/비평	13000	절판			288	ALADIN		
2025. 10. 28 오후 1:31:48	9788901103044	슈퍼 괴짜경제학 - 세상의 이면을 파헤치는 괴짜 천재의 실전경제학	스티븐 레빗, 스티븐 더브너 (지은이), 안진환 (옮긴이)	웅진지식하우스	2009-11-20	https://image.aladin.co.kr/product/583/51/cover500/8901103044_2.jpg	국내도서>경제경영>경제학/경제일반>경제이론/경제사상	13000	절판			348	ALADIN		
2025. 10. 28 오후 1:33:46	9781905211210	The Long Tail (Paperback) - How Endless Choice is Creating Unlimited Demand	Chris Andreson (지은이)	Random House	2006-07-01	https://image.aladin.co.kr/product/67/65/cover500/190521121x_1.jpg	외국도서>경제경영>마케팅	18000	품절			238	ALADIN		
2025. 10. 28 오후 1:42:18	9788935207510	상식 밖의 경제학 - 이제 상식에 기초한 경제학은 버려라!	댄 애리얼리 (지은이), 장석훈 (옮긴이)	청림출판	2008-09-05	https://image.aladin.co.kr/product/246/57/cover500/8935207519_1.jpg	국내도서>경제경영>경제학/경제일반>경제이야기	13000	구판절판			336	ALADIN		
2025. 10. 28 오후 10:31:59	9791185585185	어쩌다 보니 통계학자 - 통계학의 거장 조지 박스의 삶과 추억	조지 박스 (지은이), 박중양 (옮긴이)	생각의힘	2015-10-30	https://image.aladin.co.kr/product/6382/24/cover500/k962434780_1.jpg	국내도서>과학>과학자의 생애	18000				352	ALADIN		
2025. 10. 28 오후 10:34:09	9780307275172	The Drunkard's Walk: How Randomness Rules Our Lives (Paperback) - How Randomness Rules Our Lives	레너드 믈로디노프 (지은이)	Vintage Books	2009-05-05	https://image.aladin.co.kr/product/263/49/cover500/0307275175_1.jpg	외국도서>과학/수학/생태>과학>카오스 이론	34910				272	ALADIN		
2025. 10. 28 오후 10:34:23	9780385495325	The Code Book: The Science of Secrecy from Ancient Egypt to Quantum Cryptography (Paperback)	사이먼 싱 (지은이)	Anchor	2000-08-29	https://image.aladin.co.kr/product/92/78/cover500/0385495323_1.jpg	외국도서>언어학>언어학>일반	31230				432	ALADIN		
2025. 10. 28 오후 10:34:47	9780674088917	The Seven Pillars of Statistical Wisdom (Paperback)	스티븐 스티글러 (지은이)	Harvard Univ Pr	2016-03-07	https://image.aladin.co.kr/product/6880/91/cover500/0674088913_2.jpg	외국도서>과학/수학/생태>수학>확률과 통계>일반	49610				240	ALADIN		
2025. 10. 28 오후 10:35:28	9788908020351	작은 것이 아름답다	E. F. 슈마허 (지은이)	범우사	1986-12-01	https://image.aladin.co.kr/product/12/47/cover500/8908020357_1.jpg	국내도서>경제경영>경제학/경제일반>경제이론/경제사상	12000	품절	범우사상신서 35		316	ALADIN		
2025. 10. 28 오후 10:35:44	9788935208333	위험한 경영학 - 당신의 비즈니스를 위협하는 경영학의 진실	매튜 스튜어트 (지은이), 이원재, 이현숙 (옮긴이)	청림출판	2010-07-15	https://image.aladin.co.kr/product/737/24/cover500/8935208337_1.jpg	국내도서>경제경영>기업 경영>경영 일반	16000	품절			448	ALADIN		
2025. 10. 28 오후 10:36:07	9788996032045	타이밍에 강한 가치투자 전략 - 적극적 가치투자	비탈리 카스넬슨 (지은이), 김상우 (옮긴이)	부크온(부크홀릭)	2009-10-15	https://image.aladin.co.kr/product/469/18/cover500/8996032042_1.jpg	국내도서>경제경영>재테크/투자>재테크/투자 일반	22000	구판절판			400	ALADIN		
2025. 10. 28 오후 10:36:48	9788995525500	경쟁으로부터의 탈출 - 품질석학, 데밍박사의	W. 에드워드 데밍 (지은이), 김봉균 (옮긴이)	한국표준협회컨설팅(나비북스)	2004-08-16	https://image.aladin.co.kr/product/51/9/cover500/8995525509_1.gif	국내도서>경제경영>기업 경영>경영전략/혁신	18000	품절			272	ALADIN		
2025. 10. 28 오후 10:37:41	9788983003997	한계를 넘어서 - TOC(제약이론)을 통한 경영 대변혁	엘리 골드렛 (지은이), 이정숙 (옮긴이), 함정근 (감수)	동양북스(동양문고)	2004-10-25	https://image.aladin.co.kr/product/52/24/cover500/8983003995_1.jpg	국내도서>경제경영>기업 경영>조직/인력/성과관리	12000	품절			336	ALADIN		
2025. 10. 28 오후 10:38:18	9788992647595	일본전산 이야기 - 불황기 10배 성장, 손대는 분야마다 세계 1위, 신화가 된 회사	김성호 (지은이)	쌤앤파커스	2009-01-10	https://image.aladin.co.kr/product/290/94/cover500/899264759x_3.jpg	국내도서>경제경영>기업/경영자 스토리>국외 기업/경영자	13000	절판			280	ALADIN		
2025. 10. 28 오후 10:49:12	9788934916918	사막을 건너는 여섯가지 방법	스티브 도나휴 (지은이), 고상숙 (옮긴이)	김영사	2005-01-15	https://image.aladin.co.kr/product/53/82/cover500/8934916915_1.jpg	국내도서>에세이>명언/잠언록	9900	구판절판			217	ALADIN		
2025. 10. 28 오후 10:51:06	9788935600229	음식문화의 수수께끼	마빈 해리스 (지은이)	한길사	1992-12-01	https://image.aladin.co.kr/product/11/49/cover500/8935600229_3.jpg	국내도서>인문학>인류학/고고학>민속학	15000	구판절판	오늘의 사상신서 157		294	ALADIN		
2025. 10. 28 오후 10:51:21	9788972913641	거의 모든 것의 역사 (양장, 특별판)	빌 브라이슨 (지은이), 이덕환 (옮긴이)	까치	2003-11-30	https://image.aladin.co.kr/product/10723/91/cover500/k972913642_1.jpg	국내도서>과학>과학의 이해>과학사/기술사	23000	절판			558	ALADIN		
2025. 10. 28 오후 10:51:32	9788925517155	몽상과 매혹의 고고학 - C.W.쎄람의 사진으로 보는 고고학 역사 이야기	C. W. 세람 (지은이), 강미경 (옮긴이)	랜덤하우스코리아	2008-02-27	https://image.aladin.co.kr/product/183/38/cover500/8925517159_1.jpg	국내도서>역사>고고학	23000	품절			392	ALADIN		
2025. 10. 28 오후 10:51:47	9788983757722	알렉산드로스, 침략자 혹은 제왕 - BBC 고대 문명 다큐멘터리 시리즈 2	마이클 우드 (지은이), 남경태 (옮긴이)	랜덤하우스코리아	2002-04-25	https://image.aladin.co.kr/product/34/77/cover500/8983757728_1.gif	국내도서>역사>서양사>서양고대사	23000	품절			348	ALADIN		
2025. 10. 28 오후 10:51:59	9788983758125	트로이, 잊혀진 신화 - BBC 고대 문명 다큐멘터리 시리즈 3	마이클 우드 (지은이), 남경태 (옮긴이)	랜덤하우스코리아	2002-12-10	https://image.aladin.co.kr/product/39/48/cover500/8983758120_1.gif	국내도서>역사>서양사>서양고대사	23000	품절			462	ALADIN		
2025. 10. 28 오후 10:52:11	9788959246373	태양의 제국 잉카의 마지막 운명	마이클우드	출판사정보없음	2005-07-28	http://books.google.com/books/content?id=-5PQnQAACAAJ&printsec=frontcover&img=1&zoom=1&source=gbs_api	분류 없음	0	NOT_FOR_SALE			411	Google		
2025. 10. 28 오후 10:52:42	9788976762221	광기와 우연의 역사 1	슈테판 츠바이크 (지은이), 안인희 (옮긴이)	자작나무	1996-05-01	https://image.aladin.co.kr/product/1/39/cover500/9788976762221.gif	국내도서>역사>세계사 일반	9000	품절			312	ALADIN		
2025. 10. 29 오전 1:04:49	9788984373761	스테파니 메일러 실종사건	조엘 디케르 (지은이), 임미경 (옮긴이)	밝은세상	2019-08-12	https://image.aladin.co.kr/product/20203/30/cover500/8984373761_1.jpg	국내도서>소설/시/희곡>추리/미스터리소설>기타국가 추리/미스터리소설	18000	절판			728	ALADIN		
2025. 10. 29 오후 3:05:09	9788959060047	세계사를 뒤흔든 발굴	이종호 (지은이)	인물과사상사	2004-12-27	https://image.aladin.co.kr/product/53/42/cover500/8959060046_1.jpg	국내도서>역사>고고학	15000	절판			350	ALADIN		
2025. 10. 29 오후 3:05:25	9788936470166	나의 문화유산답사기 2	유홍준 (지은이)	창비	1994-07-01	https://image.aladin.co.kr/product/2/83/cover500/8936470167_1.jpg	국내도서>인문학>문화/문화이론>한국학/한국문화>한국문화유산	13000	구판절판	나의 문화유산답사기 2		406	ALADIN		
2025. 10. 29 오후 3:05:38	9788901059679	신화 추적자 - BBC 다큐멘터리 샹그리라.아르고호 원정대.시바의 여왕.아더 왕 이야기	마이클 우드 (지은이), 최애리 (옮긴이)	웅진지식하우스	2006-08-22	https://image.aladin.co.kr/product/68/14/cover500/8901059673_1.jpg	국내도서>인문학>신화/종교학>세계의 신화와 전설>세계의 신화와 전설 일반	15000	절판			360	ALADIN		
2025. 10. 29 오후 3:05:56	9788976960016	한국역사	한국역사연구회 (지은이)	역사비평사	1992-02-01	https://image.aladin.co.kr/product/16/18/cover500/9788976960016.gif	국내도서>역사>한국사 일반	16000	품절			486	ALADIN		
2025. 10. 29 오후 3:06:15	9788936905095	역사철학	그레이스 E. 케언스 (지은이), 이성기 (옮긴이)	대원사	1990-01-01	https://image.aladin.co.kr/product/10/21/cover500/8936905090_2.jpg	국내도서>역사>역사학>역사학 일반	19500		대원동서문화총서 9		472	ALADIN		
2025. 10. 29 오후 3:07:11	9788973650422	노래하는 역사	이영희 (지은이)	조선일보사	1999-12-20	https://image.aladin.co.kr/product/19/17/cover500/8973650424_1.gif	국내도서>역사>한국고대~고려시대>한국고대사>한국고대사 일반	12000	구판절판			372	ALADIN		
2025. 10. 29 오후 3:07:25	9788935600168	문화의 수수께끼 - 마빈 해리스 문화 인류학 3부작	마빈 해리스 (지은이), 박종렬 (옮긴이)	한길사	2000-04-20	https://image.aladin.co.kr/product/18/99/cover500/8935600164_2.jpg	국내도서>인문학>문화/문화이론>문화연구/문화이론	15000	구판절판			262	ALADIN		
2025. 10. 29 오후 3:07:37	9788935610518	인간동물원	데즈먼드 모리스 (지은이)	한길사	1994-12-01	https://image.aladin.co.kr/img/noimg_b.gif	국내도서>과학>동물과 식물>동물 일반	6000	절판	넥스트 2		268	ALADIN		
2025. 10. 29 오후 3:21:01	9788908020092	역사 란 무엇 인가	저자정보없음	출판사정보없음	1993-01-01		History	0	NOT_FOR_SALE			245	Google		
2025. 10. 29 오후 3:21:14	9788935610587	식인과 제왕 - 문화인류학 3부작	마빈 해리스 (지은이)	한길사	2000-05-10	https://image.aladin.co.kr/product/8/83/cover500/8935610585_2.jpg	국내도서>인문학>문화/문화이론>문화연구/문화이론	13000	구판절판	넥스트 3		310	ALADIN		
2025. 10. 29 오후 3:22:05	9788990024954	이타적 인간의 출현 - 게임이론으로 푸는 인간 본성 진화의 수수께끼, 개정증보판	최정규 (지은이)	뿌리와이파리	2009-08-25	https://image.aladin.co.kr/product/447/24/cover500/8990024951_2.jpg	국내도서>과학>생명과학>진화론	15000				400	ALADIN		
2025. 10. 29 오후 3:22:18	9788991136205	인간 그 속기 쉬운 동물 - 미신과 속설은 어떻게 생기나	토마스 길로비치 (지은이), 장근영, 이양원 (옮긴이)	모멘토	2008-09-16	https://image.aladin.co.kr/product/256/4/cover500/8991136206_1.jpg	국내도서>인문학>심리학/정신분석학>이론 심리학	11000	절판			320	ALADIN		
2025. 10. 29 오후 3:22:33	9788901059556	행복의 공식 - 인생을 변화시키는 긍정의 심리학	슈테판 클라인 (지은이), 김영옥 (옮긴이)	웅진지식하우스	2006-08-17	https://image.aladin.co.kr/product/67/96/cover500/890105955x_1.jpg	국내도서>과학>인체의 이해	13000	절판			356	ALADIN		
2025. 10. 29 오후 3:22:50	9788901067100	시간의 놀라운 발견 - 시간의 미스터리에 빠진 사람들을 위한 시간사용설명서	슈테판 클라인 (지은이), 유영미 (옮긴이)	웅진지식하우스	2007-06-10	https://image.aladin.co.kr/product/92/64/cover500/8901067102_1.jpg	국내도서>인문학>심리학/정신분석학>교양 심리학	13000	구판절판			286	ALADIN		
2025. 10. 29 오후 3:23:03	9788950911546	프레임 - 나를 바꾸는 심리학의 지혜	최인철 (지은이)	21세기북스	2007-06-08	https://image.aladin.co.kr/product/92/78/cover500/895091154x_2.jpg	국내도서>자기계발>인간관계>교양심리학	10000	구판절판			216	ALADIN		
2025. 10. 29 오후 3:23:19	9788934914488	생각의 지도 - 동양과 서양, 세상을 바라보는 서로 다른 시선	리처드 니스벳 (지은이), 최인철 (옮긴이)	김영사	2004-04-13	https://image.aladin.co.kr/product/48/27/cover500/8934914483_3.jpg	국내도서>인문학>문화/문화이론>동양문화읽기	17000				248	ALADIN		
2025. 10. 29 오후 3:23:32	9788971841167	아하 프로이트 1 - 꿈, 본능, 무의식 편	김정일 (지은이)	푸른숲	1996-06-25	https://image.aladin.co.kr/product/9/52/cover500/8971841168_1.jpg	국내도서>인문학>심리학/정신분석학>심리치료	8000	품절			366	ALADIN		
2025. 10. 29 오후 3:23:46	9788901110806	FBI 행동의 심리학 - 말보다 정직한 7가지 몸의 단서	조 내버로, 마빈 칼린스 (지은이), 박정길 (옮긴이)	리더스북	2010-09-13	https://image.aladin.co.kr/product/772/58/cover500/8901110806_1.jpg	국내도서>자기계발>인간관계>교양심리학	14000	구판절판			278	ALADIN		
2025. 10. 29 오후 3:24:00	9788957691267	그들은 아는, 우리만 모르는 - 위키리크스가 발가벗긴 대한민국의 알몸	김용진 (지은이)	개마고원	2012-01-06	https://image.aladin.co.kr/product/1457/42/cover500/895769126x_1.jpg	국내도서>사회과학>비평/칼럼>한국사회비평/칼럼	16000				400	ALADIN		
2025. 10. 29 오후 3:24:29	9788956056531	여덟 단어 - 인생을 대하는 우리의 자세	박웅현 (지은이)	북하우스	2013-05-20	https://image.aladin.co.kr/product/2642/80/cover500/8956056536_1.jpg	국내도서>인문학>교양 인문학	15000	절판			240	ALADIN		
2025. 10. 29 오후 3:24:39	9788958270096	몰입 Flow - 미치도록 행복한 나를 만난다	미하이 칙센트미하이 (지은이), 최인수 (옮긴이)	한울림	2004-07-05	https://image.aladin.co.kr/product/50/36/cover500/s102534693_1.jpg	국내도서>인문학>심리학/정신분석학>교양 심리학	32000				528	ALADIN		
2025. 10. 29 오후 3:25:30	9788965132288	어떻게 살 것인가 - 힐링에서 스탠딩으로!	유시민 (지은이)	생각의길	2013-03-13	https://image.aladin.co.kr/product/2398/18/cover500/8965132282_2.jpg	국내도서>인문학>교양 인문학	15000				344	ALADIN		
2025. 10. 29 오후 3:25:43	9788950926298	생각 버리기 연습	코이케 류노스케 (지은이), 유윤한 (옮긴이)	21세기북스	2010-09-10	https://image.aladin.co.kr/product/776/89/cover500/8950926296_1.jpg	국내도서>자기계발>힐링>마음 다스리기	12000	절판	생각 버리기 연습 1		244	ALADIN		
2025. 10. 29 오후 3:25:55	9788989899921	나, 구본형의 변화 이야기 - 10년마다 자신의 삶을 결산하는 자아경영 프로젝트	구본형 (지은이)	휴머니스트	2004-03-29	https://image.aladin.co.kr/product/47/48/cover500/8989899923_1.gif	국내도서>자기계발>성공>성공학	12000	구판절판			325	ALADIN		
2025. 10. 29 오후 3:26:10	9788901125176	휴식 - 행복의 중심	울리히 슈나벨 (지은이), 김희상 (옮긴이)	걷는나무	2011-06-21	https://image.aladin.co.kr/product/1205/18/cover500/890112517x_1.jpg	국내도서>자기계발>시간관리/정보관리>시간관리	15000	구판절판			304	ALADIN		
2025. 10. 29 오후 4:54:39	9788970555096	꿈의해석 - 드림북스 9	지크문트 프로이트 (지은이)	홍신문화사	2001-02-25	https://image.aladin.co.kr/img/noimg_b.gif	국내도서>인문학>심리학/정신분석학>프로이트	4000	품절			328	ALADIN		
2025. 10. 29 오후 4:55:32	9788970555171	짜라투스트라는 이렇게 말했다 - 드림북스 17	프리드리히 니체 (지은이)	홍신문화사	1987-04-15	https://image.aladin.co.kr/img/noimg_b.gif	국내도서>인문학>서양철학>현대철학>루이 알튀세르	5000	절판			442	ALADIN		
2025. 10. 29 오후 4:55:32	9788970555171	짜라투스트라는 이렇게 말했다 - 드림북스 17	프리드리히 니체 (지은이)	홍신문화사	1987-04-15	https://image.aladin.co.kr/img/noimg_b.gif	국내도서>인문학>서양철학>현대철학>루이 알튀세르	5000	절판			442	ALADIN		
2025. 10. 29 오후 4:55:39	9788970555072	소크라테스의 변명 - 드림북스 7	플라톤 (지은이)	홍신문화사	2001-09-30	https://image.aladin.co.kr/img/noimg_b.gif	국내도서>인문학>서양철학>고대철학>소크라테스	4500	절판			335	ALADIN		
2025. 10. 29 오후 4:56:41	9788933110362	위기는 선물이다 - 그대 능력을 믿어라	안셀름 그륀 (지은이), 김선태 (옮긴이)	바오로딸(성바오로딸)	2011-02-15	https://image.aladin.co.kr/product/1103/67/cover500/8933110364_1.jpg	국내도서>종교/역학>가톨릭>가톨릭 신앙생활	9000				195	ALADIN		
2025. 10. 29 오후 4:58:25	9788937834950	코끼리는 생각하지 마 - 미국 진보 세력은 왜 선거에서 패배하는가	조지 레이코프 (지은이), 유나영 (옮긴이), 나익주 (감수)	와이즈베리	2015-04-01	https://image.aladin.co.kr/product/5520/47/cover500/8937834952_1.jpg	국내도서>사회과학>정치학/외교학/행정학>각국정치사정/정치사>미국	16800				318	ALADIN		
2025. 10. 29 오후 4:58:39	9788965700173	인코그니토 - 나라고 말하는 나는 누구인가	데이비드 이글먼 (지은이), 김소희 (옮긴이), 윤승일 (감수)	쌤앤파커스	2011-06-01	https://image.aladin.co.kr/product/1186/73/cover500/8965700175_1.jpg	국내도서>인문학>심리학/정신분석학>뇌과학/인지심리학	15000	품절			320	ALADIN		
2025. 10. 29 오후 4:58:50	9788991705142	어느 무명 철학자의 유쾌한 행복론	전시륜 (지은이)	행복한마음	2008-01-07	https://image.aladin.co.kr/product/171/10/cover500/8991705146_1.jpg	국내도서>에세이>한국에세이	9000	구판절판			344	ALADIN		
2025. 10. 29 오후 4:59:07	9788987350202	철학의 문제들 - 인간과 철학	버트런드 러셀 (지은이), 박영태 (옮긴이)	이학사	2000-02-29	https://image.aladin.co.kr/product/22/35/cover500/8987350207_2.jpg	국내도서>인문학>서양철학>현대철학>러셀/비트겐슈타인	12000				223	ALADIN		
2025. 10. 29 오후 4:59:28	9788930650038	상징, 신성, 예술	미르치아 엘리아데 (지은이), 박규태 (옮긴이)	서광사	1991-07-01	https://image.aladin.co.kr/product/23/8/cover500/8930650031_1.jpg	국내도서>대학교재/전문서적>인문계열>종교학	21000				328	ALADIN		
2025. 10. 29 오후 4:59:39	9788971930052	성과 속: 종교의 본질 - 학민글밭 4	미르치아 엘리아데 (지은이)	학민사	1983-06-01	https://image.aladin.co.kr/product/7/82/cover500/8971930055_2.jpg	국내도서>종교/역학>기독교(개신교)>기독교의 이해	14800				222	ALADIN		
2025. 10. 29 오후 4:59:47	9788972910442	종교사 개론	미르치아 엘리아데 (지은이), 이재실 (옮긴이)	까치	1994-11-01	https://image.aladin.co.kr/img/noimg_b.gif	국내도서>종교/역학>종교일반>종교사	9000	절판	까치글방 83		496	ALADIN		
2025. 10. 29 오후 4:59:59	9788912126100	신화의힘	Joseph Campbell	출판사정보없음	1992-01-01		Myth	0	NOT_FOR_SALE			434	Google		
2025. 10. 29 오후 5:00:08	9788972783152	종교문화의 이해	정진홍 (지은이)	청년사	1995-08-01	https://image.aladin.co.kr/product/13/31/cover500/8972783153_1.gif	국내도서>인문학>문화/문화이론>종교문화	10000	품절			380	ALADIN		
2025. 10. 29 오후 5:00:23	9788908020337	건전한 사회 - 범우사상신서 33	에리히 프롬 (지은이)	범우사	1999-04-15	https://image.aladin.co.kr/product/19/77/cover500/s012937608_1.jpg	국내도서>인문학>서양철학>현대철학>프랑크푸르트학파	22000	품절	범우사상신서 33		352	ALADIN		
2025. 10. 29 오후 5:00:34	9788974185114	광기의 역사 - 현대 프랑스 철학총서 11	미셸 푸코 (지은이)	인간사랑	1999-12-20	https://image.aladin.co.kr/product/1/39/cover500/8974185113_1.jpg	국내도서>대학교재/전문서적>사회과학계열>사회학	12000				371	ALADIN		
2025. 10. 29 오후 5:00:43	9788970551258	자유로부터의 도피	에리히 프롬 (지은이)	홍신문화사	1991-07-01	https://image.aladin.co.kr/product/12/43/cover500/8970551255_1.jpg	국내도서>인문학>서양철학>현대철학>프랑크푸르트학파	9000	품절	홍신사상신서  26		312	ALADIN		
2025. 10. 29 오후 5:01:03	9788942310340	한국사회사상사	이은순 (지은이)	지식산업사	1996-05-20	https://image.aladin.co.kr/product/16/12/cover500/9788942310340.gif	국내도서>인문학>신화/종교학>한국신화/전설/민담	12000				394	ALADIN		
2025. 10. 29 오후 5:01:14	9788934903147	소중한 것을 먼저하라 - 스티븐 코비의 제4세대 시간경영	스티븐 코비, A. 로저 메릴, 레베카 R. 메릴 (지은이), 김경섭 (옮긴이)	김영사	1997-02-25	https://image.aladin.co.kr/product/19/6/cover500/8934903147_2.jpg	국내도서>자기계발>시간관리/정보관리>시간관리	15000				502	ALADIN		
2025. 10. 29 오후 5:01:24	9788980103034	누가 내 치즈를 옮겼을까?	스펜서 존슨 (지은이), 이영진 (옮긴이)	진명출판사	2000-03-15	https://image.aladin.co.kr/product/22/61/cover500/8980103034_1.gif	국내도서>자기계발>성공>성공학	7000	구판절판			128	ALADIN		
2025. 10. 29 오후 5:01:33	9788976850829	나에겐 지금 못할 것이 없다 - 반양장	앤드류 우드 (지은이), 한상천 (옮긴이)	현대미디어	2000-01-25	https://image.aladin.co.kr/product/21/97/cover500/8976850823_1.gif	국내도서>자기계발>성공>성공학	8000	절판			318	ALADIN		
2025. 10. 29 오후 5:01:41	9788986145656	여자는 차마 말 못하고 남자는 전혀 모르는 것들	존 그레이 (지은이), 서현정 (옮긴이)	프리미엄북스	2002-01-20	https://image.aladin.co.kr/product/32/73/cover500/8986145650_1.gif	국내도서>자기계발>인간관계>남녀관계	8500	품절			304	ALADIN		
2025. 10. 29 오후 5:01:50	9788989028567	9만 년의 행복한 결혼이야기	닉 스티네트, 도니 힐리어, 낸시 스티네트 (지은이), 윤종석 (옮긴이)	엔씨디(NCD)	2002-05-31	https://image.aladin.co.kr/product/36/52/cover500/8989028566_1.gif	국내도서>종교/역학>기독교(개신교)>기독교(개신교) 신앙생활>사랑/결혼	9800	절판			236	ALADIN		
2025. 10. 29 오후 5:02:00	9788995406601	쇼펜하우어의 토론의 법칙	아르투르 쇼펜하우어 (지은이), 최성욱 (옮긴이)	원앤원북스	2003-06-10	https://image.aladin.co.kr/product/41/72/cover500/8995406607_1.gif	국내도서>자기계발>협상/설득/화술>설득	11000	구판절판	원앤원북스 고전시리즈 - 원앤원클래식 1		136	ALADIN		
2025. 10. 29 오후 5:02:11	9788989313496	살아 있는 동안 꼭 해야 할 49가지	탄줘잉 (엮은이), 김명은 (옮긴이)	위즈덤하우스	2004-12-20	https://image.aladin.co.kr/product/53/19/cover500/898931349x_1.jpg	국내도서>자기계발>행복론	8800	품절			216	ALADIN		
2025. 10. 29 오후 5:02:20	9788930500258	소크라테스.불타.공자.예수.모함메드	카를 야스퍼스 (지은이)	종로서적	1980-02-01	https://image.aladin.co.kr/img/noimg_b.gif	국내도서>인문학>철학 일반>교양 철학	5000	절판			210	ALADIN		
2025. 10. 29 오후 5:02:30	9788984815001	하느님과의 숨바꼭질	한민택 (지은이)	생활성서사	2017-04-29	https://image.aladin.co.kr/product/10838/49/cover500/8984815004_1.jpg	국내도서>종교/역학>가톨릭>가톨릭 교리/강론	15000		새로 봄 시리즈 		304	ALADIN		
2025. 10. 29 오후 5:02:52	9788990317957	삶과 죽음에 대하여	지두 크리슈나무르티 (지은이), 정순희 (옮긴이)	고요아침	2005-01-17	https://image.aladin.co.kr/product/53/79/cover500/8990317959_1.jpg	국내도서>종교/역학>명상/선	10000	구판절판			280	ALADIN		
2025. 10. 29 오후 5:03:01	9788989039471	사랑은 없다 - 쇼펜하우어, 인생론 에세이	아르투어 쇼펜하우어 (지은이), 이동진 (옮긴이)	해누리	2004-05-15	https://image.aladin.co.kr/product/48/89/cover500/8989039479_3.jpg	국내도서>인문학>인문 에세이	9000	구판절판			246	ALADIN		
2025. 10. 29 오후 5:03:11	9788932014159	향연 : 사랑에 관하여 - 세계의 고전 사상 7-003	플라톤 (지은이), 박희영 (옮긴이)	문학과지성사	2003-05-30	https://image.aladin.co.kr/product/41/72/cover500/8932014159_1.jpg	국내도서>인문학>서양철학>고대철학>플라톤	7000		(구) 문지 스펙트럼 3		216	ALADIN		
2025. 10. 29 오후 5:03:21	9788933111413	아내가 입을 열 때 나는 귀를 연다	손 엘디 (지은이)	바오로딸(성바오로딸)	2013-10-25	https://image.aladin.co.kr/product/3258/5/cover500/8933111417_1.jpg	국내도서>종교/역학>가톨릭>가톨릭 신앙생활	10000				236	ALADIN		
2025. 10. 29 오후 5:03:42	9788901204772	내가 혼자 여행하는 이유 - 7년 동안 50개국을 홀로 여행하며 깨달은 것들	카트린 지타 (지은이), 박성원 (옮긴이)	걷는나무	2015-07-30	https://image.aladin.co.kr/product/6384/28/cover500/8901204770_1.jpg	국내도서>에세이>외국에세이	13000	품절			232	ALADIN		
2025. 10. 29 오후 5:06:05	9788960516175	검사내전 - 생활형 검사의 사람 공부, 세상 공부	김웅 (지은이)	부키	2018-01-19	https://image.aladin.co.kr/product/12900/30/cover500/s472636239_1.jpg	국내도서>사회과학>법과 생활>법률이야기/법조인이야기	18000				384	ALADIN		
2025. 10. 29 오후 5:06:22	9788946415041	문학의 숲을 거닐다 - 장영희 문학 에세이	장영희 (지은이)	샘터사	2005-03-14	https://image.aladin.co.kr/product/54/81/cover500/8946415045_2.jpg	국내도서>에세이>독서에세이	12000	구판절판			328	ALADIN		
2025. 10. 29 오후 5:06:35	9788935610235	남자들에게	시오노 나나미 (지은이), 이현진 (옮긴이)	한길사	2002-11-20	https://image.aladin.co.kr/product/2/95/cover500/8935610232_3.jpg	국내도서>에세이>외국에세이	14000	품절	시오노 나나미의 저작들 3		379	ALADIN		
2025. 10. 29 오후 5:06:49	9788993941562	사물의 언어 - 탐나는 것들의 비밀 우리는 왜 어떻게 매혹되는가?	데얀 수딕 (지은이), 정지인 (옮긴이)	홍시	2012-02-15	https://image.aladin.co.kr/product/1532/42/cover500/8993941564_1.jpg	국내도서>인문학>인문 비평	15000	절판			334	ALADIN		
2025. 10. 29 오후 5:06:49	9788993941562	사물의 언어 - 탐나는 것들의 비밀 우리는 왜 어떻게 매혹되는가?	데얀 수딕 (지은이), 정지인 (옮긴이)	홍시	2012-02-15	https://image.aladin.co.kr/product/1532/42/cover500/8993941564_1.jpg	국내도서>인문학>인문 비평	15000	절판			334	ALADIN		
2025. 10. 29 오후 5:07:03	9788995547229	먹고 기도하고 사랑하라	엘리자베스 길버트 (지은이), 노진선 (옮긴이)	솟을북	2007-11-30	https://image.aladin.co.kr/product/101/47/cover500/8995547227_1.jpg	국내도서>에세이>외국에세이	11900	구판절판			501	ALADIN		
2025. 10. 29 오후 5:07:34	9788974564162	내 생애 단 한번의 약속 - 김수연 산문집	김수연 (지은이)	문이당	2008-08-10	https://image.aladin.co.kr/product/241/44/cover500/8974564165_1.jpg	국내도서>에세이>한국에세이	9800				254	ALADIN		
2025. 10. 29 오후 5:07:47	9788995757703	살아 있는 것은 다 행복하라 - 법정 잠언집	법정(法頂) (지은이), 류시화 (엮은이)	조화로운삶(위즈덤하우스)	2006-02-15	https://image.aladin.co.kr/product/62/31/cover500/8995757701_1.jpg	국내도서>종교/역학>불교>불교 문학	9800	절판			247	ALADIN		
2025. 10. 29 오후 5:08:01	9788995501474	사랑하라 한번도 상처받지 않은 것처럼	류시화 (엮은이)	오래된미래	2005-03-26	https://image.aladin.co.kr/product/54/94/cover500/8995501472_2.jpg	국내도서>소설/시/희곡>시>외국시	10000				158	ALADIN		
2025. 10. 29 오후 5:08:09	9788955473223	할머니는 도둑	데이비드 월리엄스 (글), 토니 로스 (그림), 장선하 (옮긴이)	크레용하우스	2014-02-22	https://image.aladin.co.kr/product/3642/0/cover500/8955473222_1.jpg	국내도서>어린이>동화/명작/고전>외국창작동화	11000	구판절판	데이비드 윌리엄스 시리즈 		336	ALADIN		
2025. 10. 29 오후 7:42:48	9788982641145	도올의 도마복음 이야기 1 - 이집트·이스라엘 초기기독교 성지순례기	도올 김용옥 (지은이)	통나무	2008-03-07	https://image.aladin.co.kr/product/189/39/cover500/8982641149_1.jpg	국내도서>인문학>동양철학>동양철학 일반	25000				360	ALADIN		
2025. 10. 29 오후 7:42:57	9788982641138	큐복음서 - 신약성서 속의 예수의 참 모습, 참 말씀	도올 김용옥 (지은이)	통나무	2008-03-07	https://image.aladin.co.kr/product/189/36/cover500/8982641130_1.jpg	국내도서>종교/역학>기독교(개신교)>기독교(개신교) 목회/신학>신학일반	16000				264	ALADIN		
2025. 10. 29 오후 7:43:11	9788932104515	베드로가 쓴 많은 이야기	저자정보없음	출판사정보없음	2000-01-01		분류 없음	0	NOT_FOR_SALE			정보없음	Google		
2025. 10. 29 오후 7:43:23	9788932311470	예수가 외면한 그 한가지 질문 - 열린 종교를 위한 대화	오강남 (지은이)	현암사	2002-06-06	https://image.aladin.co.kr/product/36/15/cover500/8932311471_1.gif	국내도서>종교/역학>종교일반>종교의 이해	9800	절판			336	ALADIN		
2025. 10. 29 오후 7:43:35	9788932311104	예수는 없다 - 기독교 뒤집어 읽기	오강남 (지은이)	현암사	2001-05-30	https://image.aladin.co.kr/product/28/7/cover500/8932311102_2.jpg	국내도서>종교/역학>기독교(개신교)>기독교의 이해	12000	구판절판			336	ALADIN		
2025. 10. 29 오후 7:43:46	9788988798218	최고 경영자 예수	Laurie Beth Jones	출판사정보없음	1999-01-01		Executive ability	0	NOT_FOR_SALE			332	Google		
2025. 10. 29 오후 7:43:56	9788933107188	영원한 기쁨	성 알폰소 마리아 데 리구오리 (지은이), 이종훈 (옮긴이)	바오로딸(성바오로딸)	2004-06-20	https://image.aladin.co.kr/product/50/6/cover500/8933107185_1.gif	국내도서>종교/역학>가톨릭>가톨릭 일반	7000	품절			174	ALADIN		
2025. 10. 29 오후 7:44:55	9788938810618	목적이 이끄는 삶 (양장)	릭 워렌 (지은이)	디모데	2005-04-25	https://image.aladin.co.kr/img/noimg_b.gif	국내도서>종교/역학>기독교(개신교)>기독교(개신교) 신앙생활>신앙생활일반	12000	절판			430	ALADIN		
2025. 10. 29 오후 7:49:32	9788982732188	모든 것은 기도에서 시작됩니다	마더 데레사 (지은이), 앤서니 스턴 (엮은이), 이해인 (옮긴이)	황금가지	1999-08-30	https://image.aladin.co.kr/product/20/38/cover500/8982732187_2.jpg	국내도서>에세이>외국에세이	12000	구판절판			174	ALADIN		
2025. 10. 29 오후 7:49:48	9788952745378	여자의 사랑이 남자를 바꿀 수 없다 - 당신을 괴롭히는 '나쁜 사랑'의 심리학	파트리시아 들라애 (지은이), 최내경 (옮긴이)	시공사	2006-12-13	https://image.aladin.co.kr/product/86/61/cover500/895274537x_1.jpg	국내도서>자기계발>인간관계>남녀관계	10000	절판			272	ALADIN		
2025. 10. 29 오후 7:49:57	9788985494724	아름다운 삶, 사랑 그리고 마무리	헬렌 니어링 (지은이), 이석태 (옮긴이)	보리	1997-10-15	https://image.aladin.co.kr/product/9/36/cover500/8985494724_2.jpg	국내도서>에세이>외국에세이	9000	구판절판			248	ALADIN		
2025. 10. 29 오후 7:50:07	9788987999487	오프라 윈프리 - 신화가 된 여자	재닛 로우 (지은이), 신리나 (옮긴이)	청년정신	2002-03-25	https://image.aladin.co.kr/product/34/7/cover500/8987999483_1.gif	국내도서>자기계발>여성의 자기계발	9000	절판			270	ALADIN		
2025. 10. 29 오후 7:50:17	9788965700609	멈추면, 비로소 보이는 것들 - 혜민 스님과 함께하는 내 마음 다시보기	혜민 (지은이), 이영철 (그림)	쌤앤파커스	2012-01-27	https://image.aladin.co.kr/product/1465/48/cover500/8965700604_2.jpg	국내도서>에세이>한국에세이	14000	구판절판			292	ALADIN		
2025. 10. 29 오후 7:50:32	9788970900773	강한여자는 수채화처럼 산다	이정순 (지은이)	동아일보사	1994-10-01	https://image.aladin.co.kr/img/noimg_b.gif	국내도서>에세이>한국에세이	5500	절판			414	ALADIN		
2025. 10. 29 오후 7:50:46	9788964561911	저는 분노 조절이 안 되는 호텔리어입니다	제이콥 톰스키 (지은이), 이현주 (옮긴이)	중앙M&B	2013-10-14	https://image.aladin.co.kr/product/3225/25/cover500/8964561910_1.jpg	국내도서>에세이>외국에세이	14500	절판			400	ALADIN		
2025. 10. 29 오후 7:50:57	9788950913618	빌 브라이슨 발칙한 유럽산책 - 발칙한 글쟁이의 의외로 훈훈한 여행기	빌 브라이슨 (지은이), 권상미 (옮긴이)	21세기북스	2008-04-30	https://image.aladin.co.kr/product/210/70/cover500/8950913615_3.jpg	국내도서>에세이>외국에세이	13800	구판절판	빌 브라이슨 시리즈 		390	ALADIN		
2025. 10. 29 오후 7:51:12	9788901156514	파리에선 그대가 꽃이다 - 시들한 내 삶에 선사하는 찬란하고 짜릿한 축제	손미나 (지은이)	웅진지식하우스	2013-07-23	https://image.aladin.co.kr/product/2898/37/cover500/8901156512_2.jpg	국내도서>에세이>명사에세이>방송연예인에세이	15000	품절			424	ALADIN		
2025. 10. 29 오후 7:51:45	9788965962205	라틴어 수업 (리커버) - 지적이고 아름다운 삶을 위한	한동일 (지은이)	흐름출판	2020-10-16	https://image.aladin.co.kr/product/25351/1/cover500/k732633600_1.jpg	국내도서>인문학>교양 인문학	15000	품절			312	ALADIN		
2025. 10. 29 오후 8:02:59	9788991799400	번역의 탄생 - 한국어가 바로 서는 살아 있는 번역 강의	이희재 (지은이)	교양인	2009-02-09	https://image.aladin.co.kr/product/323/15/cover500/899179940x_2.jpg	국내도서>인문학>책읽기/글쓰기>글쓰기	23800				412	ALADIN		
2025. 10. 29 오후 8:03:09	9788993905373	한비자 (양장) - 제왕학의 영원한 성전	한비 (지은이), 김원중 (옮긴이)	글항아리	2010-10-11	https://image.aladin.co.kr/product/787/82/cover500/8993905371_1.jpg	국내도서>인문학>동양철학>중국철학	25000	구판절판	글항아리 동양고전 시리즈 2		600	ALADIN		
2025. 10. 29 오후 8:03:21	9788971393185	노자의 목소리로 듣는 도덕경	최진석 (지은이)	소나무	2001-12-20	https://image.aladin.co.kr/product/32/27/cover500/8971393181_2.jpg	국내도서>인문학>동양철학>도가철학/노장철학>노자철학	15000	절판			556	ALADIN		
2025. 10. 29 오후 8:04:40	9780394805726	There's a Boy in the Girls' Bathroom (Paperback)	루이스 새커 (지은이)	Yearling Books	1988-08-12	https://image.aladin.co.kr/product/106/31/cover500/039480572f_1.jpg	외국도서>어린이>픽션>사회문제 >일반 	11600				224	ALADIN		
2025. 10. 29 오후 8:04:53	9780688161330	The Chocolate Touch (Paperback) - 『미다스의 초콜릿』원서	패트릭 스킨 카틀링 (지은이), 마곳 애플 (그림)	Harpercollins Childrens Books	2006-05-23	https://image.aladin.co.kr/product/153/65/cover500/9780688161330_1.jpg	외국도서>어린이>픽션>문학 >전설/신화 	12900				128	ALADIN		
2025. 10. 29 오후 8:05:06	9788956053295	Matilda (원서 읽는 단어장 : Paperback)	마이클 앨렌 마이즈너 (지은이)	롱테일북스	2009-03-02	https://image.aladin.co.kr/product/338/88/cover500/8956053294_1.jpg	국내도서>외국어>영어독해	5000		원서 읽는 단어장 2		136	ALADIN		
2025. 10. 29 오후 8:05:21	9791199015876	강철 멘탈 필사노트 - 필사하며 명언과 영단어를 익히는 신개념 교양 학습서	정승익 (지은이), 최혜영, Isaac Smith (감수)	NEVER GIVE UP(네버기브업)	2025-02-12	https://image.aladin.co.kr/product/35712/23/cover500/k042036220_1.jpg	국내도서>외국어>영작문	11000				256	ALADIN		
2025. 10. 29 오후 9:26:16	9780374464523	7 X 9 = Trouble! (Paperback)	클로디아 밀스 (지은이), G. 브라이언 카라스 (그림)	Farrar Straus & Giroux	2004-09-10	https://image.aladin.co.kr/product/145/43/cover500/0374464529_1.jpg	외국도서>어린이>픽션>건강/일상 >학교/교육 	11100				103	ALADIN		
2025. 10. 29 오후 9:26:27	9788946415454	이 집은 누구인가 - 건축가 김진애의 사람 사는 집에 대한 열두 가지 생각	김진애 (지은이)	샘터사	2006-04-20	https://image.aladin.co.kr/product/64/53/cover500/8946415452_1.jpg	국내도서>예술/대중문화>건축>건축이야기/건축가	12000	품절			338	ALADIN		
2025. 10. 29 오후 9:29:08	9788931551341	키노트 기본 + 활용 실무테크닉 - 최고의 프레젠테이션을 위한	전용문 (지은이)	성안당	2011-09-08	https://image.aladin.co.kr/product/1296/90/cover500/8931551347_1.jpg	국내도서>컴퓨터/모바일>오피스(엑셀/파워포인트)>파워포인트	16800	품절			320	ALADIN		
2025. 10. 29 오후 9:29:21	9788991767621	엑셀 파워포인트 좀하는 직장인에게 권하는 엑셀차트기술 2003 + 2007	최준선 (지은이)	멘토르	2008-01-25	https://image.aladin.co.kr/product/169/94/cover500/8991767621_1.jpg	국내도서>컴퓨터/모바일>오피스(엑셀/파워포인트)>엑셀	25000	절판			504	ALADIN		
2025. 10. 29 오후 9:29:33	9788991767911	엑셀 좀 하는 직장인에게 권하는 엑셀 데이터 분석 & 예측 기술	최준선 (지은이)	멘토르	2008-07-01	https://image.aladin.co.kr/product/229/57/cover500/8991767915_1.jpg	국내도서>컴퓨터/모바일>오피스(엑셀/파워포인트)>엑셀	25000	절판			624	ALADIN		
2025. 10. 29 오후 9:29:45	9791169212304	일잘러의 비밀, 구글 스프레드시트 제대로 파헤치기 - 구글 스프레드시트로 엑셀 밟고 칼퇴하자!!, 개정판	강남석 (지은이)	한빛미디어	2024-06-03	https://image.aladin.co.kr/product/33990/6/cover500/k732930546_1.jpg	국내도서>컴퓨터/모바일>오피스(엑셀/파워포인트)>엑셀	28000		일잘러의 비밀 		512	ALADIN		
2025. 10. 29 오후 9:29:59	9781118642184	101 Excel 2013 Tips, Tricks and Timesavers (Paperback)	John Walkenbach (지은이)	John Wiley & Sons Inc	2013-07-01	https://image.aladin.co.kr/product/2281/1/cover500/111864218x_1.jpg	외국도서>컴퓨터>데스크탑 애플리케이션>스프레드시트	67980				320	ALADIN		
2025. 10. 29 오후 9:30:22	9781118490365	Excel 2013 Bible (Paperback)	John Walkenbach (지은이)	John Wiley & Sons Inc	2013-03-04	https://image.aladin.co.kr/product/2001/60/cover500/1118490363_1.jpg	외국도서>컴퓨터>데스크탑 애플리케이션>스프레드시트	91850				1056	ALADIN		
2025. 10. 29 오후 9:30:35	9780201076165	Exploratory Data Analysis (Paperback)	John W. Tukey (지은이)	Pearson College Div	1977-01-01	https://image.aladin.co.kr/product/894/92/cover500/0201076160_1.jpg	외국도서>과학/수학/생태>수학>확률과 통계>일반	232710	품절			688	ALADIN		
2025. 10. 29 오후 9:30:50	9781594204111	The Signal and the Noise: Why So Many Predictions Fail-But Some Don't (Hardcover) - Why Most Predictions Fail-but Some Don't	네이트 실버 (지은이)	Penguin Group USA	2012-09-27	https://image.aladin.co.kr/product/1600/32/cover500/159420411x_2.jpg	외국도서>과학/수학/생태>수학>확률과 통계>일반	51350				544	ALADIN		
2025. 10. 29 오후 9:31:08	9788966187584	신호와 소음 - 미래는 어떻게 당신 손에 잡히는가	네이트 실버 (지은이), 이경식 (옮긴이)	더퀘스트	2014-07-11	https://image.aladin.co.kr/product/4273/98/cover500/8966187587_3.jpg	국내도서>경제경영>트렌드/미래전망>트렌드/미래전망 일반	28000	구판절판			764	ALADIN		
2025. 10. 29 오후 9:31:21	9788972914570	춤추는 술고래의 수학 이야기	레너드 믈로디노프 (지은이), 이덕환 (옮긴이)	까치	2009-03-25	https://image.aladin.co.kr/product/350/52/cover500/8972914576_2.jpg	국내도서>과학>수학>수학 일반	16000				312	ALADIN		
2025. 10. 29 오후 9:31:35	9788938640000	선형대수학 - 삼정판	이일해 (지은이)	사이텍미디어(희중당)	1996-08-01	https://image.aladin.co.kr/img/noimg_b.gif		12000	품절			356	ALADIN		
2025. 10. 29 오후 9:31:46	9780155510074	Linear Algebra and Its Applications	Gilbert Strang	출판사정보없음	1988-01-01		Algebras, Linear	0	NOT_FOR_SALE			505	Google		
2025. 10. 29 오후 9:31:58	9791195526123	세계적인 투자은행의 엑셀 업무 활용법	쿠마노 히토시 (지은이), 김용화 (옮긴이)	아이스토리(ISTORY)	2016-02-22	https://image.aladin.co.kr/product/7818/66/cover500/k132434428_1.jpg	국내도서>자기계발>시간관리/정보관리>정보관리	15000	절판			208	ALADIN		
2025. 10. 29 오후 9:32:32	9788901057415	누구나 쓸 수 있는 엑셀함수 필살기	이동숙 (지은이)	NEWRUN(뉴런)	2006-05-27	https://image.aladin.co.kr/product/65/83/cover500/8901057417_1.jpg	국내도서>컴퓨터/모바일>오피스(엑셀/파워포인트)>엑셀	13900	품절	필살기 컴퓨터 시리즈 5		335	ALADIN		
2025. 10. 29 오후 9:32:54	9788901056296	엑셀 필살기	이동숙 (지은이)	NEWRUN(뉴런)	2006-04-05	https://image.aladin.co.kr/product/63/61/cover500/8901056291_1.jpg	국내도서>컴퓨터/모바일>오피스(엑셀/파워포인트)>엑셀	12900	구판절판	필살기 컴퓨터 시리즈 1		320	ALADIN		
2025. 10. 29 오후 9:33:06	9788955982060	웃으며 찾는 엑셀 매크로 & VBA 활용 사전 212	선양미, 웰기획 (지은이)	사이버출판사	2007-06-30	https://image.aladin.co.kr/product/93/65/cover500/8955982062_1.jpg	국내도서>컴퓨터/모바일>오피스(엑셀/파워포인트)>엑셀	15000	품절			448	ALADIN		
2025. 10. 29 오후 9:33:18	9791156562955	수학의 마술 The magic of math 1 - 생각하는 힘을 길러주는 수학의 바이블	아서 벤저민 (지은이), 이경희, 윤미선, 김은현, 성지현 (옮긴이)	한솔아카데미	2016-03-21	https://image.aladin.co.kr/product/7974/76/cover500/k082434337_1.jpg	국내도서>과학>수학>수학 일반	12000	구판절판	수학의 마술 The magic of math 1		206	ALADIN		
2025. 10. 29 오후 9:33:28	9791156562962	수학의 마술 The magic of math 2 - 생각하는 힘을 길러주는 수학의 바이블	아서 벤저민 (지은이), 이경희, 윤미선, 김은현, 성지현 (옮긴이)	한솔아카데미	2016-03-21	https://image.aladin.co.kr/product/7974/98/cover500/k272434337_1.jpg	국내도서>과학>수학>수학 일반	12000	구판절판	수학의 마술 The magic of math 2		206	ALADIN		
2025. 10. 29 오후 9:33:39	9788961057097	8일간의 선형대수학	박부성 (지은이)	경문사(경문북스)	2014-03-05	https://image.aladin.co.kr/product/3844/5/cover500/896105709x_1.jpg	국내도서>대학교재/전문서적>자연과학계열>수학	11000				140	ALADIN		
2025. 10. 29 오후 9:33:50	9788961058711	선형대수학 (서지 랭)	서지 랭 (지은이), 정자아 (옮긴이)	경문사(경문북스)	2015-03-16	https://image.aladin.co.kr/product/5478/38/cover500/8961058711_1.jpg	국내도서>대학교재/전문서적>자연과학계열>수학	23000	구판절판			378	ALADIN		
2025. 10. 29 오후 9:34:00	9788935640379	수학독본 1	마츠자카 가즈오 (지은이), 김태성 (옮긴이)	한길사	1994-01-01	https://image.aladin.co.kr/product/29/96/cover500/8935640379_1.jpg	국내도서>과학>수학>수학 일반	15000				236	ALADIN		
2025. 10. 29 오후 9:34:11	9788935640386	수학독본 2	마츠자카 가즈오 (지은이), 김태성 (옮긴이)	한길사	1994-01-01	https://image.aladin.co.kr/product/29/96/cover500/8935640387_1.jpg	국내도서>과학>수학>수학 일반	12000				236	ALADIN		
2025. 10. 29 오후 9:34:22	9788935640393	수학독본 3	마츠자카 가즈오 (지은이), 김태성 (옮긴이)	한길사	1995-04-05	https://image.aladin.co.kr/product/29/96/cover500/8935640395_1.jpg	국내도서>과학>수학>수학 일반	16000				718	ALADIN		
2025. 10. 29 오후 9:34:33	9788935640409	수학독본 4	마츠자카 가즈오 (지은이), 김태성 (옮긴이)	한길사	1995-04-05	https://image.aladin.co.kr/product/29/96/cover500/8935640409_1.jpg	국내도서>과학>수학>수학 일반	12000				1016	ALADIN		
2025. 10. 29 오후 9:34:44	9788935640416	수학독본 5	마츠자카 가즈오 (지은이), 김태성 (옮긴이)	한길사	1994-01-01	https://image.aladin.co.kr/product/29/96/cover500/8935640417_1.jpg	국내도서>과학>수학>수학 일반	12000				236	ALADIN		
2025. 10. 29 오후 9:34:55	9788935640423	수학독본 6	마츠자카 가즈오 (지은이), 김태성 (옮긴이)	한길사	1994-01-20	https://image.aladin.co.kr/product/24/57/cover500/8935640425_1.jpg	국내도서>과학>수학>수학 일반	15000				1570	ALADIN		
2025. 10. 29 오후 9:35:15	9780471360094	Value Nets: Breaking the Supply Chain to Unlock Hidden Profits (Hardcover)	David Bovet, Joseph Martha (지은이)	Wiley	2000-05-24	https://image.aladin.co.kr/product/4261/59/cover500/0471360090_1.jpg	외국도서>경제경영>관리	96460				270	ALADIN		
2025. 10. 29 오후 9:35:25	9788977660755	라이딩 샷건 CEO-COO	네이선 베넷, 스티븐 A. 마일즈 (지은이), 최경남 (옮긴이)	다른세상	2007-09-03	https://image.aladin.co.kr/product/97/79/cover500/8977660750_1.jpg	국내도서>경제경영>기업 경영>경영전략/혁신	17000	절판			342	ALADIN		
2025. 10. 29 오후 9:35:34	9788986698275	필립 코틀러의 미래형 마케팅 - 세종마케팅총서 3	필립 코틀러 (지은이), 김정구 (옮긴이)	세종연구원	1999-12-30	https://image.aladin.co.kr/product/21/69/cover500/8986698277_1.jpg	국내도서>경제경영>마케팅/세일즈>마케팅/브랜드	15000	절판			386	ALADIN		
2025. 10. 29 오후 9:35:44	9788984070226	거리의 소멸, 디지털 혁명	프랜시스 케언크로스 (지은이), 홍석기 (옮긴이)	세종(세종서적)	1999-10-05	https://image.aladin.co.kr/product/20/89/cover500/898407022x_1.gif	국내도서>컴퓨터/모바일>e비즈니스/창업>디지털 문화	13000	품절	Harvard Business 경제경영 총서 8		408	ALADIN		
2025. 10. 29 오후 9:35:56	9788984070080	가상사회와 전자상거래	존 하겔 3세, 아더 암스트롱 (지은이), 한영주 (옮긴이)	세종(세종서적)	1999-02-15	https://image.aladin.co.kr/product/0/31/cover500/8984070084_1.gif	국내도서>경제경영>마케팅/세일즈>마케팅/브랜드	12000	품절	Harvard Business 경제경영 총서 7		304	ALADIN		
2025. 10. 29 오후 9:36:05	9788984072985	경영의 미래	게리 해멀, 빌 브린 (지은이), 권영설, 김종식, 신희철 (옮긴이)	세종(세종서적)	2009-02-25	https://image.aladin.co.kr/product/335/59/cover500/8984072982_1.jpg	국내도서>경제경영>기업 경영>경영 일반	16000	구판절판	Harvard Business 경제경영 총서 37		303	ALADIN		
2025. 10. 29 오후 9:36:15	9788935204304	프로페셔널의 조건	피터 드러커 (지은이), 이재규 (옮긴이)	청림출판	2001-01-31	https://image.aladin.co.kr/product/26/41/cover500/8935204307_2.jpg	국내도서>경제경영>CEO/비즈니스맨을 위한 능력계발>성공학/경력관리	12000	구판절판	피터 드러커의 21세기 비전 		386	ALADIN		
2025. 10. 29 오후 9:36:27	9788935204434	변화 리더의 조건	피터 드러커 (지은이), 이재규 (옮긴이)	청림출판	2001-04-10	https://image.aladin.co.kr/product/27/24/cover500/8935204439_1.gif	국내도서>경제경영>기업 경영>경영전략/혁신	13000	구판절판	피터 드러커의 21세기 비전 		410	ALADIN		
2025. 10. 29 오후 9:36:40	9788990872494	히든 챔피언 (특별보급판) - 세계시장을 제패한 숨은 1등 기업의 비밀	헤르만 지몬 (지은이), 이미옥 (옮긴이), 유필화 (감수)	흐름출판	2008-10-06	https://image.aladin.co.kr/product/263/97/cover500/8990872499_1.jpg	국내도서>경제경영>기업/경영자 스토리>국외 기업/경영자	20000	절판			558	ALADIN		
2025. 10. 29 오후 9:37:08	9788960773448	In The Plex 0과 1로 세상을 바꾸는 구글, 그 모든 이야기	스티븐 레비 (지은이), 위민복 (옮긴이), 박기성 (감수)	에이콘출판	2012-09-21	https://image.aladin.co.kr/product/1959/18/cover500/8960773441_2.jpg	국내도서>경제경영>기업/경영자 스토리>국외 기업/경영자	24000	절판	AcornLoft 		596	ALADIN		
2025. 10. 29 오후 9:37:20	9788925550510	착각하는 CEO - 직관의 오류를 깨뜨리는 심리의 모든 것	유정식 (지은이)	알에이치코리아(RHK)	2013-06-17	https://image.aladin.co.kr/product/2777/66/cover500/8925550512_1.jpg	국내도서>경제경영>기업 경영>경영전략/혁신	20000	절판			592	ALADIN		
2025. 10. 29 오후 9:37:30	9788934910640	성공하는 기업들의 8가지 습관	제리 포라스, 짐 콜린스 (지은이), 워튼포럼 (옮긴이)	김영사	2002-10-10	https://image.aladin.co.kr/product/38/16/cover500/893491064x_2.jpg	국내도서>경제경영>기업 경영>경영전략/혁신	16800				472	ALADIN		
2025. 10. 29 오후 9:37:53	9788986320527	아메바 경영	미야 히로시, 타니 타케유키, 카고노 타다오 (지은이), 신근수 (옮긴이)	한송	2006-08-25	https://image.aladin.co.kr/product/68/93/cover500/8986320525_1.jpg	국내도서>경제경영>기업 경영>경영 일반	15000	품절			276	ALADIN		
2025. 10. 29 오후 9:38:10	9788956590967	이나모리 가즈오의 아메바 경영	이나모리 가즈오 (지은이), 우성주 (옮긴이)	예문	2007-04-30	https://image.aladin.co.kr/product/91/6/cover500/8956590966_2.jpg	국내도서>경제경영>기업/경영자 스토리>국외 기업/경영자	12000	품절			256	ALADIN		
2025. 10. 29 오후 9:38:20	9788957635353	토요타 사람들은 어떻게 일을 할까?	이시이 스미에 (지은이), 신현호 (옮긴이)	디앤씨미디어(주)(D&C미디어)	2005-10-25	https://image.aladin.co.kr/product/59/26/cover500/8957635351_1.jpg	국내도서>경제경영>기업 경영>조직/인력/성과관리	8800	품절			216	ALADIN		
2025. 10. 29 오후 9:38:32	9788952746160	주식시장을 이기는 작은책	조엘 그린블라트 (지은이), 안진환 (옮긴이)	시공사	2006-05-12	https://image.aladin.co.kr/product/64/82/cover500/8952746163_1.jpg	국내도서>경제경영>재테크/투자>주식/펀드	10000	구판절판			240	ALADIN		
2025. 10. 29 오후 9:38:44	9780060555665	Intelligent Investor: The Definitive Book on Value Investing (Paperback, Revised) - 벤저민 그레이엄 '현명한 투자자' 원서	벤저민 그레이엄, 제이슨 츠바이크 (지은이)	Harper Collins	2003-07-08	https://image.aladin.co.kr/product/92/80/cover500/006055566f_1.jpg	외국도서>경제경영>개인재무관리>투자	33800				640	ALADIN		
2025. 10. 29 오후 9:38:56	9788990966391	난 은행적금보다 주식저축이 더 좋다	김대중 (지은이)	원앤원북스	2005-01-25	https://image.aladin.co.kr/product/53/90/cover500/8990966396_1.jpg	국내도서>경제경영>재테크/투자>주식/펀드	11000	절판			224	ALADIN		
2025. 10. 29 오후 9:39:18	9788959242733	부자들의 개인 도서관 - 돈버는 모든 원리가 숨어 있는곳	이상건 (지은이)	랜덤하우스코리아	2005-04-22	https://image.aladin.co.kr/product/55/68/cover500/895924273x_2.jpg	국내도서>경제경영>재테크/투자>재테크/투자 일반	12000	구판절판			312	ALADIN		
2025. 10. 29 오후 9:39:30	9788991378032	보수적인 투자자는 마음이 편하다	필립 피셔 (지은이), 박정태 (옮긴이)	굿모닝북스	2005-07-10	https://image.aladin.co.kr/product/56/99/cover500/899137803x_2.jpg	국내도서>경제경영>재테크/투자>주식/펀드	9800	구판절판	굿모닝북스 투자의 고전 2		206	ALADIN		
2025. 10. 29 오후 9:39:41	9788989353980	돈, 뜨겁게 사랑하고 차갑게 다루어라	앙드레 코스톨라니 (지은이), 김재경 (옮긴이)	미래의창	2005-10-15	https://image.aladin.co.kr/product/58/64/cover500/898935398x_1.jpg	국내도서>경제경영>재테크/투자>주식/펀드	12000	구판절판	코스톨라니 투자총서 1		276	ALADIN		
2025. 10. 29 오후 9:39:52	9788952208941	워렌 버핏처럼 재무제표 읽는 법 - 꼭 사야 할 기업과 절대 사지 말아야 할 기업	이민주 (지은이)	살림Biz	2008-05-28	https://image.aladin.co.kr/product/219/68/cover500/8952208943_1.jpg	국내도서>경제경영>재테크/투자>주식/펀드	14000				352	ALADIN		
2025. 10. 29 오후 9:40:01	9780471445500	Common Stocks and Uncommon Profits and Other Writings (Paperback)	필립 피셔 (지은이)	John Wiley & Sons Inc	2003-08-29	https://image.aladin.co.kr/product/138/28/cover500/0471445509_2.jpg	외국도서>경제경영>투자/증권>일반	51450				292	ALADIN		
2025. 10. 29 오후 9:40:11	9788990831156	워렌 버핏의 실전 주식투자	데이비드 클라크, 메리 버핏 (지은이), 최준철 (옮긴이)	이콘	2005-04-25	https://image.aladin.co.kr/product/55/75/cover500/8990831156_2.jpg	국내도서>경제경영>재테크/투자>주식/펀드	12800	구판절판	가치투자총서 5		344	ALADIN		
2025. 10. 29 오후 9:40:26	9788990831057	한국형 가치투자 전략	최준철, 김민국 (지은이)	이콘	2004-02-13	https://image.aladin.co.kr/product/46/60/cover500/8990831059_1.jpg	국내도서>경제경영>재테크/투자>주식/펀드	14800		가치투자총서 1		383	ALADIN		
2025. 10. 29 오후 9:40:37	9788935205943	버블 붐 - 세계 경제 대예측 2005~2009	해리 S. 덴트 (지은이), 최태희 (옮긴이)	청림출판	2005-02-05	https://image.aladin.co.kr/product/54/8/cover500/893520594x_1.jpg	국내도서>경제경영>경제학/경제일반>경제사/경제전망>세계 경제사/경제전망	15000	절판			432	ALADIN		
2025. 10. 29 오후 9:40:47	9788995709856	주식시장의 영원한 고수익 테마들	조엘 그린블라트 (지은이), 서지원 (옮긴이), 하상주 (감수)	돈키호테	2006-12-26	https://image.aladin.co.kr/product/86/75/cover500/8995709855_1.jpg	국내도서>경제경영>재테크/투자>주식/펀드	17000	구판절판			304	ALADIN		
2025. 10. 29 오후 10:04:32	9791197518553														
2025. 10. 29 오후 10:05:09	9788949120775	줄무늬 파자마를 입은 소년	존 보인 (지은이), 정회성 (옮긴이)	비룡소	2007-07-20	https://image.aladin.co.kr/product/94/61/cover500/8949120771_1.jpg	국내도서>청소년>청소년 문학>청소년 소설	16000		블루픽션 (비룡소 청소년 문학선) 23		342	ALADIN		
2025. 10. 29 오후 10:21:03	9788995242445	낙천주의자 캉디드	볼떼르 (지은이), 최복현 (옮긴이)	아테네	2003-09-10	https://image.aladin.co.kr/product/43/22/cover500/8995242442_1.gif	국내도서>소설/시/희곡>프랑스소설	9000	품절			304	ALADIN		
2025. 10. 29 오후 10:21:14	9788956606613	원숭이와 게의 전쟁	요시다 슈이치 (지은이), 이영미 (옮긴이)	은행나무	2012-12-19	https://image.aladin.co.kr/product/2156/38/cover500/8956606617_1.jpg	국내도서>소설/시/희곡>일본소설>1950년대 이후 일본소설	7500	절판			556	ALADIN		
2025. 10. 29 오후 10:21:25	9788987180724	은하철도의 밤 - 미야자와 겐지 걸작선	미야자와 겐지 (지은이), 이선희 (옮긴이)	바다출판사	2000-12-10	https://image.aladin.co.kr/product/25/91/cover500/8987180727_1.gif	국내도서>소설/시/희곡>세계의 문학>일본문학	8000	절판			264	ALADIN		
2025. 10. 29 오후 10:22:53	9788937422188	방드르디, 태평양의 끝	미셸 투르니에 (지은이), 김화영 (옮긴이)	민음사	1995-08-01	https://image.aladin.co.kr/product/5/80/cover500/8937422182_1.gif	국내도서>소설/시/희곡>프랑스소설	7000	구판절판	민음사 세계문학전집 315		372	ALADIN		
2025. 10. 29 오후 10:23:03	9788930704366	고리오 영감	오노레 드 발자크 (지은이), 신동진 (옮긴이)	청목(청목사)	1990-03-01	https://image.aladin.co.kr/product/1/3/cover500/8930704360_1.gif	국내도서>소설/시/희곡>프랑스소설	6000	절판	청목정선세계문학 37		330	ALADIN		
2025. 10. 29 오후 10:23:13	9788970130156	페스트	알베르 카뮈 (지은이)	책세상	1992-10-01	https://image.aladin.co.kr/img/noimg_b.gif	국내도서>소설/시/희곡>프랑스소설	10000	구판절판			350	ALADIN		
2025. 10. 29 오후 10:23:32	9788970130026														
2025. 10. 29 오후 11:28:49	9788947525602	경영의 실제	피터 드러커 (지은이), 이재규 (옮긴이)	한국경제신문	2006-02-20	https://image.aladin.co.kr/product/62/26/cover500/894752560x_1.jpg	국내도서>경제경영>기업 경영>경영 일반	23000				574	ALADIN		
2025. 10. 29 오후 11:28:59	9788960860155	미래의 물결 - 자크 아탈리	자크 아탈리 (지은이), 양영란 (옮긴이)	위즈덤하우스	2007-04-14	https://image.aladin.co.kr/product/90/73/cover500/8960860158_1.jpg	국내도서>경제경영>트렌드/미래전망>트렌드/미래전망 일반	17000	품절			388	ALADIN		
2025. 10. 29 오후 11:29:09	9788988925546	금융투기의 역사 - 튤립투기에서 인터넷 버블까지	에드워드 챈슬러 (지은이), 강남규 (옮긴이)	국일증권경제연구소	2001-06-20	https://image.aladin.co.kr/product/28/25/cover500/8988925548_2.jpg	국내도서>경제경영>재테크/투자>재테크/투자 일반	18000	구판절판			519	ALADIN		
2025. 10. 29 오후 11:29:22	9788984053090	초우량 기업의 조건 - 기업 경영을 지배하는 불변의 원칙 8가지	톰 피터스, 로버트 워터맨 (지은이), 이동현 (옮긴이)	더난출판사	2005-07-11	https://image.aladin.co.kr/product/56/97/cover200/8984053090_1.jpg	국내도서>경제경영>기업 경영>경영전략/혁신	25000							
2025. 10. 29 오후 11:35:39	9788925512433	부의 기원 - 최첨단 경제학과 과학이론이 밝혀낸 부의 원천과 진화	에릭 바인하커 (지은이), 안현실, 정성철 (옮긴이)	랜덤하우스코리아	2007-08-27	https://image.aladin.co.kr/product/97/56/cover200/8925512432_1.jpg	국내도서>경제경영>경제학/경제일반>경제이야기	28000							
2025. 10. 30 오전 12:57:06	9788988092378	조직설계 방법론 - 확대개정판, 전략.구조.프로세스 통합을 위한	제이 R. 갈브레이스 (지은이), 정재상, 김현주 (옮긴이), 김영배 (감수)	시그마인사이트컴	2005-06-15	https://image.aladin.co.kr/product/56/47/cover200/8988092376_1.jpg	국내도서>대학교재/전문서적>경상계열>경영학	20000							
2025. 10. 30 오전 12:57:18	9788927804581	인센티브와 무임승차 - 성공전략은 왜 성공하지 못했을까	마야 보발레 (지은이), 권지현 (옮긴이)	중앙books(중앙북스)	2013-07-31	https://image.aladin.co.kr/product/2942/86/cover200/8927804589_1.jpg	국내도서>경제경영>기업 경영>경영전략/혁신	13000							
2025. 10. 30 오전 12:57:31	9788989797036	바오로의 회심은 돈오돈수인가, 돈오점수인가 - 수리신학으로 본	윤직홍 (지은이)	예지(Wisdom)	2007-04-15	https://image.aladin.co.kr/product/90/97/cover200/8989797462_1.jpg	국내도서>종교/역학>가톨릭>가톨릭 신학	12700							
2025. 10. 30 오전 12:57:41	9788992060141	피드백 이야기 - 사람을 움직이는 힘	리처드 윌리엄스 (지은이), 고원 (옮긴이)	토네이도	2007-02-28	https://image.aladin.co.kr/product/88/50/cover200/8992060149_1.jpg	국내도서>자기계발>인간관계>인간관계	12000							
2025. 10. 30 오전 12:57:52	9788992060714	매력 있는 팀장은 피드백이 다르다	켄 로이드 (지은이), 이아린 (옮긴이)	토네이도	2008-11-17	https://image.aladin.co.kr/product/282/39/cover200/8992060718_1.jpg	국내도서>자기계발>리더십>리더십	12000							
2025. 10. 30 오전 12:58:05	9788962603101	팀장의 동기부여 - 부하직원의 열정과 성과를 끌어올리는 방법, 동기부여	패트릭 포사이스 (지은이), 한수영 (옮긴이)	비즈니스맵	2011-07-22	https://image.aladin.co.kr/product/1256/1/cover200/8962603101_1.jpg	국내도서>자기계발>리더십>리더십	11000							
2025. 10. 30 오전 12:58:19	9788996348214	성과를 내는 기술 - 하는 일마다 결과를 만들어내는 성공 리더의 구체적이고 실천적인 방법	김기남 (지은이)	지식공간	2010-04-01	https://image.aladin.co.kr/product/672/55/cover200/899634821x_1.jpg	국내도서>자기계발>리더십>리더십	12800							
2025. 10. 30 오전 12:58:34	9788959890866	리더십 파이프라인 - 강한 조직을 만드는 GE식 인재양성 프로그램	램 차란, 스테픈 드로터, 제임스 노엘 (지은이), 한근태 (옮긴이)	미래의창	2008-04-15	https://image.aladin.co.kr/product/206/86/cover200/8959890863_1.jpg	국내도서>경제경영>CEO/비즈니스맨을 위한 능력계발>간부학/리더십	13000							
2025. 10. 30 오전 12:58:46	9788992307451	팀워크 심리학	대니얼 레비 (지은이), 정명진 (옮긴이)	부글북스	2010-04-25	https://image.aladin.co.kr/product/686/40/cover200/8992307454_1.jpg	국내도서>인문학>심리학/정신분석학>이론 심리학	15000							
2025. 10. 30 오전 12:58:57	9788995921708	강한 조직을 설계한다	데이비드 내들러, 마이클 투시먼 (지은이), 이은종 (옮긴이)	주영사	2007-03-28	https://image.aladin.co.kr/product/90/31/cover200/8995921706_1.jpg	국내도서>경제경영>기업 경영>조직/인력/성과관리	15000							
2025. 10. 30 오전 12:59:15	9788950922672	파킨슨의 법칙 - 왜? 직원 수가 늘어도 성과는 늘지 않을까	노스코트 파킨슨 (지은이), 김광웅 (옮긴이)	21세기북스	2010-04-14	https://image.aladin.co.kr/product/683/20/cover200/8950922673_3.jpg	국내도서>경제경영>기업 경영>조직/인력/성과관리	15000							
2025. 10. 30 오전 12:59:25	9788934908449	숨겨진 힘 - 사람	제프리 페퍼, 찰스 오레일리 (지은이), 김병두 (옮긴이)	김영사	2002-01-25	https://image.aladin.co.kr/product/32/95/cover200/8934908440_1.jpg	국내도서>경제경영>기업 경영>조직/인력/성과관리	14900							
2025. 10. 30 오전 12:59:44	9788934969006	구글은 어떻게 일하는가 - 에릭 슈미트가 직접 공개하는 구글 방식의 모든 것	에릭 슈미트, 조너선 로젠버그, 앨런 이글 (지은이), 박병화 (옮긴이)	김영사	2014-10-17	https://image.aladin.co.kr/product/4669/54/cover200/8934969008_1.jpg	국내도서>경제경영>기업/경영자 스토리>국외 기업/경영자	17800							
2025. 10. 30 오전 12:59:59	9788934003366	스태핑 - 최적의 인력배치를 위한 전략적 인력계획	토머스 P. 베체트 (지은이), 유정식 (옮긴이)	거름	2006-08-10	https://image.aladin.co.kr/product/67/70/cover200/8934003367_1.jpg	국내도서>경제경영>기업 경영>조직/인력/성과관리	15000							
2025. 10. 30 오전 1:06:03	9788947526883	리스크 - 위험, 기회, 미래가 공존하는	피터 L. 번스타인 (지은이), 안진환 (옮긴이)	한국경제신문	2008-12-15	https://image.aladin.co.kr/product/287/91/cover200/8947526886_1.jpg	국내도서>경제경영>경제학/경제일반>화폐/금융/재정	18900							
2025. 10. 30 오전 1:06:14	9788900006728	엔트로피	제레미 리프킨 (지은이)	두산동아	1991-11-01	https://image.aladin.co.kr/product/10/7/cover200/890000672x_1.jpg	국내도서>사회과학>미래학	7000							
2025. 10. 30 오전 1:06:26	9788935203673	빌 게이츠@생각의 속도 - 디지털 신경망 비즈니스	빌 게이츠 (지은이), 안진환, 이규행 (옮긴이)	청림출판	1999-05-10	https://image.aladin.co.kr/product/19/13/cover200/893520367x_1.gif	국내도서>경제경영>기업/경영자 스토리>국외 기업/경영자	13000							
2025. 10. 30 오전 1:06:36	9788988205037	정보법칙을 알면 .COM이 보인다	칼 샤피로 (지은이)	미디어퓨전	1999-05-15	https://image.aladin.co.kr/product/19/11/cover200/8988205030_1.gif	국내도서>경제경영>기업 경영>생산/품질/물류관리	10000							
2025. 10. 30 오전 1:07:46	9788933870181	어떻게 원하는 것을 얻는가 - 13년 연속 와튼스쿨 최고 인기 강의	스튜어트 다이아몬드 (지은이), 김태훈 (옮긴이)	8	2011-11-30	https://image.aladin.co.kr/product/1402/65/cover200/8933870180_1.jpg	국내도서>자기계발>협상/설득/화술>협상	15000							
2025. 10. 30 오전 1:08:01	9780374533267	Adapt: Why Success Always Starts with Failure (Paperback)	팀 하포드 (지은이)	Farrar Straus & Giroux	2011-05-01	https://image.aladin.co.kr/product/1157/78/cover200/0374533261_1.jpg	외국도서>경제경영>일반	19100							
2025. 10. 30 오전 1:08:16	9788959890354	기업의 인간적 측면 - 주석판	더글러스 맥그리거 (지은이), 한근태 (옮긴이), 조엘 컷처 거센펠드	미래의창	2006-05-20	https://image.aladin.co.kr/product/65/62/cover200/8959890359_1.jpg	국내도서>경제경영>기업 경영>조직/인력/성과관리	17000							
2025. 10. 30 오전 1:08:26	9788989566090	탑그레이딩 - 최고 인재를 찾는 방법 최고 인재가 되는 방법	브래드 스마트 (지은이), 이석재, 정재창, 이재영 (옮긴이)	김앤김북스	2003-11-08	https://image.aladin.co.kr/product/43/66/cover200/8989566096_1.gif	국내도서>경제경영>기업 경영>조직/인력/성과관리	18000							
2025. 10. 30 오전 1:08:40	9788993943122	근로기준법과 인사쟁이 노무 비법노트	손원준, 한만용 (지은이)	지식만들기	2012-08-16	https://image.aladin.co.kr/product/488/77/cover200/8993943125_1.jpg	국내도서>경제경영>기업 경영>경영전략/혁신	15000							
2025. 10. 30 오전 1:09:17	9788960511194	그들이 말하지 않는 23가지	장하준 (지은이), 김희정, 안세민 (옮긴이)	부키	2010-11-04	https://image.aladin.co.kr/product/783/53/cover200/8960511196_3.jpg	국내도서>경제경영>경제학/경제일반>경제사/경제전망>세계 경제사/경제전망	14800							
2025. 10. 30 오전 1:10:17	9788949114118	여름이 온다	이수지 (지은이)	비룡소	2021-07-27	https://image.aladin.co.kr/product/27669/17/cover200/8949114119_1.jpg	국내도서>유아>그림책>나라별 그림책>한국 그림책	27000							
2025. 10. 30 오전 3:21:08	9788957090268	여행의 기술	알랭 드 보통 (지은이), 정영목 (옮긴이)	이레	2004-07-26	https://image.aladin.co.kr/product/50/62/cover200/8957090266_1.gif	국내도서>에세이>외국에세이	12000							
2025. 10. 30 오전 3:21:26	9788986836394	공항에서 일주일을 - 히드로 다이어리	알랭 드 보통 (지은이), 정영목 (옮긴이)	청미래	2010-01-04	https://image.aladin.co.kr/product/610/31/cover200/8986836394_2.jpg	국내도서>에세이>외국에세이	12500							
2025. 10. 30 오전 3:21:45	9788901059365	스페인, 너는 자유다 - 모든 것을 훌훌 털어 버리고 떠난 낯선 땅에서 나를 다시 채우고 돌아오다, 개정판	손미나 (지은이)	웅진지식하우스	2006-07-28	https://image.aladin.co.kr/product/67/57/cover200/8901059363_2.jpg	국내도서>에세이>한국에세이	13000							
2025. 10. 30 오전 3:22:04	9788954616195	어쨌든, 잇태리	박찬일 (지은이)	난다	2011-10-25	https://image.aladin.co.kr/product/1356/79/cover200/8954616194_1.jpg	국내도서>에세이>명사에세이>기타 명사에세이	12000							
2025. 10. 30 오전 3:22:25	9788934907688	공지영의 수도원 기행	공지영 (지은이)	김영사	2001-07-26	https://image.aladin.co.kr/product/28/89/cover200/8934907681_1.gif	국내도서>에세이>한국에세이	9900							
2025. 10. 30 오전 3:22:45	9788972594901	앙코르 : 장엄한 성벽도시	브뤼노 다강 (지은이)	시공사	1997-06-05	https://image.aladin.co.kr/product/9/70/cover200/8972594903_1.jpg	국내도서>인문학>문화/문화이론>동양문화읽기	7000							
2025. 10. 30 오전 3:23:07	9788982642104	앙코르와트, 월남가다 - 하 - 조선인의 아시아 문명탐험	도올 김용옥 (지은이)	통나무	2005-02-02	https://image.aladin.co.kr/product/54/20/cover200/8982642102_1.jpg	국내도서>역사>문화/역사기행>동서양 문화/역사기행	9800							
2025. 10. 30 오전 3:23:20	9788982642098	앙코르와트, 월남가다 -상 - 조선인의 아시아 문명탐험	도올 김용옥 (지은이)	통나무	2005-02-02	https://image.aladin.co.kr/product/54/19/cover200/8982642099_1.jpg	국내도서>역사>문화/역사기행>동서양 문화/역사기행	9800							
2025. 10. 30 오전 3:23:33	9789748225272	Lanna (Paperback, 1st) - Thailands Northern Kingdom	마이클 프리맨, Claude Jacques, Donald M. Stadtner (지은이)	River Books	2006-06-30	https://image.aladin.co.kr/product/128/7/cover200/9748225275_1.jpg	외국도서>여행>아시아>인도	45310							
2025. 10. 30 오전 3:23:43	9788987315508	신화가 만든 문명 앙코르 와트	서규석 (지은이)	리북	2003-01-20	https://image.aladin.co.kr/product/39/82/cover200/8987315509_1.gif	국내도서>역사>아시아사>동남아시아사	13000							
2025. 10. 30 오전 3:23:58	9788995848029	All About 터키 - All About 세계 여행	민병규 (지은이)	AATNB(여행친구트래블게릴라)	2007-01-03	https://image.aladin.co.kr/product/87/18/cover200/8995848022_1.jpg	국내도서>여행>튀르키예여행>튀르키예여행 가이드북	12000							
2025. 10. 30 오전 3:24:08	9788990449405	터키, 신화와 성서의 무대, 이슬람이 숨쉬는 땅 - 타산지석 4, 개정3판	이희철 (지은이)	리수	2002-04-01	https://image.aladin.co.kr/product/94/44/cover200/8990449405_1.jpg	국내도서>역사>동양사일반	14500							
2025. 10. 30 오전 3:24:22	9788995847978	터키, 지독한 사랑에 빠지다 - 여행의 재발견 02	조희섭, 엠레 잔 (지은이)	위캔북스	2007-06-28	https://image.aladin.co.kr/product/93/48/cover200/8995847972_1.jpg	국내도서>여행>튀르키예여행>튀르키예여행 에세이	13000							
2025. 10. 30 오전 3:24:39	9788991645189	터키의 유혹 - 역사.문화.여행.성지순례…터키에 관한 모든 것	강용수 (지은이)	유토피아	2007-04-11	https://image.aladin.co.kr/product/90/62/cover200/8991645186_1.jpg	국내도서>여행>튀르키예여행>튀르키예여행 가이드북	30000							
2025. 10. 30 오전 3:24:52	9788961884303	미국 서부 U.S.A. West Coast - 테마가 살아있는 정통 가이드북	중앙books 편집부 (엮은이)	중앙books(중앙북스)	2010-02-23	https://image.aladin.co.kr/product/651/11/cover200/8961884301_1.jpg	국내도서>여행>미국여행>미국여행 가이드북	19000							
2025. 10. 30 오후 1:25:33	9788991449596	세계 명화 속 숨은 그림 읽기 - 상징과 테마를 알면 그림이 보인다	파트릭 데 링크 (지은이), 박누리 (옮긴이)	마로니에북스	2006-06-02	https://image.aladin.co.kr/product/66/1/cover200/899144959x_1.jpg	국내도서>예술/대중문화>미술>미술 이야기	19500							
2025. 10. 30 오후 1:25:45	9788988902110	웬디 수녀의 유럽 미술 산책	웬디 베케트 (지은이), 김현우 (옮긴이), 이주헌 (감수)	예담	2000-12-15	https://image.aladin.co.kr/product/25/87/cover200/8988902114_1.gif	국내도서>예술/대중문화>미술>미술 이야기	16500							
2025. 10. 30 오후 1:26:23	9788936613624	클래식음악감상해설	일신음악연구회 (엮은이)	일신서적	1990-04-01	https://image.aladin.co.kr/img/noimg_b.gif	국내도서>예술/대중문화>음악>음악이야기	18000							
2025. 10. 30 오후 1:27:01	9788983756329	여자들의 동경 여행	김명희 (지은이)	랜덤하우스코리아	2004-02-10	https://image.aladin.co.kr/product/28/74/cover200/8983756322_1.jpg	국내도서>여행>일본여행>일본여행 가이드북	12000							
2025. 10. 30 오후 1:27:11	9788990816443	마추픽추 정상에서 라틴아메리카를 보다 - 손호철의 세계를 가다 1	손호철 (지은이)	이매진	2007-04-20	https://image.aladin.co.kr/product/91/17/cover200/8990816440_1.jpg	국내도서>역사>아메리카사>중남미사	13000							
2025. 10. 30 오후 1:27:21	9788925533087	태국 100배 즐기기 (2009) - 태국 베트남 캄보디아 라오스 - World 100배 즐기기 2009년 최신판	트래블게릴라 (지은이)	랜덤하우스코리아	2009-06-19	https://image.aladin.co.kr/product/416/23/cover200/8925533081_2.jpg	국내도서>여행>동남아시아여행>동남아시아여행 가이드북	21000							
2025. 10. 30 오후 1:27:39	9791196370282	오! 마이 하와이 1 - 하와이 대표 스폿 & 오아후, 2019~2020년 최신판	마할로, 박성혜 (지은이)	두사람	2019-03-30	https://image.aladin.co.kr/product/18681/5/cover200/k252635562_1.jpg	국내도서>여행>괌/사이판/하와이여행>괌/사이판/하와이여행 가이드북	17000							
2025. 10. 30 오후 1:28:41	9788991055063	콜로세움이 무너지는 날이면 1 - 건축가 정태남의 로마 문화여행	정태남 (지은이)	조선일보생활미디어	2004-11-30	https://image.aladin.co.kr/product/53/5/cover200/8991055060_1.jpg	국내도서>인문학>문화/문화이론>서양문화읽기	12000							
2025. 10. 30 오후 1:28:53	9791195838837	어디로 가야 할지 알 수 없을 때 비로소 여행은 시작된다 - 떠남과 행복을 충동하는 여행 에세이	최석구, 박재희, 박영숙, 서정희 (지은이), 정은주 (그림)	디스커버리미디어	2016-11-15	https://image.aladin.co.kr/product/9837/86/cover200/k292535253_1.jpg	국내도서>에세이>한국에세이	15000							
2025. 10. 30 오후 1:29:38	9780061992278	The One and Only Ivan (Paperback, Reprint) - 『세상에서 단 하나뿐인 아이반』 원서, 2013 Newbery	캐서린 애플게이트 (지은이), Patricia Castelao (그림)	Harpercollins Childrens Books	2015-01-06	https://image.aladin.co.kr/product/4077/73/cover200/006199227d_1.jpg	외국도서>어린이>픽션>사회문제 >일반 	13700							
2025. 10. 30 오후 1:29:50	9780440180296	Slaughterhouse-Five: Or the Children's Crusade, a Duty-Dance with Death (Mass Market Paperback) - 『제5도살장』원서	커트 보니것 (지은이)	Dell	1991-11-03	https://image.aladin.co.kr/product/91/40/cover200/044018029f_1.jpg	외국도서>소설/시/희곡>소설>고전	13700							
2025. 10. 30 오후 1:30:04	9780803740167	Roller Girl: (Newbery Honor Award Winner) (Paperback)	빅토리아 제이미슨 (지은이)	Dial Books for Young Readers	2015-03-10	https://image.aladin.co.kr/product/4189/14/cover200/080374016d_1.jpg	외국도서>어린이>픽션>스포츠/레크레이션 >일반 	18200							
2025. 10. 30 오후 1:30:21	9780679819462	Marvin Redpost #1: Kidnapped at Birth? (Paperback) - 『왕자되기는 힘들어』원서	루이스 새커 (지은이)	Random House Books for Young Readers	1992-07-28	https://image.aladin.co.kr/product/86/60/cover200/067981946d_1.jpg	외국도서>어린이>리더스>초급리더	9000							
2025. 10. 30 오후 2:53:15	9788968484827	엑셀 2016 바이블 - 회사에서 필요한 기능은 모두 있다!	최준선 (지은이)	한빛미디어	2016-09-30	https://image.aladin.co.kr/product/9277/71/cover200/8968484821_1.jpg	국내도서>컴퓨터/모바일>오피스(엑셀/파워포인트)>엑셀	36000							
2025. 10. 30 오후 2:53:26	9788955650143	통계데이터분석 - Excell 활용	권혁제 (지은이)	청목출판사	2002-03-20	https://image.aladin.co.kr/product/34/11/cover200/8955650140_1.gif	국내도서>대학교재/전문서적>경상계열>통계	25000							
2025. 10. 30 오후 2:56:17	9780961392147	The Visual Display of Quantitative Information (Hardcover, 2nd)	Edward R. Tufte (지은이)	Graphics Press USA	2001-05-01	https://image.aladin.co.kr/product/1266/77/cover200/0961392142_1.jpg	외국도서>과학/수학/생태>수학>확률과 통계>일반	72500							
2025. 10. 30 오후 2:56:27	9780970601988	Now You See It: Simple Visualization Techniques for Quantitative Analysis (Hardcover)	스티븐 퓨 (지은이)	Analytics Pr                            	2009-04-01	https://image.aladin.co.kr/product/273/1/cover200/0970601980_1.jpg	외국도서>경제경영>경영기술	81560							
2025. 10. 30 오후 2:57:05	9781292024998	Introduction to Mathematical Statistics: Pearson New International Edition (Paperback, 7 ed)	Robert Hogg (지은이)	Pearson	2013-07-26	https://image.aladin.co.kr/product/2889/55/cover200/1292024992_1.jpg	외국도서>과학/수학/생태>수학>확률과 통계>일반	53000							
2025. 10. 30 오후 2:57:17	9781292163444	Thomas' Calculus: Early Transcendentals in SI Units (Paperback, 13 ed)	Maurice D. Weir, George B. Thomas, Joel R. Hass (지은이)	Pearson Education Limited	2016-06-06	https://image.aladin.co.kr/product/7906/72/cover200/1292163445_2.jpg	외국도서>과학/수학/생태>수학>수리분석	40000							
2025. 10. 30 오후 2:57:41	9780963488404	Visualizing Data (Hardcover)	Cleveland, William S (지은이)	Hobart Press	1993-01-03	https://image.aladin.co.kr/product/2665/74/cover200/0963488406_1.jpg	외국도서>컴퓨터>데이터 모델링/디자인	118210							
2025. 10. 30 오후 2:57:51	9780963488411	The Elements of Graphing Data (Hardcover, Revised)	William S. Cleveland (지은이)	Hobart Pr                               	1994-09-01	https://image.aladin.co.kr/product/4077/28/cover200/0963488414_1.jpg	외국도서>과학/수학/생태>수학>도식법	88810							
2025. 10. 30 오후 2:58:03	9788970593586	정보 디자인 교과서	강성중, 오병근 (지은이)	안그라픽스	2008-04-16	https://image.aladin.co.kr/product/204/76/cover200/8970593586_1.jpg	국내도서>컴퓨터/모바일>그래픽/멀티미디어>그래픽 일반	23000							
2025. 10. 30 오후 2:58:24	9788963302553	감성 디자인	도널드 A. 노먼 (지은이), 박경욱, 이영수, 최동성 (옮긴이), 김진우 (감수)	학지사	2010-01-20	https://image.aladin.co.kr/product/822/98/cover200/8963302555_1.jpg	국내도서>대학교재/전문서적>예체능계열>미술/디자인/사진	13000							
2025. 10. 30 오후 2:58:34	9788992124072	맥킨지, 차트의 기술	진 젤라즈니 (지은이), 안진환 (옮긴이)	스마트비즈니스	2006-11-01	https://image.aladin.co.kr/product/85/1/cover200/8992124074_2.jpg	국내도서>자기계발>프레젠테이션/회의>프레젠테이션	13000							
2025. 10. 30 오후 2:58:45	9780393347289	The Wall Street Journal Guide to Information Graphics: The Dos and Don'ts of Presenting Data, Facts, and Figures (Paperback)	Dona M. Wong (지은이)	W W Norton & Co Inc	2013-12-16	https://image.aladin.co.kr/product/2482/40/cover200/0393347281_1.jpg	외국도서>경제경영>화술/협상/프리젠테이션	45220							
2025. 10. 30 오후 2:58:59	9788966260935	월스트리트저널 인포그래픽 가이드 - 데이터, 사실, 수치를 표현할 때 지켜야 할 기본 원칙	도나 M. 웡 (지은이), 이현경 (옮긴이), 강규영 (감수)	인사이트	2014-03-14	https://image.aladin.co.kr/product/3776/26/cover200/8966260934_1.jpg	국내도서>컴퓨터/모바일>오피스(엑셀/파워포인트)>파워포인트	15000							
2025. 10. 30 오후 4:36:05	9788952769633	스페인 미술관 산책 - 파리, 런던, 뉴욕을 잇는 최고의 예술 여행	최경화 (지은이)	시공아트	2013-08-02	https://image.aladin.co.kr/product/2905/89/cover200/8952769635_1.jpg	국내도서>예술/대중문화>미술>미술관/박물관/미술기행	16000							
2025. 10. 30 오후 4:36:16	9780205309023	The Elements of Style (Paperback, 4)	엘윈 브룩스 화이트, 윌리엄 스트렁크 (지은이)	Allyn & Bacon	1999-07-23	https://image.aladin.co.kr/product/21/83/cover200/9780205309023_1.jpg	외국도서>ELT/어학/사전>작문	25500							
2025. 10. 30 오후 7:24:00	9788970851266	C++ 자료구조론	이석호 (옮긴이)	교보문고(교재)	2004-08-16	https://image.aladin.co.kr/product/17/68/cover200/8970851267_1.jpg	국내도서>컴퓨터/모바일>프로그래밍 언어>C++	30000							
2025. 10. 30 오후 7:24:11	9788931541946	C 기초 플러스	Stephen Prata (지은이), 구익환 (옮긴이)	성안당	1994-03-01	https://image.aladin.co.kr/product/17/66/cover200/8931541945_1.gif	국내도서>컴퓨터/모바일>중고매입용컴퓨터	18000							
2025. 10. 30 오후 7:24:21	9788985197366	애니메이터 PRO(실전)	김용택편	출판사 정보 없음											
2025. 10. 30 오후 7:24:44	9788946803787	거시조직이론 - 개정4판	김인수 (지은이)	무역경영사	2007-02-15	https://image.aladin.co.kr/product/88/96/cover200/8946803789_1.jpg	국내도서>대학교재/전문서적>경상계열>경영학	27000							
2025. 10. 30 오후 7:25:06	9788958327103	산업 및 조직심리학 - 제9판	폴 뮤친스키 (지은이), 유태용 (옮긴이)	시그마프레스	2009-07-01	https://image.aladin.co.kr/product/426/45/cover200/8958327103_1.jpg	국내도서>대학교재/전문서적>인문계열>심리학	30000							
2025. 10. 30 오후 7:25:17	9780256146387	Investments	Zvi Bodie, Alex Kane, Alan J. Marcus	Irwin Professional Publishing											
2025. 10. 30 오후 7:25:51	9780070854659	Introduction to the Theory of Statistics (Paperback, International 3rd Revised ed)	Mood, A M (지은이)	McGraw-Hill Higher Education	1974-06-01	https://image.aladin.co.kr/product/1525/27/cover200/0070854653_1.jpg	외국도서>과학/수학/생태>수학>확률과 통계>일반	35000							
2025. 10. 30 오후 7:26:01	9780471805304	Introduction to Mathematical Statistics (5th Edition, Paperback)	Paul Gerhard Hoel (지은이)	John Wiley & Sons	1985-03-13	https://image.aladin.co.kr/product/1294/54/cover200/0471805300_2.jpg	외국도서>과학/수학/생태>과학>과학일반	15000							
2025. 10. 30 오후 7:26:23	9780495385080	Mathematical Statistics with Applications (Paperback, 7th Edition)	Dennis D. Wackerly (지은이)	Thomson	2007-11-01	https://image.aladin.co.kr/product/213/87/cover200/0495385085_1.jpg	외국도서>과학/수학/생태>수학>확률과 통계>일반	55000							
2025. 10. 30 오후 7:26:35	9788918110257	통계학 (류근관) - 제3판	류근관 (지은이)	법문사	2013-02-20	https://image.aladin.co.kr/product/2467/24/cover200/8918110251_1.jpg	국내도서>대학교재/전문서적>경상계열>통계	35000							
2025. 10. 30 오후 7:26:44	9788964541173	수리통계학 (송문섭 외) - 제4개정판	송문섭, 허문열 (지은이)	박영사	2011-02-25	https://image.aladin.co.kr/product/1100/97/cover200/8964541170_1.jpg	국내도서>대학교재/전문서적>경상계열>통계	24000							
2025. 10. 30 오후 7:27:10	9788955661101	R을 이용한 누구나 하는 통계분석	안재형 (지은이)	한나래	2011-01-15	https://image.aladin.co.kr/product/850/2/cover200/s652635364_1.jpg	국내도서>대학교재/전문서적>경상계열>통계	15000							
2025. 10. 30 오후 7:27:21	9788973389162	R을 활용한 탐색적 자료분석 - 개정판	허명회 (지은이)	자유아카데미	2011-12-31	https://image.aladin.co.kr/product/1452/29/cover200/8973389165_1.jpg	국내도서>대학교재/전문서적>경상계열>통계	18000							
2025. 10. 30 오후 7:27:32	9788971891971	통계적 사고 - 제2판, 개정판	남궁평, 박종선, 허문열 (지은이)	박영사	2009-08-30	https://image.aladin.co.kr/product/461/36/cover200/8971891971_1.jpg	국내도서>대학교재/전문서적>경상계열>통계	23000							
2025. 10. 30 오후 7:28:09	9788910150404	알기쉽게 풀어쓴 통계학	저자 정보 없음	출판사 정보 없음											
2025. 10. 30 오후 7:28:22	9780321766564	An Introduction to Mathematical Statistics and Its Applications (Paperback)	Larsen, Richard J. /. Marx (지은이)	Pearson Educacion	2010-12-01	https://image.aladin.co.kr/img/noimg_b.gif	외국도서>과학/수학/생태>수학>확률과 통계>일반	235620							
2025. 10. 30 오후 7:28:34	9780470542811	Introduction to Linear Regression Analysis (Hardcover, 5)	Douglas C. Montgomery, Elizabeth A. Peck (지은이)	John Wiley & Sons	2012-04-09	https://image.aladin.co.kr/product/1644/37/cover200/0470542810_2.jpg	외국도서>과학/수학/생태>수학>확률과 통계>회귀분석	284470							
2025. 10. 30 오후 7:29:10	9788971940617	일반통계학	저자 정보 없음	출판사 정보 없음											
2025. 10. 30 오후 7:29:24	9788918110240	고급통계분석론 - 이론과 실습	이희연, 노승철 (지은이)	법문사	2012-05-15	https://image.aladin.co.kr/product/1714/14/cover200/8918110243_1.jpg	국내도서>대학교재/전문서적>경상계열>통계	39000							
2025. 10. 30 오후 9:46:48	9780321288394	Elementary Statistics (Hardcover, CD-ROM, 9th) - Updates for the latest technology	Mario F. Triola (지은이)	Addison-Wesley	2004-06-30	https://image.aladin.co.kr/product/146/75/cover200/0321288394_1.jpg	외국도서>과학/수학/생태>수학>확률과 통계>일반	234410							
2025. 10. 30 오후 9:46:58	9781886529380	Introduction to Probability (Paperback, 2nd Edition)	Dimitri P. Bertsekas (지은이)	Athena Scientific	2008-01-01	https://image.aladin.co.kr/product/1294/56/cover200/188652938d_1.jpg	외국도서>과학/수학/생태>과학>과학일반	59000							
2025. 10. 30 오후 10:23:45	9788954608428	외국어를 공부하는 시간	오현종 (지은이)	문학동네	2009-06-30	https://image.aladin.co.kr/product/419/8/cover200/8954608426_1.jpg	국내도서>소설/시/희곡>한국소설>2000년대 이후 한국소설	10000							
2025. 10. 30 오후 10:24:04	9788937400056	사람의 아들	이문열 (지은이)	민음사	1999-05-01	https://image.aladin.co.kr/product/6/74/cover200/8937400057_1.gif	국내도서>소설/시/희곡>한국소설>2000년대 이후 한국소설	7500							
2025. 10. 30 오후 10:24:16	9788932004679	별과 같이 살다 / 카인의 후예	황순원 (지은이)	문학과지성사	1990-11-05	https://image.aladin.co.kr/product/6/6/cover200/8932004676_2.jpg	국내도서>소설/시/희곡>한국소설>2000년대 이전 한국소설	12000							
2025. 10. 30 오후 10:24:35	9788991643161	뿌리 깊은 나무 2	이정명 (지은이)	밀리언하우스	2006-07-18	https://image.aladin.co.kr/product/66/78/cover200/8991643167_3.jpg	국내도서>소설/시/희곡>역사소설>한국 역사소설	12000							
2025. 10. 30 오후 10:24:58	9788991643154	뿌리 깊은 나무 1	이정명 (지은이)	밀리언하우스	2007-07-30	https://image.aladin.co.kr/product/2072/58/cover200/8991643159_1.jpg	국내도서>소설/시/희곡>역사소설>한국 역사소설	12000							
2025. 10. 30 오후 10:25:17	9788925511962	폼페이 - 판타스틱 픽션 블랙 BLACK 4-1	로버트 해리스 (지은이), 박아람 (옮긴이)	랜덤하우스코리아	2007-09-13	https://image.aladin.co.kr/product/98/16/cover200/8925511967_1.jpg	국내도서>소설/시/희곡>액션/스릴러소설>외국 액션/스릴러소설	5900							
2025. 10. 30 오후 10:25:54	9788952789020	나니아 연대기	C. S. 루이스 (지은이), 폴린 베인즈 (그림), 햇살과나무꾼 (옮긴이)	시공주니어	2005-11-05	https://image.aladin.co.kr/product/18656/56/cover200/8952789024_1.jpg	국내도서>소설/시/희곡>판타지/환상문학>외국판타지/환상소설	42000							
2025. 10. 30 오후 10:26:05	9788937830587	Alice - 이상한 나라의 앨리스.거울 나라의 앨리스	루이스 캐럴 (지은이), 존 테니엘 (그림), 최인자 (옮긴이), 마틴 가드너	북폴리오	2005-03-18	https://image.aladin.co.kr/product/54/97/cover200/8937830582_2.jpg	국내도서>소설/시/희곡>판타지/환상문학>외국판타지/환상소설	29000							
2025. 10. 30 오후 10:26:33	9788956250595	남한산성	김훈 (지은이)	학고재	2007-04-14	https://image.aladin.co.kr/product/90/61/cover200/8956250596_2.jpg	국내도서>소설/시/희곡>역사소설>한국 역사소설	13000							
2025. 10. 30 오후 10:26:56	9788957090121	월든	헨리 데이비드 소로우 (지은이), 강승영 (옮긴이)	이레	2004-01-05	https://image.aladin.co.kr/product/27/54/cover200/8957090126_2.jpg	국내도서>에세이>외국에세이	9800							
2025. 10. 30 오후 10:27:22	9788932308692	소피의 세계 (합본)	요슈타인 가아더 (지은이), 장영은 (옮긴이)	현암사	1996-02-01	https://image.aladin.co.kr/product/8/29/cover200/8932308691_2.jpg	국내도서>인문학>철학 일반>교양 철학	19500							
2025. 10. 30 오후 10:27:42	9788932308845	카드의 비밀	요슈타인 가아더 (지은이), 백설자 (옮긴이)	현암사	1996-10-31	https://image.aladin.co.kr/product/14/65/cover200/8932308845_1.gif	국내도서>소설/시/희곡>세계의 소설>북유럽소설	15000							
2025. 10. 30 오후 10:27:53	9788949170602	끝없는 이야기	미하엘 엔데 (지은이), 로즈비타 콰드플리크 (그림), 허수경 (옮긴이)	비룡소	2003-03-25	https://image.aladin.co.kr/product/40/94/cover200/8949170604_3.jpg	국내도서>어린이>동화/명작/고전>세계명작	26000							
2025. 10. 30 오후 10:28:21	9780062206190	How Will You Measure Your Life? (Paperback, International) - '당신의 인생을 어떻게 평가할 것인가' 원서	클레이튼 M. 크리스텐슨 (지은이)	HarperBusiness	2012-05-15	https://image.aladin.co.kr/product/1712/21/cover200/0062206192_1.jpg	외국도서>경제경영>일반	25100							
2025. 10. 30 오후 10:28:40	9780812975215	Fooled by Randomness: The Hidden Role of Chance in Life and in the Markets (Paperback, 2)	나심 니콜라스 탈레브 (지은이)	Random House Inc	2005-08-23	https://image.aladin.co.kr/product/95/13/cover200/0812975219_1.jpg	외국도서>경제경영>금융/재정>일반	36250							
2025. 10. 30 오후 10:28:50	9780812973815	The Black Swan: Second Edition: The Impact of the Highly Improbable: With a New Section: &quot;On Robustness and Fragility&quot; (Paperback) - '블랙 스완' 원서	나심 니콜라스 탈레브 (지은이)	Random House Inc	2010-05-11	https://image.aladin.co.kr/product/529/13/cover200/081297381x_1.jpg	외국도서>경제경영>관리	32620							
2025. 10. 30 오후 10:29:07	9780140115857	Moon Palace (Paperback) - 『달의 궁전』원서	폴 오스터 (지은이)	Penguin Group USA	1990-04-01	https://image.aladin.co.kr/product/102/84/cover200/0140115854_1.jpg	외국도서>소설/시/희곡>소설>문학	24800							
2025. 10. 30 오후 10:29:30	9780071348270	Mission Possible (Paperback, 1st)	켄 블랜차드 (지은이)	McGraw-Hill Education	1999-05-21	https://image.aladin.co.kr/img/noimg_b.gif	외국도서>경제경영>리더십	27090							
2025. 10. 30 오후 10:29:45	9780747551003	Harry Potter and the Order of the Phoenix : Book 5 (Hardcover, 영국판)	J.K. 롤링 (지은이)	Bloomsbury	2003-06-21	https://image.aladin.co.kr/product/42/2/cover200/0747551006_2.jpg	외국도서>소설/시/희곡>소설>단편	39000							
2025. 10. 30 오후 10:29:55	9780156012195	The Little Prince (Paperback, 미국판) - 어린 왕자 영문판 원서	앙투안 드 생텍쥐페리 (지은이), 리차드 하워드 (옮긴이)	Harcourt	2000-06-29	https://image.aladin.co.kr/product/44/81/cover200/0156012197_2.jpg	외국도서>어린이>동화책>고전/명작	12500							
2025. 10. 30 오후 10:30:41	9780684801223	The Old Man and the Sea (Paperback, 미국판) - 『노인과 바다』 원서	어니스트 헤밍웨이 (지은이)	Scribner	1995-05-01	https://image.aladin.co.kr/product/47/23/cover200/068480122g_1.jpg	외국도서>소설/시/희곡>소설>근현대	18100							
2025. 10. 30 오후 10:31:27	9788958642572	닭을 죽이지 마라 (보급판 문고본)	케빈 왕 (지은이), 권남희 (옮긴이)	이가서	2008-04-01	https://image.aladin.co.kr/product/196/62/cover200/8958642572_1.jpg	국내도서>경제경영>기업 경영>경영 일반	5000							
2025. 10. 30 오후 10:31:44	9780062018205	Predictably Irrational: The Hidden Forces That Shape Our Decisions (Mass Market Paperback, International)	댄 애리얼리 (지은이)	Harper Collins	2010-05-11	https://image.aladin.co.kr/product/696/67/cover200/0062018205_1.jpg	외국도서>경제경영>일반	12300							
2025. 10. 30 오후 10:31:55	9788980150229	내성적 성격을 고치려면	C. H. 티이어 (지은이), 정성호 (옮긴이)	성바오로출판사	1994-07-15	https://image.aladin.co.kr/product/305/46/cover200/8980150229_1.jpg	국내도서>종교/역학>가톨릭>가톨릭 신앙생활	1000							
2025. 10. 30 오후 10:32:06	9788980152469	기억력을 강하게 만들려면	J.디닌	출판사 정보 없음											
2025. 10. 30 오후 10:32:18	9788980152773	능숙한 대화를 하려면	M. 퍼킨스 (지은이), 정성호 (옮긴이)	성바오로출판사	2009-04-30	https://image.aladin.co.kr/product/305/46/cover200/8980152779_1.jpg	국내도서>종교/역학>가톨릭>가톨릭 신앙생활	1000							
2025. 10. 30 오후 10:32:28	9788980152766	상상력을 활용하려면	L. O. 코어스 (지은이), 정성호 (옮긴이)	성바오로출판사	1999-06-30	https://image.aladin.co.kr/product/256/82/cover500/8980153392_1.jpg	국내도서>에세이>종교에세이>가톨릭	1000							
2025. 10. 30 오후 10:32:37	9788980153237	기초 공동체 건설	L. 콜만 (지은이), 성염 (옮긴이)	성바오로출판사	1981-01-10	https://image.aladin.co.kr/product/37/18/cover500/8980153236_1.gif	국내도서>종교/역학>가톨릭>가톨릭 교리/강론	4000							
2025. 10. 30 오후 10:32:57	9780385512275	The Present (Paperback) - 『선물』원서	스펜서 존슨 (지은이)	doubleday	2003-01-01	https://image.aladin.co.kr/product/43/77/cover500/0385512279_2.jpg	외국도서>소설/시/희곡>소설>근현대	13400							
2025. 10. 30 오후 10:33:33	9788976332844	복잡계로 바라본 조직관리	최창현 (지은이)	삼성경제연구소	2005-12-09	https://image.aladin.co.kr/product/60/75/cover500/8976332849_1.jpg	국내도서>경제경영>기업 경영>조직/인력/성과관리	5000							
2025. 10. 30 오후 10:34:07	9788976334107	데메테르의 지혜로운 선택 - 아이의 미래를 여는 경제 에세이	정갑영 (지은이)	삼성경제연구소	2009-12-28	https://image.aladin.co.kr/product/611/92/cover500/8976334108_1.jpg	국내도서>경제경영>재테크/투자>재테크/투자 일반	5500							
2025. 10. 30 오후 10:36:25	9780671733353	How to Stop Worrying and Start Living (Mass Market Paperback, Revised)	데일 카네기 (지은이)	Pocket Books	1990-09-15	https://image.aladin.co.kr/product/91/3/cover500/0671733354_1.jpg	외국도서>자기계발>자기관리>스트레스 관리	11900							
2025. 10. 30 오후 10:36:36	9780061143304	Freakonomics	스티븐 레빗, 스티븐 더브너 (지은이)	Harper Torch	2005-03-01	https://image.aladin.co.kr/product/65/88/cover500/0061143308_1.jpg	외국도서>경제경영>경제학/경제일반 >경제일반	9600							
2025. 10. 30 오후 10:36:48	9780345331359	Cosmos (Mass Market Paperback)	칼 세이건 (지은이)	Ballantine Books	1985-10-12	https://image.aladin.co.kr/product/90/7/cover500/0345331354_2.jpg	외국도서>과학/수학/생태>과학>천문학	14480							
2025. 10. 30 오후 10:37:47	9780385496490	Tuesdays with Morrie (Mass Market Paperback, 미국판, Internantional) - 『모리와 함께한 화요일』 원서	미치 앨봄 (지은이)	Anchor	1998-12-29	https://image.aladin.co.kr/product/42/16/cover500/0385496494_1.jpg	외국도서>인문/사회>철학>일반	11600							
2025. 10. 31 오전 2:59:50	9788917160246	프랭클린 자서전	시사영어사 편집부 (엮은이)	와이비엠	1999-04-20	https://image.aladin.co.kr/img/noimg_b.gif	국내도서>외국어>영어독해	2500							
2025. 10. 31 오후 1:49:46	9788937886966	10대를 위한 정의란 무엇인가 - 하버드대 마이클 샌델 교수의 정의 수업	마이클 샌델 (원작), 신현주 (글), 조혜진 (그림), 김선욱 (감수)	미래엔아이세움	2014-11-30	https://image.aladin.co.kr/product/4947/78/cover500/8937886960_2.jpg	국내도서>어린이>사회/역사/철학>철학	15000							
2025. 10. 31 오후 1:50:02	9791188990160	백범 일지 - 독립을 향한 열정의 기록	강창훈 (지은이), 신슬기 (그림), 배경식 (감수)	책과함께어린이	2018-12-10	https://image.aladin.co.kr/product/17624/16/cover500/k292534111_1.jpg	국내도서>어린이>동화/명작/고전>어린이를 위한 고전	15000							
2025. 11. 2 오전 11:32:30	9788964600108	엄마표 뇌교육 - 내 아이의 미래가 달라지는	서유헌 (지은이)	생각의나무	2010-02-22	https://image.aladin.co.kr/product/646/48/cover500/896460010x_1.jpg	국내도서>좋은부모>교육/학습>학교/학습법	13000							
2025. 11. 2 오전 11:32:45	9788952755988	아이의 사생활	EBS 아이의 사생활 제작팀 (지은이)	지식채널	2009-07-29	https://image.aladin.co.kr/product/426/66/cover500/8952755987_1.jpg	국내도서>좋은부모>육아>성장/발달	16800							
2025. 11. 2 오전 11:32:59	9788947527897	내 아이를 위한 감정코칭 - 존 가트맨.최성애 박사의	조벽, 최성애, 존 가트맨 (지은이)	한국경제신문	2011-02-08	https://image.aladin.co.kr/product/866/1/cover500/8947527890_1.jpg	국내도서>좋은부모>육아>자녀 심리	15800							
2025. 11. 2 오전 11:33:25	9788956591094	한 권으로 끝내는 와인특강	전상헌 (지은이), 이순주 (감수)	예문	2008-02-12	https://image.aladin.co.kr/product/171/2/cover500/8956591091_1.jpg	국내도서>요리/살림>술/음료/차>술	18000							
2025. 11. 2 오전 11:33:44	9788996333920	두 번 고른 장난감 - 에디터 맘 정원씨의	강정원 (지은이)	낭만북스	2010-03-17	https://image.aladin.co.kr/product/660/51/cover500/8996333921_2.jpg	국내도서>좋은부모>교육/학습>창의 교육	13000							
2025. 11. 2 오전 11:34:57	9788992109468	초간단 생활놀이 150 - 엄마는 편하고 아이는 즐거운	즐거운상상 편집부 (엮은이), 량선 (그림)	즐거운상상	2009-07-22	https://image.aladin.co.kr/product/428/6/cover500/8992109466_1.jpg	국내도서>좋은부모>교육/학습>놀이/체험학습	12500							
2025. 11. 2 오전 11:35:21	9788996508458	한 그릇 아이 밥 - 1일 필요 영양에 맞춘 108가지 일품요리	김영빈 (지은이), 이선경 (감수)	수작걸다	2011-11-17	https://image.aladin.co.kr/product/1382/26/cover500/8996508454_1.jpg	국내도서>요리/살림>전문가/연예인/블로거 요리	7000							
2025. 11. 2 오전 11:35:32	9788994030722	Home Cafe 101 : Vol. 1 Egg - 집에서 쉽고 간단하게 만드는 101가지 달걀 요리	라퀴진 (지은이)	나무수	2011-11-01	https://image.aladin.co.kr/product/1359/43/cover500/8994030727_2.jpg	국내도서>요리/살림>생활요리	7500							
2025. 11. 2 오전 11:35:42	9788952740021	한비네 집 맛있는 이야기 - 귀여운 엘비스가 전하는 아이 먹거리 육아 살림 비법	이현정 (지은이)	미호	2013-12-20	https://image.aladin.co.kr/product/3431/46/cover500/8952740025_1.jpg	국내도서>좋은부모>육아/교육 에세이	16800							
2025. 11. 2 오전 11:35:58	9788952798565	입시의 정도 - 대한민국 학부모라면 반드시 알아야 할	강현주 (지은이)	지식너머	2019-03-28	https://image.aladin.co.kr/product/18754/4/cover500/8952798562_1.jpg	국내도서>좋은부모>교육/학습>진로/진학	16000							
2025. 11. 2 오전 11:36:09	9791162201510	김영철·타일러의 진짜 미국식 영어 - 한 마디를 해도 통하는	김영철, 타일러 라쉬 (지은이)	위즈덤하우스	2017-12-08	https://image.aladin.co.kr/product/12441/28/cover500/s652931231_1.jpg	국내도서>외국어>영어회화>생활영어	19800							
2025. 11. 2 오전 11:36:34	9791196427306	너를 영어1등급으로 만들어주마 - 최신개정판	서림 (지은이)	메리포핀스	2023-12-21	https://image.aladin.co.kr/product/33061/83/cover500/k002937994_1.jpg	국내도서>고등학교참고서>수능대비>영어영역	18500							
2025. 11. 2 오전 11:36:48	9788964806548	엄마표 생활영어 표현사전 - ‘영어’ 하면 기죽는 보통엄마들의 고민 끝!, 개정증보판	쑥쑥닷컴 영어교육연구소 (홍현주 외) (지은이)	로그인	2018-08-06	https://image.aladin.co.kr/product/19406/39/cover500/k792635310_1.jpg	국내도서>좋은부모>교육/학습>언어/외국어 교육	22000							
2025. 11. 2 오전 11:37:01	9788915040885	내 몸을 고치는 셀프 마사지	이연희, 홍승정 (지은이)	삼성출판사	2005-05-01	https://image.aladin.co.kr/product/55/45/cover500/8915040880_1.jpg	국내도서>건강/취미>건강정보>지압/마사지	6900							
2025. 11. 2 오전 11:37:16	9788967212575	나 혼자 우쿨렐레 친다 비기너 (스프링) - 은별아빠의 우쿨렐레 독학	심승규 (지은이)	삼호ETM	2021-03-25	https://image.aladin.co.kr/product/26717/9/cover500/8967212577_1.jpg	국내도서>예술/대중문화>음악>악보/작곡>기타/베이스	17000							
2025. 11. 2 오전 11:37:29	9788997686551	반찬이 필요 없는 밥 요리 - 대한민국 주부를 응원합니다!	노애리 (지은이)	이밥차(그리고책)	2015-03-02	https://image.aladin.co.kr/product/5415/5/cover500/8997686550_1.jpg	국내도서>요리/살림>생활요리	8800							
2025. 11. 2 오전 11:37:41	9788936309268	남편 사로잡는 101가지 요리비법 - 여자에겐 요리도 힘이다!	이보은 (지은이)	파프리카(교문사)	2008-05-09	https://image.aladin.co.kr/product/216/85/cover500/8936309269_1.jpg	국내도서>요리/살림>전문가/연예인/블로거 요리	15000							
2025. 11. 2 오전 11:37:58	9788964942338	생각이 커지는 수학 퍼즐 - 천재 수학자 샘 로이드의	샘 로이드 (지은이)	바이킹	2015-11-20	https://image.aladin.co.kr/product/6949/70/cover500/8964942337_1.jpg	국내도서>어린이>과학/수학/컴퓨터>초등 수학	7900							
2025. 11. 2 오전 11:38:14	9788956810973	곤도 노리코의 수납이 잘된 집 - 수납 인테리어의 女王	곤도 노리코 (지은이), 최수진 (옮긴이)	아카데미북	2009-10-15	https://image.aladin.co.kr/product/476/8/cover500/8956810974_1.jpg	국내도서>요리/살림>살림/정리수납	13000							
2025. 11. 2 오전 11:38:31	9788992309264	엄마가 모르는 아빠효과 - EBS 교육방송	김영훈 (지은이)	베가북스	2009-10-26	https://image.aladin.co.kr/product/484/25/cover500/8992309260_3.jpg	국내도서>좋은부모>육아>육아법/육아 일반	15000							
2025. 11. 2 오전 11:38:56	9788959133642	아기 성장 보고서 - EBS 특별기획 다큐멘터리	EBS 아기성장보고서 제작팀 (지은이)	위즈덤하우스	2009-01-25	https://image.aladin.co.kr/product/311/90/cover500/8959133647_3.jpg	국내도서>좋은부모>육아>육아법/육아 일반	16800							
2025. 11. 2 오전 11:39:09	9788957918647	엄마의 독서학교 - 태어나서 7세까지 우리 아이 두뇌 프로젝트	남미영 (지은이)	애플비	2007-12-10	https://image.aladin.co.kr/product/102/16/cover500/8957918647_1.jpg	국내도서>좋은부모>육아>육아법/육아 일반	12000							
2025. 11. 2 오전 11:39:50	9791186650080	초등 적기글쓰기 - 초등 학년별 아이의 성장에 필요한 글쓰기만 모은 첫 책!	장서영 (지은이)	글담출판	2016-01-15	https://image.aladin.co.kr/product/7453/18/cover500/k612434407_1.jpg	국내도서>좋은부모>교육/학습>독서/작문 교육	13800							
2025. 11. 2 오전 11:40:06	9791158360207	글쓰기 처방전 - 동화 작가 채인선의 하루 한 장	채인선 (지은이), 정우열, 스노우캣(권윤주) (그림)	책읽는곰	2016-02-18	https://image.aladin.co.kr/product/7805/76/cover500/k102434328_2.jpg	국내도서>어린이>책읽기/글쓰기>글쓰기 일반	15000							
2025. 11. 2 오전 11:40:21	9788965180449	일기, 독서록, 체험학습보고서 쓰기 - 현직 교사가 알려주는	김수정 (지은이)	경향에듀(경향미디어)	2011-12-22	https://image.aladin.co.kr/product/1426/98/cover500/8965180449_1.jpg	국내도서>좋은부모>교육/학습>독서/작문 교육	14500							
2025. 11. 2 오전 11:40:36	9788959759811	쉽게 배우는 새로운 코바늘 손뜨개의 기초 - 95가지 손뜨개 기호와 50가지 손뜨개 기법 & 멋진 손뜨개 작품 22점	일본 보그사 (지은이), 김현영 (옮긴이)	한즈미디어(한스미디어)	2016-06-27	https://image.aladin.co.kr/product/8645/46/cover500/8959759813_1.jpg	국내도서>건강/취미>공예>뜨개질/퀼트/십자수/바느질	16000							
2025. 11. 2 오전 11:41:23	9788985509954	에디슨 아동 키워주고 살려주고	루시 조 팰러디노 (지은이)	세종(세종서적)	1998-05-12	https://image.aladin.co.kr/product/10/3/cover500/8985509950_1.gif	국내도서>좋은부모>교육/학습>창의 교육	9000							
2025. 11. 2 오전 11:41:52	9788995346624	웰빙 와인 상식 50	김준철, 한관규, 서한정 (지은이)	그랑벵코리아	2006-01-16	https://image.aladin.co.kr/product/53/82/cover500/8995346620_1.jpg	국내도서>요리/살림>술/음료/차>술	9000							
2025. 11. 2 오전 11:42:30	9788970961491	한국미술사 - 신판, 한국학총서 1	김원룡, 안휘준 (지은이)	서울대학교출판부	1997-04-10	https://image.aladin.co.kr/product/16/5/cover500/8970961496_1.gif	국내도서>대학교재/전문서적>예체능계열>미술/디자인/사진	32000							
2025. 11. 2 오전 11:44:20	9788985482905	핵심동사 33개로 구동사 만들기	구학관 (지은이)	어학마을(리딩리더)	2004-03-17	https://image.aladin.co.kr/product/47/35/cover500/8985482904_1.gif	국내도서>외국어>영어어휘	12000							
2025. 11. 2 오전 11:44:29	9788982203145	한국에 잘못 알려진 영문법 70가지	김경숙 (지은이)	넥서스	2003-10-31	https://image.aladin.co.kr/product/43/93/cover500/8982203141_1.gif	국내도서>외국어>영문법	8500							
2025. 11. 2 오전 11:45:03	9788925517025	남자는 왜 젖꼭지가 있을까? (책 + MP3 CD 1장)	빌리 골드버그, 마크 레이너 (지은이), munge(박상희) (그림), 이한음 (옮긴이)	두앤비컨텐츠(랜덤하우스코리아)	2008-02-26	https://image.aladin.co.kr/product/182/61/cover500/8925517027_1.jpg	국내도서>외국어>영어독해	15000							
2025. 11. 2 오전 11:46:07	9788936304515	영어전치사연구 - 의미와 용법	이기동 (지은이)	교문사	1998-07-10	https://image.aladin.co.kr/product/10/45/cover500/8936304518_2.jpg	국내도서>대학교재/전문서적>어문학계열>영어영문학>영어학	12000							
2025. 11. 2 오전 11:46:19	9788970410906	Updated 꼬리에 꼬리를 무는 영어	한호림 (지은이)	디자인하우스	1997-12-01	https://image.aladin.co.kr/product/2/57/cover500/8970410902_1.gif	국내도서>외국어>영어학습법	9000							
2025. 11. 2 오전 11:46:43	9788970410869	꼭 알아야 할 ENGLISH RULES 250	이상빈, 이브 로스만 (지은이)	디자인하우스	1997-12-15	https://image.aladin.co.kr/product/2/60/cover500/8970410864_1.gif	국내도서>외국어>영어학습법	7500							
2025. 11. 2 오전 11:47:04	9788995177648	구학관박사의 영문법이야기 - 영어의 늪에 빠진 대한민국 국민여러분! 제 2권	구학관 (지은이)	테스트뱅크21.com	2000-12-20	https://image.aladin.co.kr/product/25/89/cover500/8995177640_1.gif	국내도서>외국어>영문법	8000							
2025. 11. 2 오전 11:47:14	9788934903918	동사를 알면 죽은 영어도 살린다 - Neoquest English 3,개정판	네오퀘스트 (지은이)	김영사	2000-12-27	https://image.aladin.co.kr/product/19/9/cover500/8934903910_1.gif	국내도서>외국어>영문법	14900							
2025. 11. 2 오전 11:47:28	9780679745891	Word Smart 1	애덤 로빈슨, 프린스턴 리뷰팀 (지은이)	Princeton Review	1993-01-01	https://image.aladin.co.kr/product/18/67/cover500/0679745890_1.gif	외국도서>ELT/어학/사전>어휘	16000							
2025. 11. 2 오전 11:47:39	9780194311977	Practical English Usage (Paperback, 2nd)	Michael Swan (지은이)	Oxford	1993-04-01	https://image.aladin.co.kr/product/2318/39/cover500/scm2504592327517.jpg	국내도서>외국어>영어학습법	28000							
2025. 11. 2 오전 11:47:49	9780768911749	GRE CAT Answers to Real Essay Questions (Peterson's GRE Answers to the Real Essay Questions) (Paperback, 2nd)	아르코 (Arco) (지은이)	Arco	2003-01-17	https://image.aladin.co.kr/product/4262/62/cover500/0768911745_1.jpg	외국도서>수험서>GRE	26910							
2025. 11. 2 오전 11:48:20	9780764113659	1100 Words You Need to Know (Paperback, 4) - Fourth Edition	머레이 브롬버그 (지은이)	Barrons Educational Series	2000-09-01	https://image.aladin.co.kr/product/0/1/cover500/0764113658_1.gif	외국도서>ELT/어학/사전>어휘	16200							
2025. 11. 2 오전 11:48:39	9788990700254	해커스 토플 스피킹 (Hackers TOEFL Speaking) : 1st iBT Edition (iBT) (책 + CD 2장)	David Cho (지은이)	해커스어학연구소(Hackers)	2006-06-05	https://image.aladin.co.kr/product/66/14/cover500/8990700256_2.jpg	국내도서>외국어>토플>Speaking	23900							
2025. 11. 2 오전 11:56:42	9780375762185	Word Smart 1 - 3rd Edition	애덤 로빈슨, 프린스턴 리뷰팀 (지은이)	Princeton Review	2001-08-07	https://image.aladin.co.kr/product/29/55/cover500/0375762183_1.gif	외국도서>수험서>수험서 일반	16000							
2025. 11. 2 오전 11:56:52	9788980980697	1000단어로 8000단어를 정복한다	동서문화 아카데미 (엮은이)	인터미디어	2000-11-01	https://image.aladin.co.kr/product/25/65/cover500/8980980698_1.gif	국내도서>외국어>영어어휘	12000							
2025. 11. 2 오전 11:57:01	9788982320309	헨리홍의 영어발음구구단	헨리홍 (지은이)	한뜻	1996-12-30	https://image.aladin.co.kr/product/16/94/cover500/9788982320309.gif	국내도서>외국어>영어듣기/말하기	6000							
2025. 11. 2 오전 11:57:10	9788936433895	몽실 언니 - 권정생 소년소설, 개정판	권정생 (지은이), 이철수 (그림)	창비	2012-04-25	https://image.aladin.co.kr/product/1634/54/cover500/893643389x_2.jpg	국내도서>어린이>동화/명작/고전>국내창작동화	13800							
2025. 11. 2 오전 11:57:20	9780521577687	Vocabulary in Use Upper Intermediate with Answers (Paperback)	마이클 맥카시, McCarthy, Michael (지은이)	Cambridge Univ Pr	1997-03-13	https://image.aladin.co.kr/product/18/65/cover500/0521577683_1.jpg	외국도서>ELT/어학/사전>제2외국어>영어	18000							
2025. 11. 2 오후 12:02:47	9788965913481	나의 첫 세계사 여행 : 유럽.아메리카 - 세계 여행과 세계사 공부를 한 번에 끝내는 본격 학습 교양서!	전국역사교사모임 (지은이), 송진욱 (그림)	휴먼어린이	2018-01-29	https://image.aladin.co.kr/product/13172/66/cover500/8965913489_1.jpg	국내도서>어린이>사회/역사/철학>세계사	16800							
2025. 11. 2 오후 12:02:57	9788965820505	한국대표수필 75 - 중고생이 꼭 읽어야 할, 개정증보판	피천득 (지은이), 박찬영, 이서인, 김형주 (엮은이)	리베르	2013-01-29	https://image.aladin.co.kr/product/2318/62/cover500/8965820502_3.jpg	국내도서>청소년>논술참고도서	16800							
2025. 11. 2 오후 12:03:08	9788965820499	한국고전소설 40 - 중고생이 꼭 읽어야 할, 개정증보판	박지원 (지은이), 권정현, 김형주 (엮은이)	리베르	2013-01-09	https://image.aladin.co.kr/product/2248/65/cover500/8965820499_3.jpg	국내도서>청소년>논술참고도서	16800							
2025. 11. 2 오후 12:08:38	9780375762574	The Princeton Review Word Smart Junior (Paperback, 2nd) - 2nd Edition	Cynthia L. Brantley (지은이)	Princeton Review	2002-08-01	https://image.aladin.co.kr/product/40/0/cover500/0375762574_1.gif	외국도서>어린이>영어 학습>Vocabulary	16000							
2025. 11. 2 오후 5:29:26	9791197578410	채사장의 지대넓얕 1 : 권력의 탄생 - 지적 대화를 위한 넓고 얕은 지식	채사장, 마케마케 (지은이), 정용환 (그림)	돌핀북	2021-09-29	https://image.aladin.co.kr/product/27944/7/cover500/k332734114_1.jpg	국내도서>어린이>사회/역사/철학>세계사	14000							
2025. 11. 2 오후 5:29:37	9791197578427	채사장의 지대넓얕 2 : 자본이라는 신 - 지적 대화를 위한 넓고 얕은 지식	채사장, 마케마케 (지은이), 정용환 (그림)	돌핀북	2022-01-12	https://image.aladin.co.kr/product/28568/80/cover500/k852835146_1.jpg	국내도서>어린이>사회/역사/철학>세계사	14000							
2025. 11. 2 오후 5:29:53	9791197578434	채사장의 지대넓얕 3 : 폭력의 시대 - 지적 대화를 위한 넓고 얕은 지식	채사장, 마케마케 (지은이), 정용환 (그림)	돌핀북	2022-04-30	https://image.aladin.co.kr/product/29282/23/cover500/k692837906_1.jpg	국내도서>어린이>사회/역사/철학>세계사	15000							
2025. 11. 2 오후 5:30:06	9791197578441	채사장의 지대넓얕 4 : 보이지 않는 손 - 지적 대화를 위한 넓고 얕은 지식	채사장, 마케마케 (지은이), 정용환 (그림)	돌핀북	2022-08-20	https://image.aladin.co.kr/product/29958/47/cover500/k132838145_1.jpg	국내도서>어린이>사회/역사/철학>정치/경제/법	15000							
2025. 11. 2 오후 5:30:16	9791197578458	채사장의 지대넓얕 5 : 자본주의의 역습 - 지적 대화를 위한 넓고 얕은 지식	채사장, 마케마케 (지은이), 정용환 (그림)	돌핀북	2022-12-24	https://image.aladin.co.kr/product/30614/95/cover500/k762830721_1.jpg	국내도서>어린이>사회/역사/철학>정치/경제/법	15000							
2025. 11. 2 오후 5:30:32	9788964960226	손으로 그려 봐야 우리 땅을 잘 알지 - 2020년 개정판, 그리며 배우는 한국지리	구혜경, 정은주 (지은이), 김효진 (그림), 류재명 (추천)	토토북	2020-09-21	https://image.aladin.co.kr/product/892/64/cover500/896496022x_1.jpg	국내도서>어린이>사회/역사/철학>지리/지도책	20000							
2025. 11. 2 오후 5:37:43	9788968305795	바람을 품은 집, 장경판전	조경희 (지은이), 김태현 (그림)	개암나무	2020-05-06	https://image.aladin.co.kr/product/23941/11/cover500/896830579x_1.jpg	국내도서>어린이>동화/명작/고전>국내창작동화	13500							
2025. 11. 3 오후 12:57:53	9788952724632	크리스마스 캐럴	찰스 디킨스 (지은이), 퀀틴 블레이크 (그림), 김난령 (옮긴이)	시공주니어	2003-11-25	https://image.aladin.co.kr/product/44/40/cover500/8952724631_2.jpg	국내도서>어린이>동화/명작/고전>세계명작	8500							
2025. 11. 3 오후 12:59:23	9788952788719	찰리와 초콜릿 공장 - 개정판	로알드 달 (지은이), 퀸틴 블레이크 (그림), 지혜연 (옮긴이)	시공주니어	2019-01-25	https://image.aladin.co.kr/product/18009/53/cover500/8952788710_1.jpg	국내도서>어린이>동화/명작/고전>외국창작동화	12000							
2025. 11. 3 오후 1:00:17	9788943305550	헨쇼 선생님께	비벌리 클리어리 (지은이), 이승민 (그림), 선우미정 (옮긴이)	보림	2005-03-10	https://image.aladin.co.kr/product/54/64/cover500/8943305559_2.jpg	국내도서>어린이>동화/명작/고전>외국창작동화	9500							
2025. 11. 3 오후 1:00:45	9788952761071	내 이름은 삐삐 롱스타킹 (반양장)	아스트리드 린드그렌 (지은이), 로렌 차일드 (그림), 햇살과나무꾼 (옮긴이)	시공주니어	2011-06-10	https://image.aladin.co.kr/product/1246/10/cover500/8952761073_1.jpg	국내도서>어린이>동화/명작/고전>외국창작동화	12500							
2025. 11. 3 오후 1:01:34	9788965462385	엘 데포 - 특별한 아이와 진실한 친구 이야기, 2015 뉴베리 명예상 수상작	시시 벨 (지은이), 고정아 (옮긴이)	밝은미래	2016-07-15	https://image.aladin.co.kr/product/8741/81/cover500/896546238x_1.jpg	국내도서>어린이>동화/명작/고전>외국창작동화	14500							
2025. 11. 3 오후 1:02:23	9788935652792	마법의 설탕 두 조각	미하엘 엔데 (지은이), 유혜자 (옮긴이)	한길사	2001-05-10	https://image.aladin.co.kr/product/27/73/cover500/8935652792_2.jpg	국내도서>어린이>동화/명작/고전>외국창작동화	12000							
2025. 11. 3 오후 1:03:20	9791185751870	살아남은 여름 1854 - 런던을 집어삼킨 죽음의 그림자, 살아남을 시간은 단 나흘	데보라 홉킨슨 (지은이), 길상효 (옮긴이)	씨드북(주)	2016-06-30	https://image.aladin.co.kr/product/8597/3/cover500/k852535472_1.jpg	국내도서>어린이>동화/명작/고전>외국창작동화	13000							
2025. 11. 3 오후 1:03:41	9788935653751	헤르만의 비밀 여행	미하엘 엔데 (지은이), 이지연 (옮긴이)	한길사	2002-08-10	https://image.aladin.co.kr/product/37/28/cover500/8935653756_1.gif	국내도서>어린이>동화/명작/고전>외국창작동화	8000							
2025. 11. 3 오후 1:04:14	9791189044084	일곱 빛깔 독도 이야기	황선미 (지은이), 우지현 (그림)	이마주	2018-10-05	https://image.aladin.co.kr/product/17546/68/cover500/k302534408_1.jpg	국내도서>어린이>동화/명작/고전>학습동화	14000							
2025. 11. 3 오후 1:04:26	9788989646075	그림 도둑 준모	오승희 (지은이), 최정인 (그림)	낮은산	2003-05-30	https://image.aladin.co.kr/product/41/65/cover500/8989646073_2.jpg	국내도서>어린이>동화/명작/고전>국내창작동화	12000							
2025. 11. 3 오후 1:04:47	9788970572581	햄스터 덩이와 고양이 리옹	박신식 (지은이), 안은진 (그림)	주니어파랑새(파랑새어린이)	2001-11-30	https://image.aladin.co.kr/product/31/2/cover500/8970572589_1.gif	국내도서>어린이>동화/명작/고전>국내창작동화	7500							
2025. 11. 3 오후 1:04:59	9788900098402	반딧불이 똥구멍에서 빛이 나	이미애 (지은이), 이웅기 (그림)	두산동아	2001-05-29	https://image.aladin.co.kr/product/28/0/cover500/8900098403_2.jpg	국내도서>어린이>과학/수학/컴퓨터>생물과 생명	8500							
2025. 11. 3 오후 1:05:09	9788956899183	나 하나 쯤이야 - 공중도덕	이상배 (지은이), 백명식 (그림)	소담주니어	2013-11-15	https://image.aladin.co.kr/product/3322/9/cover500/8956899185_1.jpg	국내도서>어린이>동화/명작/고전>학습동화	9000							
2025. 11. 3 오후 1:06:16	9788936441418	아빠, 법이 뭐예요?	우리누리 (지은이)	창비	2005-04-05	https://image.aladin.co.kr/product/9/41/cover500/8936441418_2.jpg	국내도서>어린이>동화/명작/고전>국내창작동화	12000							
2025. 11. 3 오후 1:06:33	9788936446796	별 볼 일 없는 4학년 - 주디 블룸 장편동화	주디 블룸 (지은이), 오승민 (그림), 윤여숙 (옮긴이)	창비	2015-07-10	https://image.aladin.co.kr/product/6284/38/cover500/8936446797_1.jpg	국내도서>어린이>동화/명작/고전>세계명작	12000							
2025. 11. 3 오후 1:07:04	9788935502493	원숭이 꽃신 - 주제별 동화선집 2, 역사 바로 알기	어린이도서연구회 (엮은이)	오늘	2001-05-15	https://image.aladin.co.kr/product/11/18/cover500/8935502499_2.jpg	국내도서>어린이>동화/명작/고전>국내창작동화	7000							
2025. 11. 3 오후 1:07:14	9788955600261	초등학생을 위한 탈무드 111가지	세상모든책 편집부 (엮은이)	세상모든책	2002-08-15	https://image.aladin.co.kr/product/37/12/cover500/8955600267_2.jpg	국내도서>어린이>초등 전학년>동화/명작/고전	14000							
2025. 11. 3 오후 1:11:18	9791155818633	Horrible Science - Chemical Chaos: 처음 만나는 과학 영어 수업 - 스콜라스틱×윌북 영어 원서 리딩 프로젝트	닉 아놀드, 지소철 (지은이), 토니 드 솔스 (그림)	윌북주니어	2025-09-23	https://image.aladin.co.kr/product/37087/20/cover500/k812030159_1.jpg	국내도서>어린이>어린이 영어>독해/작문/일기	18500							
2025. 11. 3 오후 1:11:30	9791155818657	Horrible Science - Deadly Diseases : 처음 만나는 과학 영어 수업 - 스콜라스틱×윌북 영어 원서 리딩 프로젝트	닉 아놀드, 지소철 (지은이), 토니 드 솔스 (그림)	윌북주니어	2025-09-23	https://image.aladin.co.kr/product/37086/69/cover500/k972030159_1.jpg	국내도서>어린이>어린이 영어>독해/작문/일기	18500							
2025. 11. 3 오후 1:11:43	9791155818619	Horrible Science - Fatal Forces : 처음 만나는 과학 영어 수업 - 스콜라스틱×윌북 영어 원서 리딩 프로젝트	닉 아놀드, 지소철 (지은이), 토니 드 솔스 (그림)	윌북주니어	2025-09-23	https://image.aladin.co.kr/product/37086/81/cover500/k212030159_1.jpg	국내도서>어린이>어린이 영어>독해/작문/일기	18500							
2025. 11. 3 오후 1:29:36	9788972976189	초등학생을 위한 나의 라임 오렌지나무 (초등용)	J.M. 바스콘셀로스 (지은이), 최수연 (그림), 박동원 (옮긴이)	동녘주니어	2005-08-25	https://image.aladin.co.kr/product/697/75/cover500/s092839882_1.jpg	국내도서>어린이>초등 전학년>동화/명작/고전	13000							
2025. 11. 3 오후 1:29:45	9788915058255	허클베리핀의 모험	마크 트웨인 (지은이), 이갑규 (그림), 한상남 (옮긴이)	삼성출판사	2007-08-01	https://image.aladin.co.kr/product/97/49/cover500/8915058259_1.jpg	국내도서>어린이>초등 전학년>동화/명작/고전	6500							
2025. 11. 3 오후 1:29:55	9788965463030	친절한 악마 씨	크리스티네 뇌스틀링거 (지은이), 한호진 (그림), 전은경 (옮긴이)	밝은미래	2018-03-26	https://image.aladin.co.kr/product/13933/26/cover500/8965463033_1.jpg	국내도서>어린이>동화/명작/고전>외국창작동화	11000							
2025. 11. 3 오후 1:30:15	9788915091337	안네의 일기 (반양장)	최미숙 (그림), 백승자 (옮긴이), 안네 프랑크, 이지훈	삼성출판사	2014-10-01	https://image.aladin.co.kr/product/4699/47/cover500/8915091337_1.jpg	국내도서>어린이>동화/명작/고전>세계명작	3900							
2025. 11. 3 오후 1:30:29	9788971847572	위대한 개츠비	프랜시스 스콧 피츠제럴드 (지은이), 김욱동 (옮긴이)	푸른숲주니어	2007-12-20	https://image.aladin.co.kr/product/102/67/cover500/8971847573_2.jpg	국내도서>청소년>청소년 문학>청소년 소설	13000							
2025. 11. 3 오후 1:30:40	9788915058163	해저 2만리	쥘 베른 (지은이), 오승철 (그림), 정제광 (옮긴이)	삼성출판사	2007-08-01	https://image.aladin.co.kr/product/97/49/cover500/891505816x_1.jpg	국내도서>어린이>동화/명작/고전>세계명작	6500							
2025. 11. 4 오후 6:06:24	9788937424755	소유의 종말	제러미 리프킨 (지은이), 이희재 (옮긴이)	민음사	2001-05-25	https://image.aladin.co.kr/product/27/85/cover500/8937424754_3.jpg	국내도서>사회과학>미래학	22000							
2025. 11. 5 오후 1:37:31	9791161571379	불편한 편의점 2 (단풍 에디션)	김호연 (지은이)	나무옆의자	2022-08-10	https://image.aladin.co.kr/product/30370/64/cover500/s122834213_1.jpg	국내도서>소설/시/희곡>한국소설>2000년대 이후 한국소설	16800						지후	
2025. 11. 5 오후 1:38:01	9791161571188	불편한 편의점 (벚꽃 에디션)	김호연 (지은이)	나무옆의자	2021-04-20	https://image.aladin.co.kr/product/29045/74/cover500/k192836746_2.jpg	국내도서>소설/시/희곡>한국소설>2000년대 이후 한국소설	16800						지후	
2025. 11. 5 오후 1:38:09	9791166815386	프랑켄슈타인 (무삭제 완역본) - 현대판 프로메테우스	메리 셸리 (지은이), 오수원 (옮긴이)	현대지성	2021-05-21	https://image.aladin.co.kr/product/27148/78/cover500/k612731541_2.jpg	국내도서>소설/시/희곡>영미소설	8800							
2025. 11. 5 오후 4:55:16	9788937460388	달과 6펜스	서머싯 몸 (지은이), 송무 (옮긴이)	민음사	2000-06-20	https://image.aladin.co.kr/product/23/77/cover500/s692639624_2.jpg	국내도서>소설/시/희곡>영미소설	10000							
2025. 11. 5 오후 4:55:29	9788937462757	픽션들	호르헤 루이스 보르헤스 (지은이), 송병선 (옮긴이)	민음사	2011-10-21	https://image.aladin.co.kr/product/1373/13/cover500/8937462753_2.jpg	국내도서>소설/시/희곡>스페인/중남미소설	11000							
2025. 11. 5 오후 4:55:40	9788937460678	황야의 이리	헤르만 헤세 (지은이), 김누리 (옮긴이)	민음사	2002-07-30	https://image.aladin.co.kr/product/37/1/cover500/s392934787_1.jpg	국내도서>소설/시/희곡>독일소설	11000							
2025. 11. 5 오후 4:55:51	9788937460371	거미여인의 키스	마누엘 푸익 (지은이), 송병선 (옮긴이)	민음사	2000-06-12	https://image.aladin.co.kr/product/23/69/cover500/s142933054_1.jpg	국내도서>소설/시/희곡>스페인/중남미소설	13000							
2025. 11. 5 오후 4:56:02	9788937462344	참을 수 없는 존재의 가벼움	밀란 쿤데라 (지은이), 이재룡 (옮긴이)	민음사	2009-12-24	https://image.aladin.co.kr/product/610/30/cover500/8937462346_3.jpg	국내도서>소설/시/희곡>세계의 소설>동유럽소설	13000							
2025. 11. 5 오후 4:56:13	9788937462160	성채 2	A. J. 크로닌 (지은이), 이은정 (옮긴이)	민음사	2009-07-24	https://image.aladin.co.kr/product/431/89/cover500/8937462168_2.jpg	국내도서>소설/시/희곡>영미소설	10000							
2025. 11. 5 오후 4:56:27	9788937462153	성채 1	A. J. 크로닌 (지은이), 이은정 (옮긴이)	민음사	2009-07-24	https://image.aladin.co.kr/product/431/88/cover500/893746215x_2.jpg	국내도서>소설/시/희곡>영미소설	10000							
2025. 11. 5 오후 4:56:37	9788935654888	로마인 이야기 15 - 로마 세계의 종언	시오노 나나미 (지은이), 김석희 (옮긴이)	한길사	2007-02-05	https://image.aladin.co.kr/product/87/68/cover500/8935654884_2.jpg	국내도서>역사>서양사>로마사	21000							
2025. 11. 5 오후 4:56:54	9788935654871	로마인 이야기 14 - 그리스도의 승리	시오노 나나미 (지은이), 김석희 (옮긴이)	한길사	2006-02-10	https://image.aladin.co.kr/product/61/91/cover500/8935654876_2.jpg	국내도서>역사>서양사>로마사	17500							
2025. 11. 5 오후 4:57:10	9788935654864	로마인 이야기 13 - 최후의 노력	시오노 나나미 (지은이), 김석희 (옮긴이)	한길사	2005-03-02	https://image.aladin.co.kr/product/54/39/cover500/8935654868_2.jpg	국내도서>역사>서양사>로마사	17500							
2025. 11. 5 오후 4:57:22	9788935654857	로마인 이야기 12 - 위기로 치닫는 제국	시오노 나나미 (지은이), 김석희 (옮긴이)	한길사	2004-02-20	https://image.aladin.co.kr/product/46/13/cover500/893565485x_2.jpg	국내도서>역사>서양사>로마사	18500							
2025. 11. 5 오후 4:57:32	9788935654833	로마인 이야기 11 - 종말의 시작	시오노 나나미 (지은이), 김석희 (옮긴이)	한길사	2003-01-30	https://image.aladin.co.kr/product/39/85/cover500/8935654833_2.jpg	국내도서>역사>서양사>로마사	18500							
2025. 11. 5 오후 4:57:51	9788935653249	로마인 이야기 10 - 모든 길은 로마로 통한다	시오노 나나미 (지은이), 김석희 (옮긴이)	한길사	2002-03-15	https://image.aladin.co.kr/product/33/41/cover500/8935653241_2.jpg	국내도서>역사>서양사>로마사	19000							
2025. 11. 5 오후 4:58:11	9788935652600	로마인 이야기 9 - 현제賢帝의 세기	시오노 나나미 (지은이), 김석희 (옮긴이)	한길사	2000-11-13	https://image.aladin.co.kr/product/25/53/cover500/8935652601_2.jpg	국내도서>역사>서양사>로마사	17500							
2025. 11. 5 오후 4:58:37	9788932900421	개미 1	베르나르 베르베르 (지은이), 이세욱 (옮긴이)	열린책들	1993-06-01	https://image.aladin.co.kr/product/0/52/cover500/8932900426_1.gif	국내도서>소설/시/희곡>프랑스소설	6800							
2025. 11. 5 오후 4:58:50	9788932900438	개미 2	베르나르 베르베르 (지은이)	열린책들	1993-07-01	https://image.aladin.co.kr/product/0/52/cover500/8932900434_1.gif	국내도서>소설/시/희곡>프랑스소설	6800							
2025. 11. 5 오후 4:59:03	9788932900445	개미 3	베르나르 베르베르 (지은이)	열린책들	1993-07-01	https://image.aladin.co.kr/product/0/52/cover500/8932900442_1.gif	국내도서>소설/시/희곡>프랑스소설	6800							
2025. 11. 5 오후 4:59:17	9788932903415	천사들의 제국 -하	베르나르 베르베르 (지은이), 이세욱 (옮긴이)	열린책들	2000-12-25	https://image.aladin.co.kr/product/26/2/cover500/8932903417_1.gif	국내도서>소설/시/희곡>프랑스소설	7500							
2025. 11. 5 오후 4:59:52	9788988091050	위대한 개츠비	F. 스콧 피츠제럴드 (지은이)	피카소	1999-06-30	https://image.aladin.co.kr/img/noimg_b.gif	국내도서>소설/시/희곡>영미소설	7500							
2025. 11. 5 오후 5:00:02	9788970120157	상실 의 시대	村上春樹	출판사정보없음	1994-01-01		Romance	0	NOT_FOR_SALE			470	Google		
2025. 11. 5 오후 5:00:15	9788970120102	댄스, 댄스, 댄스	村上春樹	출판사정보없음	1988-01-01		분류 없음	0	NOT_FOR_SALE			정보없음	Google		
2025. 11. 5 오후 5:00:30	9788970122113	세계의 끝과 하드보일드 원더랜드 1	무라카미 하루키 (지은이), 김진욱 (옮긴이)	문학사상사	1996-06-28	https://image.aladin.co.kr/product/7/98/cover500/8970122117_2.jpg	국내도서>소설/시/희곡>일본소설>1950년대 이후 일본소설	13800							
2025. 11. 5 오후 5:00:40	9788970122120	세계의 끝과 하드보일드 원더랜드 2	무라카미 하루키 (지은이), 김진욱 (옮긴이)	문학사상사	1996-06-28	https://image.aladin.co.kr/product/7/98/cover500/8970122125_3.jpg	국내도서>소설/시/희곡>일본소설>1950년대 이후 일본소설	13800							
2025. 11. 5 오후 5:01:47	9788985247900	바람의 노래를 들어라	무라카미 하루키 (지은이), 김춘미 (옮긴이)	한양출판	1991-08-01	https://image.aladin.co.kr/product/5/62/cover500/8985247905_1.gif	국내도서>소설/시/희곡>일본소설>1950년대 이후 일본소설	5500							
2025. 11. 5 오후 5:01:59	9788957590768	천사와 악마 1	댄 브라운 (지은이), 양선아 (옮긴이)	북스캔(대교북스캔)	2004-09-30	https://image.aladin.co.kr/product/51/77/cover500/8957590765_1.gif	국내도서>소설/시/희곡>추리/미스터리소설>영미 추리/미스터리소설	8800							
2025. 11. 5 오후 5:02:33	9788957590775	천사와 악마 2	댄 브라운 (지은이), 양선아 (옮긴이)	북스캔(대교북스캔)	2004-09-30	https://image.aladin.co.kr/product/51/77/cover500/8957590773_1.jpg	국내도서>소설/시/희곡>추리/미스터리소설>영미 추리/미스터리소설	8800							
2025. 11. 5 오후 5:02:43	9788997924004	프로그래머로 산다는 것 - 프로그래머의 길을 생각한다	김성박, 황상철, 이상민, 유석문, 하호진 (지은이)	로드북	2012-09-26	https://image.aladin.co.kr/product/1974/1/cover500/8997924001_1.jpg	국내도서>컴퓨터/모바일>프로그래밍 개발/방법론>프로그래밍 기초/개발 방법론	14800							
2025. 11. 5 오후 5:02:55	9788995300961	Professional 소프트웨어 개발	스티브 맥코넬 (지은이), 윤준호, 한지윤 (옮긴이)	인사이트	2003-10-22	https://image.aladin.co.kr/product/43/69/cover500/8995300965_1.gif	국내도서>컴퓨터/모바일>프로그래밍 개발/방법론>프로그래밍 기초/개발 방법론	13000							
2025. 11. 5 오후 5:03:15	9788966260058	소프트웨어 프로젝트 생존 전략 (무선)	스티브 맥코넬 (지은이), 류미경, 이종철, 김덕규 (옮긴이)	인사이트	2011-06-05	https://image.aladin.co.kr/product/1194/61/cover500/8966260055_1.jpg	국내도서>컴퓨터/모바일>프로그래밍 개발/방법론>프로그래밍 기초/개발 방법론	19800							
2025. 11. 5 오후 5:03:39	9788960774384	미래를 바꾼 아홉 가지 알고리즘 - 컴퓨터 세상을 만든 기발한 아이디어들	존 맥코믹 (지은이), 민병교 (옮긴이)	에이콘출판	2013-05-31	https://image.aladin.co.kr/product/2683/75/cover500/8960774383_1.jpg	국내도서>컴퓨터/모바일>컴퓨터 공학>자료구조/알고리즘	18800							
2025. 11. 5 오후 5:04:02	9788937483943	스티브 잡스 (양장본)	월터 아이작슨 (지은이), 안진환 (옮긴이)	민음사	2011-10-24	https://image.aladin.co.kr/product/1338/36/cover500/8937483947_1.jpg	국내도서>경제경영>기업/경영자 스토리>국외 기업/경영자	25000							
2025. 11. 5 오후 5:05:21	9788937463365	좁은 문 / 전원교향곡 / 배덕자	앙드레 지드 (지은이), 동성식 (옮긴이)	민음사	2015-07-31	https://image.aladin.co.kr/product/6419/59/cover500/8937463369_1.jpg	국내도서>소설/시/희곡>프랑스소설	14000							
2025. 11. 5 오후 5:05:36	9788937463433	시지프 신화	알베르 카뮈 (지은이), 김화영 (옮긴이)	민음사	2016-06-17	https://image.aladin.co.kr/product/8607/44/cover500/8937463431_1.jpg	국내도서>에세이>외국에세이	12000							
2025. 11. 5 오후 9:15:29	9788971844724	위대한 유산	찰스 디킨스 (지은이), 왕은철 (옮긴이)	푸른숲주니어	2006-07-31	https://image.aladin.co.kr/product/67/51/cover500/8971844728_3.jpg	국내도서>청소년>청소년 문학>청소년 소설	13000							
2025. 11. 5 오후 10:24:37	9791187011002														
2025. 11. 5 오후 10:24:49	9791195657315	주홍색 연구 - 개정판	아서 코난 도일 (지은이), 바른번역 (옮긴이), 박광규 (감수)	코너스톤	2016-01-01	https://image.aladin.co.kr/product/7148/20/cover500/k232434094_1.jpg	국내도서>소설/시/희곡>추리/미스터리소설>영미 추리/미스터리소설	3200							
2025. 11. 5 오후 10:24:58	9791195657322	네 사람의 서명 - 개정판	아서 코난 도일 (지은이), 바른번역 (옮긴이), 박광규 (감수)	코너스톤	2016-01-01	https://image.aladin.co.kr/product/7167/11/cover500/k732434196_1.jpg	국내도서>소설/시/희곡>추리/미스터리소설>영미 추리/미스터리소설	7900							
2025. 11. 5 오후 10:25:08	9791195657339	바스커빌가의 사냥개 - 개정판	아서 코난 도일 (지은이), 바른번역 (옮긴이), 박광규 (감수)	코너스톤	2016-01-01	https://image.aladin.co.kr/product/7167/27/cover500/k062434197_1.jpg	국내도서>소설/시/희곡>추리/미스터리소설>영미 추리/미스터리소설	4300							
2025. 11. 5 오후 10:25:18	9791195657346	공포의 계곡 - 개정판	아서 코난 도일 (지은이), 바른번역 (옮긴이), 박광규 (감수)	코너스톤	2016-01-01	https://image.aladin.co.kr/product/7170/84/cover500/k122434291_1.jpg	국내도서>소설/시/희곡>추리/미스터리소설>영미 추리/미스터리소설	4300							
2025. 11. 5 오후 10:25:35	9791195657353	셜록 홈즈의 모험 - 개정판	아서 코난 도일 (지은이), 바른번역 (옮긴이), 박광규 (감수)	코너스톤	2016-01-01	https://image.aladin.co.kr/product/7201/58/cover500/k712434491_1.jpg	국내도서>소설/시/희곡>추리/미스터리소설>영미 추리/미스터리소설	5400							
2025. 11. 5 오후 10:25:46	9791195657360	셜록 홈즈의 회고록 - 개정판	아서 코난 도일 (지은이), 박광규, 바른번역 (옮긴이)	코너스톤	2016-01-01	https://image.aladin.co.kr/product/7201/62/cover500/k852434491_1.jpg	국내도서>소설/시/희곡>추리/미스터리소설>영미 추리/미스터리소설	9900							
2025. 11. 5 오후 10:25:59	9791195657377	셜록 홈즈의 귀환 - 개정판	아서 코난 도일 (지은이), 바른번역 (옮긴이), 박광규 (감수)	코너스톤	2016-01-01	https://image.aladin.co.kr/product/7201/43/cover500/k432434491_1.jpg	국내도서>소설/시/희곡>추리/미스터리소설>영미 추리/미스터리소설	5400							
2025. 11. 5 오후 10:26:09	9791195657384	그의 마지막 인사 - 개정판	아서 코난 도일 (지은이), 바른번역 (옮긴이), 박광규 (감수)	코너스톤	2016-01-01	https://image.aladin.co.kr/product/7201/47/cover500/k562434491_1.jpg	국내도서>소설/시/희곡>추리/미스터리소설>영미 추리/미스터리소설	4300							
2025. 11. 5 오후 10:26:19	9791195657391	셜록 홈즈의 사건집 - 개정판	아서 코난 도일 (지은이), 바른번역 (옮긴이), 박광규 (감수)	코너스톤	2016-01-01	https://image.aladin.co.kr/product/7200/7/cover500/k972434499_1.jpg	국내도서>소설/시/희곡>추리/미스터리소설>영미 추리/미스터리소설	4300							
2025. 11. 5 오후 10:28:11	9791192667591	음과 음 사이에서 - 아르보 패르트의 음악 여정	요나스 실드레 (지은이), 신호경 (옮긴이)	마르코폴로	2024-10-28	https://image.aladin.co.kr/product/34822/82/cover500/k722933638_1.jpg	국내도서>만화>그래픽노블	25000							
2025. 11. 5 오후 10:34:38	9780471599890	Advanced Engineering Mathematics	Erwin Kreyszig	출판사 정보 없음	1993-0-01		Engineering	0	NOT_FOR_SALE			128	Google		
2025. 11. 6 오후 1:46:29	9788915058200	올리버 트위스트	찰스 디킨스 (지은이), 허수진 (그림), 한상숙 (옮긴이)	삼성출판사	2007-08-01	https://image.aladin.co.kr/product/97/49/cover500/8915058208_2.jpg	국내도서>어린이>초등 전학년>동화/명작/고전	6500							
2025. 11. 6 오후 1:46:41	9788915032866	지킬박사와 하이드	로버트 루이스 스티븐슨 (지은이), 한상남 (엮은이), 윤종태 (그림)	삼성출판사	2003-08-01	https://image.aladin.co.kr/product/42/79/cover500/8915032861_2.jpg	국내도서>어린이>동화/명작/고전>세계명작	6500							
2025. 11. 6 오후 3:34:41	9788952709714	제임스와 슈퍼 복숭아	로알드 달 (지은이), 퀀틴 블레이크 (그림), 지혜연 (옮긴이)	시공주니어	2000-12-20	https://image.aladin.co.kr/product/26/24/cover500/8952709713_1.jpg	국내도서>어린이>동화/명작/고전>외국창작동화	7000							
2025. 11. 6 오후 3:34:51	9788955479959	가짜과학 세상을 여행하는 팩트체커를 위한 안내서	선정수 (지은이)	빚은책들	2023-04-14	https://image.aladin.co.kr/product/31438/74/cover500/8955479956_1.jpg	국내도서>과학>기초과학/교양과학	15000							
2025. 11. 6 오후 3:35:07	9788915032934	80일간의 세계일주	쥘 베른 (지은이), 이영옥 (엮은이), 오승철 (그림)	삼성출판사	2003-08-01	https://image.aladin.co.kr/product/42/79/cover500/8915032934_1.jpg	국내도서>어린이>동화/명작/고전>세계명작	6500							
2025. 11. 6 오후 3:35:23	9791192056586	아큐정전	루쉰 (지은이), 와이 (옮긴이)	계수나무	2022-06-05	https://image.aladin.co.kr/product/29537/62/cover500/k352837952_1.jpg	국내도서>어린이>동화/명작/고전>세계명작	12000							
2025. 11. 6 오후 3:37:40	9788949190723	청소년을 위한 경제의 역사	니콜라우스 피퍼 (지은이), 알요샤 블라우 (그림), 유혜자 (옮긴이)	비룡소	2006-05-29	https://image.aladin.co.kr/product/65/86/cover500/8949190729_3.jpg	국내도서>청소년>청소년 경제	14000							
2025. 11. 6 오후 3:39:44	9788915032842	죄와 벌	표도르 도스토예프스키 (지은이), 안희웅 (엮은이), Atlier Moon Stone (그림)	삼성출판사	2003-08-01	https://image.aladin.co.kr/product/42/79/cover500/8915032845_1.jpg	국내도서>어린이>동화/명작/고전>세계명작	6500							
2025. 11. 7 오후 10:21:25	9780345370778	Jurassic Park (Mass Market Paperback)	마이클 크라이튼 (지은이)	Ballantine Books	1991-11-13	https://image.aladin.co.kr/product/92/45/cover500/0345370775_1.jpg	외국도서>소설/시/희곡>소설>스릴러>일반	9500							
2025. 11. 7 오후 10:22:00	9780441478125	The Left Hand of Darkness (Mass Market Paperback)	어슐러 K. 르 귄 (지은이)	Ace Books	1987-03-15	https://image.aladin.co.kr/product/94/72/cover500/0441478123_1.jpg	외국도서>소설/시/희곡>소설>SF>외계생명체	15400							
2025. 11. 7 오후 10:22:24	9780345330123	The Door into Summer (Paperback)	로버트 A. 하인라인 (지은이)	Del Rey	1993-10-01	https://image.aladin.co.kr/product/131/35/cover500/0345330129_1.jpg	외국도서>소설/시/희곡>소설>SF>일반	12580							
2025. 11. 7 오후 10:22:39	9780345417626	Timeline (Mass Market Paperback)	마이클 크라이튼 (지은이)	Ballantine Books	2000-10-24	https://image.aladin.co.kr/product/47/20/cover500/0345417623_2.jpg	외국도서>소설/시/희곡>소설>스릴러>테크놀로지	10700							
2025. 11. 7 오후 10:23:16	9780345330130	Double Star (Paperback, Reprint)	로버트 A. 하인라인 (지은이)	Del Rey	1986-11-01	https://image.aladin.co.kr/product/116/12/cover500/0345330137_1.jpg	외국도서>소설/시/희곡>소설>SF>일반	8910							
2025. 11. 7 오후 10:45:43	9788952961563	바람계곡의 나우시카 박스판 - 전7권	미야자키 하야오 (지은이)	학산문화사(만화)	2010-02-01	https://image.aladin.co.kr/product/295/90/cover500/8925825643_1.jpg	국내도서>만화>본격장르만화>판타지>드라마틱 판타지	42000							
2025. 11. 8 오전 10:48:27	9788974832537	유토피아	토머스 모어 (지은이), 나종일 (옮긴이)	서해문집	2005-06-07	https://image.aladin.co.kr/product/56/58/cover500/8974832534_1.jpg	국내도서>청소년>청소년 고전	12900	재고정보없음	서해클래식 4		189			
2025. 11. 8 오후 8:49:26	9788952741806	돈키호테	미겔 데 세르반테스 사아베드라 (지은이), 박철 (옮긴이)	시공사	2004-11-16	https://image.aladin.co.kr/product/52/77/cover500/8952741803_2.jpg	국내도서>소설/시/희곡>스페인/중남미소설	16000	구판절판	시리즈정보없음		732			
2025. 11. 8 오후 8:49:42	9780385504201	The Da Vinci Code (Hardcover)	댄 브라운 (지은이)	doubleday	2003-03-18	https://image.aladin.co.kr/product/134/35/cover500/0385504209_2.jpg	외국도서>소설/시/희곡>소설>스릴러>서스펜스	69820	재고정보없음	시리즈정보없음		464			
2025. 11. 8 오후 8:50:12	9788970123646	모택동비록 - 상	산케이 신문 특별 취재반 (지은이), 임홍빈 (옮긴이)	문학사상사	2001-01-15	https://image.aladin.co.kr/product/26/28/cover500/8970123644_1.gif	국내도서>대학교재/전문서적>사회과학계열>정치외교학	9800	절판	시리즈정보없음		382			
2025. 11. 8 오후 8:50:23	9788970123653	모택동비록 -하	산케이 신문 특별 취재반 (지은이), 임홍빈 (옮긴이)	문학사상사	2001-01-15	https://image.aladin.co.kr/product/26/28/cover500/8970123652_1.jpg	국내도서>대학교재/전문서적>사회과학계열>정치외교학	9800	절판	시리즈정보없음		382			
2025. 11. 8 오후 8:50:36	9788934903321	이 시대를 사는 따뜻한 사람들의 이야기 1	이민정 (지은이)	김영사	2004-05-03	https://image.aladin.co.kr/product/11/60/cover500/8934903325_1.gif	국내도서>에세이>한국에세이	9900	구판절판	시리즈정보없음		328			
2025. 11. 8 오후 8:51:11	9788994013503	내가 알고 있는 걸 당신도 알게 된다면 - 전세계가 주목한 코넬대학교의 &quot;인류 유산 프로젝트&quot;	칼 필레머 (지은이), 박여진 (옮긴이)	토네이도	2012-05-12	https://image.aladin.co.kr/product/1672/10/cover500/8994013504_2.jpg	국내도서>자기계발>성공>성공학	14000	절판	시리즈정보없음		344			
2025. 11. 8 오후 9:40:40	9788965961956	숨결이 바람 될 때 - 서른여섯 젊은 의사의 마지막 순간	폴 칼라니티 (지은이), 이종인 (옮긴이)	흐름출판	2016-08-19	https://image.aladin.co.kr/product/8992/81/cover500/8965961955_1.jpg	국내도서>에세이>외국에세이	16800	재고정보없음	시리즈정보없음		284			
2025. 11. 8 오후 9:50:55	9788960172685	신들의 전쟁 (상)	닐 게이먼 (지은이), 장용준 (옮긴이)	황금가지	2008-11-14	https://image.aladin.co.kr/product/282/48/cover500/8960172685_1.jpg	국내도서>소설/시/희곡>판타지/환상문학>외국판타지/환상소설	13000	구판절판	환상문학전집 25		411			
2025. 11. 8 오후 10:12:18	9788974422479	기업 성장을 방해하는 10가지 증상	에릭 플램홀츠, 이본 랜들 (지은이), 이광준 (옮긴이)	매일경제신문사	2002-12-30	https://image.aladin.co.kr/product/39/40/cover500/8974422476_1.gif	국내도서>경제경영>기업 경영>경영전략/혁신	20000	품절	매경 Leader's Book 2		466			
2025. 11. 8 오후 10:12:38	9788984056343	리틀 빅 씽 The Little Big Things - 사소함이 만드는 위대한 성공 법칙	톰 피터스 (지은이), 최은수, 황미리 (옮긴이)	더난출판사	2010-07-30	https://image.aladin.co.kr/product/742/64/cover500/8984056340_1.jpg	국내도서>경제경영>CEO/비즈니스맨을 위한 능력계발>성공학/경력관리	18000	절판	시리즈정보없음		440			
2025. 11. 8 오후 10:15:55	9788960510197	나쁜 사마리아인들 - 장하준의 경제학 파노라마	장하준 (지은이), 이순희 (옮긴이)	부키	2007-10-10	https://image.aladin.co.kr/product/98/86/cover500/896051019x_2.jpg	국내도서>경제경영>경제학/경제일반>경제사/경제전망>세계 경제사/경제전망	14000	구판절판	시리즈정보없음		384			
2025. 11. 8 오후 10:17:24	9788985712101	깊은 슬픔	신경숙	출판사 정보 없음											
2025. 11. 8 오후 10:17:45	9788985712118	깊은 슬픔 -하	신경숙 (지은이)	문학동네	1994-03-01	https://image.aladin.co.kr/product/2/54/cover500/898571211x_1.gif	국내도서>소설/시/희곡>한국소설>2000년대 이전 한국소설	8000	절판	시리즈정보없음		280			
2025. 11. 8 오후 10:18:01	9788933800744	남쪽 계단을 보라	윤대녕 (지은이)	세계사	1995-09-01	https://image.aladin.co.kr/product/2/96/cover500/8933800743_1.jpg	국내도서>소설/시/희곡>한국소설>2000년대 이전 한국소설	6000	구판절판	시리즈정보없음		298			
2025. 11. 8 오후 10:21:06	9788932906379	그리스인 조르바	니코스 카잔차키스 (지은이), 이윤기 (옮긴이)	열린책들	2006-02-25	https://image.aladin.co.kr/product/62/65/cover500/8932906378_1.jpg	국내도서>소설/시/희곡>세계의 소설>기타 국가 소설	7800	절판	Mr. Know 세계문학 5		382			
2025. 11. 8 오후 11:03:05	9788957090541	불안	알랭 드 보통 (지은이), 정영목 (옮긴이)	이레	2005-10-15	https://image.aladin.co.kr/product/59/18/cover500/8957090541_1.jpg	국내도서>에세이>외국에세이	13000	구판절판	시리즈정보없음		400			
2025. 11. 8 오후 11:12:22	9788983710093	상대성 이론의 참뜻	버트런드 러셀 (지은이), 김영대 (옮긴이)	사이언스북스	1997-06-30	https://image.aladin.co.kr/product/7/25/cover500/8983710098_1.gif	국내도서>과학>물리학>상대성이론	7500	절판	시리즈정보없음		182			
2025. 11. 8 오후 11:12:32	9788971460047	상대성이론의 세계	제임스 콜먼 (지은이)	다문	1993-04-01	https://image.aladin.co.kr/img/noimg_b.gif	국내도서>과학>물리학>상대성이론	5000	재고정보없음	시리즈정보없음		216			
2025. 11. 8 오후 11:17:16	9788934921073	평행우주 - 우리가 알고 싶은 우주에 대한 모든 것	미치오 카쿠 (지은이), 박병철 (옮긴이)	김영사	2006-03-09	https://image.aladin.co.kr/product/63/31/cover500/8934921072_2.jpg	국내도서>과학>물리학>현대물리학	28000	재고정보없음	시리즈정보없음		616			
2025. 11. 8 오후 11:22:26	9788992448048	에라스무스 격언집	에라스무스 (지은이), 김태권 (그림), 김남우 (옮긴이)	아모르문디	2009-05-30	https://image.aladin.co.kr/product/387/15/cover500/899244804x_1.jpg	국내도서>인문학>서양철학>중세철학>중세철학 일반	14000	절판	시리즈정보없음		292			
2025. 11. 8 오후 11:37:57	9788959753321	괴짜 야구 경제학 - 경제학이 발가벗긴 야구의 비밀	J. C. 브래드버리 (지은이), 정우영 (옮긴이)	한즈미디어(한스미디어)	2011-05-26	https://image.aladin.co.kr/product/1182/25/cover500/8959753327_1.jpg	국내도서>건강/취미>구기>야구	15000	절판	시리즈정보없음		380			
2025. 11. 8 오후 11:38:15	9788975941566	신사고 이론 20	이면우 (지은이)	삶과꿈	1995-10-01	https://image.aladin.co.kr/img/noimg_b.gif	국내도서>컴퓨터/모바일>중고매입용컴퓨터	5000	절판	시리즈정보없음		200			
2025. 11. 8 오후 11:38:25	9788965700074	지금, 경계선에서 - 오래된 믿음에 대한 낯선 통찰	레베카 코스타 (지은이), 장세현 (옮긴이)	쌤앤파커스	2011-02-01	https://image.aladin.co.kr/product/868/54/cover500/8965700078_1.jpg	국내도서>인문학>교양 인문학	22000	품절	시리즈정보없음		496			
2025. 11. 8 오후 11:38:41	9788996185543	지금 당장 경제공부 시작하라	최진기 (지은이)	한빛비즈	2009-05-28	https://image.aladin.co.kr/product/371/1/cover500/899618554x_3.jpg	국내도서>경제경영>경제학/경제일반>경제이야기	18500	구판절판	경제에 통하는 책 3		432			
2025. 11. 8 오후 11:40:37	9788901065229	괴짜 경제학 (개정증보판) - 상식과 통념을 깨는 천재 경제학자의 세상 읽기	스티븐 레빗, 스티븐 더브너 (지은이), 안진환 (옮긴이)	웅진지식하우스	2007-04-25	https://image.aladin.co.kr/product/91/13/cover500/8901065223_2.jpg	국내도서>경제경영>경제학/경제일반>경제이야기	20000	재고정보없음	Economic Discovery 시리즈 4		414			
2025. 11. 8 오후 11:42:34	9788942389032	부분과 전체	저자정보없음	출판사 정보 없음	1995-01-01		분류 없음	0	NOT_FOR_SALE			372			
2025. 11. 8 오후 11:48:40	9788976440600	시스템 다이내믹스	김도훈 (지은이)	대영문화사	1999-02-20	https://image.aladin.co.kr/product/47/16/cover500/8976440609_1.jpg	국내도서>대학교재/전문서적>사회과학계열>행정학	10000	재고정보없음	시리즈정보없음		262			
2025. 11. 9 오전 12:10:28	9788983710444	파인만 씨, 농담도 잘하시네! 1	리처드 파인만 (지은이), 김희봉 (옮긴이)	사이언스북스	2000-05-19	https://image.aladin.co.kr/product/23/42/cover500/8983710446_2.jpg	국내도서>과학>과학자의 생애	9000	재고정보없음	리처드 파인만 시리즈 4		229			
2025. 11. 9 오전 12:11:00	9788983710451	파인만 씨, 농담도 잘하시네! 2	리처드 파인만 (지은이), 김희봉 (옮긴이)	사이언스북스	2000-05-19	https://image.aladin.co.kr/product/23/42/cover500/8983710454_2.jpg	국내도서>과학>과학자의 생애	9000	재고정보없음	리처드 파인만 시리즈 5		274			
2025. 11. 9 오전 12:32:36	9788992717069	[보급판] 스키너의 심리상자 열기 - 세상을 뒤바꾼 위대한 심리 실험 10장면, 특별보급판	로렌 슬레이터 (지은이), 조증열 (옮긴이)	에코의서재	2008-01-25	https://image.aladin.co.kr/product/170/8/cover500/8992717067_1.jpg	국내도서>인문학>심리학/정신분석학>교양 심리학	9500	절판	시리즈정보없음		363			
2025. 11. 9 오전 12:44:21	9780887306310	Yes or No (Paperback)	스펜서 존슨, Johnson, Spencer (지은이)	Harper Business	1993-06-04	https://image.aladin.co.kr/product/92/79/cover500/0887306314_2.jpg	외국도서>경제경영>의사결정/문제해결	21900	재고정보없음	시리즈정보없음		112			
2025. 11. 9 오전 9:22:03	9788937426308	로마제국 쇠망사 세트 - 전6권	에드워드 기번 (지은이), 송은주 (옮긴이)	민음사	2010-03-31	https://image.aladin.co.kr/product/681/77/cover500/8937426307_1.jpg	국내도서>역사>서양사>로마사	180000	재고정보없음	로마제국 쇠망사 		4150			
2025. 11. 9 오전 9:22:57	9791158887605	듄 신장판 1~6 세트 - 전6권	프랭크 허버트 (지은이), 김승욱 (옮긴이)	황금가지	2021-01-22	https://image.aladin.co.kr/product/26297/19/cover500/k132738793_2.jpg	국내도서>소설/시/희곡>과학소설(SF)>외국 과학소설	120000	재고정보없음	시리즈정보없음		4304			
2025. 11. 9 오전 9:23:33	9788991221437	한국사 편지 세트 - 전5권 - 개정판	박은봉 (지은이), 류동필 (그림)	책과함께어린이	2009-02-23	https://image.aladin.co.kr/product/411/19/cover500/s412832368_1.jpg	국내도서>어린이>초등 한국사	79000	재고정보없음	12살부터 읽는 책과함께 역사편지 		1500			
2025. 11. 9 오전 9:23:50	9788994780047	처음으로 만나는 삼국지 1 - 복숭아밭에서 맺은 의형제	김민수 (글), 나관중 (원작), 이현세 (그림)	녹색지팡이	2011-02-20	https://image.aladin.co.kr/product/1098/37/cover500/8994780041_1.jpg	국내도서>어린이>동화/명작/고전>어린이를 위한 고전	11000	재고정보없음	처음으로 만나는 삼국지 1		200			
2025. 11. 9 오전 9:24:05	9788994780054	처음으로 만나는 삼국지 2 - 모여드는 영웅들	김민수 (글), 나관중 (원작), 이현세 (그림)	녹색지팡이	2011-02-20	https://image.aladin.co.kr/product/1098/48/cover500/899478005x_1.jpg	국내도서>어린이>동화/명작/고전>어린이를 위한 고전	11000	재고정보없음	처음으로 만나는 삼국지 2		200			
2025. 11. 9 오전 9:24:18	9788994780061	처음으로 만나는 삼국지 3 - 불타는 적벽	김민수 (글), 나관중 (원작), 이현세 (그림)	녹색지팡이	2011-02-20	https://image.aladin.co.kr/product/1098/48/cover500/8994780068_1.jpg	국내도서>어린이>동화/명작/고전>어린이를 위한 고전	11000	재고정보없음	처음으로 만나는 삼국지 3		200			
2025. 11. 9 오전 9:24:38	9788994780078	처음으로 만나는 삼국지 4 - 셋으로 나누어진 나라	김민수 (글), 나관중 (원작), 이현세 (그림)	녹색지팡이	2011-02-20	https://image.aladin.co.kr/product/1098/48/cover500/8994780076_1.jpg	국내도서>어린이>동화/명작/고전>어린이를 위한 고전	11000	재고정보없음	처음으로 만나는 삼국지 4		200			
2025. 11. 9 오전 9:24:47	9788994780085	처음으로 만나는 삼국지 5 - 천하통일	김민수 (글), 나관중 (원작), 이현세 (그림)	녹색지팡이	2011-02-20	https://image.aladin.co.kr/product/1098/48/cover500/8994780084_1.jpg	국내도서>어린이>동화/명작/고전>어린이를 위한 고전	11000	재고정보없음	처음으로 만나는 삼국지 5		200			
2025. 11. 9 오전 9:26:46	9788931924404	페스트	알베르 카뮈 (지은이), 이동렬 (옮긴이)	지경사	2012-01-15	https://image.aladin.co.kr/product/1479/79/cover500/8931924402_1.jpg	국내도서>어린이>동화/명작/고전>세계명작	6500	절판	논술대비 초등학생을 위한 세계명작 101		190			
2025. 11. 9 오전 9:27:04	9788992751780	아름다운 부자 이야기 - 초등학생이 꼭 읽어야 할 말랑말랑 우리 문화 지식백과	신현배 (지은이), 양동석 (그림)	현문미디어	2009-10-09	https://image.aladin.co.kr/product/477/49/cover500/8992751788_1.jpg	국내도서>어린이>문화/예술/인물>한국전통문화	10000	절판	소중한 우리 문화 지식여행 8		199			
2025. 11. 9 오전 9:27:25	9788934969020	헤겔 아저씨네 희망복지관	함영연 (지은이), 강경수 (그림), 심옥숙	주니어김영사	2014-09-25	https://image.aladin.co.kr/product/4679/19/cover500/8934969024_1.jpg	국내도서>어린이>동화/명작/고전>학습동화	11500	재고정보없음	인성의 기초를 잡아주는 처음 인문학동화 10		168			
2025. 11. 9 오전 9:28:02	9788925563008	조지의 우주 보물찾기 2 - 개정판	스티븐 호킹, 루시 호킹 (지은이), 김혜원 (옮긴이)	주니어RHK(주니어랜덤)	2018-02-21	https://image.aladin.co.kr/product/13514/91/cover500/8925563002_1.jpg	국내도서>어린이>동화/명작/고전>외국창작동화	11000	재고정보없음	스티븐 호킹의 우주 과학 동화 		204			
2025. 11. 9 오전 9:28:11	9788925562612	조지의 우주를 여는 비밀 열쇠 2 - 개정판	스티븐 호킹, 루시 호킹 (지은이), 김혜원 (옮긴이)	주니어RHK(주니어랜덤)	2018-01-15	https://image.aladin.co.kr/product/12864/43/cover500/8925562618_1.jpg	국내도서>어린이>동화/명작/고전>외국창작동화	11000	재고정보없음	스티븐 호킹의 우주 과학 동화 		200			
2025. 11. 9 오전 9:28:24	9788925562995	조지의 우주 보물찾기 1 - 개정판	스티븐 호킹, 루시 호킹 (지은이), 김혜원 (옮긴이)	주니어RHK(주니어랜덤)	2018-02-21	https://image.aladin.co.kr/product/13515/62/cover500/8925562995_1.jpg	국내도서>어린이>동화/명작/고전>외국창작동화	11000	품절	스티븐 호킹의 우주 과학 동화 		196			
2025. 11. 9 오전 9:28:35	9788925562605	조지의 우주를 여는 비밀 열쇠 1 - 개정판	스티븐 호킹, 루시 호킹 (지은이), 김혜원 (옮긴이)	주니어RHK(주니어랜덤)	2018-01-15	https://image.aladin.co.kr/product/12864/2/cover500/892556260x_1.jpg	국내도서>어린이>동화/명작/고전>외국창작동화	11000	재고정보없음	스티븐 호킹의 우주 과학 동화 		208			
2025. 11. 9 오전 9:28:53	9788934955641	코페르니쿠스와 과학 혁명	손영운 (지은이), 이동철 (그림)	주니어김영사	2018-02-12	https://image.aladin.co.kr/product/15337/71/cover500/k882533227_1.jpg	국내도서>어린이>사회/역사/철학>세계사	13000	재고정보없음	세계 석학들이 뽑은 만화 세계대역사 50사건 20		216			
2025. 11. 9 오전 9:29:10	9788989192572	종의 기원 - 다윈이 들려주는 신비한 진화 이야기	한진영 (지은이), 김주리 (그림)	파란자전거	2006-10-30	https://image.aladin.co.kr/product/85/17/cover500/8989192579_1.jpg	국내도서>어린이>동화/명작/고전>어린이를 위한 고전	11900	재고정보없음	파란클래식 8		144			
2025. 11. 9 오전 11:45:48	9788915058217	몽테크리스토 백작	알렉상드르 뒤마 (지은이), 김명자 (그림), 한상숙 (옮긴이)	삼성출판사	2007-08-01	https://image.aladin.co.kr/product/97/49/cover500/8915058216_1.jpg	국내도서>어린이>초등 전학년>동화/명작/고전	6500	절판	삼성 어린이 세계명작 (고학년) 36		255			
2025. 11. 9 오전 11:46:37	9788974146566	대항해 시대 사람들은 어떤 생각을 했을까? - 중세의 바다를 건너 근대 자본주의로 항해한	김지혜 (글), 블루마크	푸른나무	2015-11-18	https://image.aladin.co.kr/product/7070/83/cover500/8974146568_1.jpg	국내도서>어린이>초등5~6학년>상식/교양	11000	절판	생각의 탄생 		206			
2025. 11. 9 오전 11:47:01	9788989863700	히틀러의 딸	재키 프렌치 (지은이), 기타미 요코 (그림), 공경희 (옮긴이)	북뱅크	2008-12-05	https://image.aladin.co.kr/product/275/72/cover500/8989863708_1.jpg	국내도서>어린이>동화/명작/고전>외국창작동화	8500	재고정보없음	시리즈정보없음		202			
2025. 11. 9 오전 11:47:28	9788964960479	파인만, 과학을 웃겨 주세요 - 장난치고 싶어서 엉덩이가 근질근질하다고?, 과학자	김성화.권수진 (지은이)	탐	2011-11-07	https://image.aladin.co.kr/product/1386/25/cover500/8964960475_1.jpg	국내도서>청소년>청소년 인물	13000	재고정보없음	내가 꿈꾸는 사람 2		200			
2025. 11. 9 오전 11:48:34	9788954413848	과학공화국 수학법정 5 - 확률과 통계	정완상 (지은이)	자음과모음	2007-05-31	https://image.aladin.co.kr/product/92/49/cover500/8954413846_1.jpg	국내도서>청소년>청소년 수학/과학	14500	재고정보없음	과학공화국 법정 시리즈 25		264			
2025. 11. 9 오전 11:48:53	9788954402606	과학공화국 수학법정 1 - 수학의 기초	정완상 (지은이)	자음과모음	2005-02-04	https://image.aladin.co.kr/product/54/10/cover500/8954402607_2.jpg	국내도서>청소년>청소년 수학/과학	14500	재고정보없음	과학공화국 법정 시리즈 5		258			
2025. 11. 9 오후 5:30:00	8934901845	죽은경제학자의살아있는아이디어	Todd G. Buchholz	출판사정보없음	1994-01-01		Economics	0	NOT_FOR_SALE			388	Google		
2025. 11. 9 오후 8:21:42	9788955725728	명탐정 셜록 홈즈의 귀환 - 완역판	아서 코난 도일 (지은이), 엔터스코리아 (옮긴이)	글송이	2004-04-27	https://image.aladin.co.kr/product/8168/36/cover500/k882434347_1.jpg	국내도서>어린이>동화/명작/고전>세계명작	10000	구판절판	초등학생을 위한 추리소설 3		286	ALADIN	지후	
2025. 11. 9 오후 8:21:51	9788955725773	명탐정 셜록 홈즈의 공포의 계곡	아서 코난 도일 (지은이), 엔터스 코리아 (옮긴이)	글송이	2010-10-19	https://image.aladin.co.kr/product/796/18/cover500/8955725779_1.jpg	국내도서>어린이>동화/명작/고전>세계명작	10000	절판	초등학생을 위한 추리소설 9		296	ALADIN	지후	
2025. 11. 9 오후 8:22:01	9788955725704	명탐정 셜록 홈즈의 모험 - 완역판	아서 코난 도일 (지은이), 노경해 (그림), 엔터스 코리아 (옮긴이)	글송이	2004-06-16	https://image.aladin.co.kr/product/737/51/cover500/8955725701_1.jpg	국내도서>어린이>동화/명작/고전>세계명작	10000	절판	초등학생을 위한 추리소설 1		292	ALADIN	지후	
2025. 11. 9 오후 8:23:00	9788949161761	책 읽는 강아지 몽몽 - 제3회 비룡소 문학상 대상 수상작	최은옥 (지은이), 신지수 (그림)	비룡소	2014-02-18	https://image.aladin.co.kr/product/3621/34/cover500/8949161761_2.jpg	국내도서>어린이>동화/명작/고전>국내창작동화	13000		난 책읽기가 좋아 		84	ALADIN	지후	
2025. 11. 9 오후 8:23:12	9791192308180	전우치전 - 거침없는 도술로 세상을 뒤흔든 악동 도사	정아원 (지은이), 박지윤 (그림)	파란자전거	2022-11-15	https://image.aladin.co.kr/product/30443/29/cover500/k292830378_1.jpg	국내도서>어린이>동화/명작/고전>어린이를 위한 고전	11900		너른 생각 우리 고전 		169	ALADIN	지후	
2025. 11. 9 오후 8:23:25	9788961558914	조용한 마을의 공유경제 소동 - 2020 문학나눔 선정 도서	안선모 (지은이), 로사(김소은) (그림), 김황식 (추천)	파랑새	2020-03-09	https://image.aladin.co.kr/product/23552/1/cover500/s262631518_1.jpg	국내도서>어린이>사회/역사/철학>사회 일반	12000		파랑새 인문동화 3		128	ALADIN	지후	
2025. 11. 9 오후 8:23:55	9788901068602	까막눈 삼디기 - 웅진 푸른교실 2	원유순 (글), 이현미 (그림)	웅진주니어	2007-07-09	https://image.aladin.co.kr/product/23/95/cover500/8901068605_2.jpg	국내도서>어린이>동화/명작/고전>국내창작동화	12000		웅진 푸른교실 2		94	ALADIN	지후	
2025. 11. 9 오후 8:24:19	9788959246908	신나는 열두 달 명절이야기	우리누리 (글), 권사우 (그림)	랜덤하우스코리아	2005-08-25	https://image.aladin.co.kr/product/8/91/cover500/8959246905_1.jpg	국내도서>어린이>문화/예술/인물>한국전통문화	7500	구판절판	소중한 우리 것 재미난 우리 얘기 8		129	ALADIN	지후	
2025. 11. 9 오후 8:24:28	9788953313033	저학년 속담 - 창의력과 지혜가 자라나는	B612 (엮은이), 곽재연 (그림)	계림북스	2010-02-25	https://image.aladin.co.kr/product/648/46/cover500/8953313031_1.jpg	국내도서>어린이>어린이 한자>사자성어/고사성어	8500	품절	저학년 속담 1		158	ALADIN	지후	
2025. 11. 9 오후 8:24:59	9791157820665	카카오 농부는 왜 초콜릿을 사 먹지 못할까? - 생산자와 소비자가 함께 웃는 공정무역 이야기	카리 존스 (지은이), 현혜진 (옮긴이)	초록개구리	2018-05-25	https://image.aladin.co.kr/product/14954/41/cover500/k452533962_1.jpg	국내도서>어린이>사회/역사/철학>인권/평등	10500		더불어 사는 지구 71		68	ALADIN	지후	
2025. 11. 9 오후 8:25:16	9788987504209	나는 햄스터 엄마예요	손정혜 (지은이), 윤정주 (그림)	느림보	2002-01-25	https://image.aladin.co.kr/product/32/92/cover500/8987504204_1.jpg	국내도서>어린이>과학/수학/컴퓨터>생물과 생명	7500	품절	꿈꿈이의 자연학교 3		103	ALADIN	지후	
2025. 11. 9 오후 8:25:30	9791163633495	더 멀리, 더 빠르게! 미래 교통과 통신 - 미래 교통과 통신은 세상을 어떻게 바꿀까?	신선웅, 조남철 (지은이), 유남영 (그림)	뭉치	2025-04-08	https://image.aladin.co.kr/product/27008/57/cover500/k242730326_1.jpg	국내도서>어린이>과학/수학/컴퓨터>과학 일반	14000		초등융합 사회 과학 토론왕 79		136	ALADIN	지후	
2025. 11. 9 오후 8:26:24	9788901161266	허생전	최나미 (글), 이경국 (그림), 한국고전소설학회 (감수)	웅진주니어	2013-11-30	https://image.aladin.co.kr/product/3373/94/cover500/8901161265_1.jpg	국내도서>어린이>동화/명작/고전>어린이를 위한 고전	9000		재미만만 우리고전 4		120	ALADIN	지후	
2025. 11. 9 오후 8:26:34	9788992525138	양반전 - 범이 꾸짖다/요술 구경	박상률 (지은이), 박지원 (원작), 김태헌 (그림)	알마	2007-08-17	https://image.aladin.co.kr/product/96/97/cover500/8992525133_1.jpg	국내도서>어린이>동화/명작/고전>어린이를 위한 고전	8500		샘깊은 오늘고전 5		110	ALADIN	지후	
2025. 11. 9 오후 8:28:25	9788971968710	마당을 나온 암탉 (반양장) - 아동용	황선미 (지은이), 김환영 (그림)	사계절	2000-05-29	https://image.aladin.co.kr/product/34/91/cover500/8971968710_2.gif	국내도서>어린이>동화/명작/고전>국내창작동화	12800		사계절 아동문고 40		200	ALADIN	지후	
2025. 11. 9 오후 10:21:18	9788934996828	예링 아저씨네 비밀 정원 - 법	김미애 (지은이), 이주희 (그림), 윤지근	주니어김영사	2019-12-23	https://image.aladin.co.kr/product/22378/83/cover500/893499682x_1.jpg	국내도서>어린이>사회/역사/철학>사회 일반	11500		처음 사회동화 6		168	ALADIN	지후	
2025. 11. 9 오후 10:21:37	9788952723840	바늘 부부, 모험을 떠나다	도바시 에츠코 (지은이), 초 신타 (그림), 김난주 (옮긴이)	시공주니어	2002-11-05	https://image.aladin.co.kr/product/38/64/cover500/8952723848_2.jpg	국내도서>어린이>동화/명작/고전>외국창작동화	6000	구판절판	시공주니어 문고 1단계 18		106	ALADIN	지후	
2025. 11. 10 오후 12:03:40	9791188974696	도서관 마녀의 태블릿	차무진 (지은이)	블랙홀	2023-08-25	https://image.aladin.co.kr/product/32314/18/cover500/k422834150_1.jpg	국내도서>청소년>청소년 문학>청소년 소설	14000		블랙홀 청소년 문고 26		224	ALADIN	지후	
2025. 11. 10 오후 12:03:50	9791192817200	잉크와 별의 소녀	키란 밀우드 하그레이브 (지은이), 조경실 (옮긴이)	고래가숨쉬는도서관	2023-11-10	https://image.aladin.co.kr/product/32792/69/cover500/k172936595_1.jpg	국내도서>청소년>청소년 문학>청소년 소설	15000				316	ALADIN	지후	
2025. 11. 10 오후 12:04:00	9791171252565	웡카	시빌 파운더 (글), 김난령 (옮긴이), 사이먼 파너비, 폴 킹 (시나리오)	시공주니어	2024-01-05	https://image.aladin.co.kr/product/33072/75/cover500/k092937309_1.jpg	국내도서>어린이>동화/명작/고전>외국창작동화	16000				344	ALADIN	지후	
2025. 11. 10 오후 12:04:21	9788954428279	삼각형으로 스피드를 구해줘! - 삼각형으로 배우는 갈릴레이의 낙하법칙	정완상 (지은이), 이지후 (그림)	자음과모음	2013-02-06	https://image.aladin.co.kr/product/2419/32/cover500/8954428274_1.jpg	국내도서>어린이>과학/수학/컴퓨터>과학 일반	15000		수학으로 통하는 과학 1		276	ALADIN	지후	
2025. 11. 10 오후 12:04:41	9791193759011	세상을 둘로 나눈 벽이 있대! - 어린이도 알아야 할 빈부 격차 이야기	윤주은 (지은이), 임광희 (그림)	영수책방	2024-02-19	https://image.aladin.co.kr/product/33460/79/cover500/k042938747_1.jpg	국내도서>어린이>사회/역사/철학>사회 일반	13000		우리 사회는 		132	ALADIN	지후	
2025. 11. 10 오후 12:05:02	9788936442521	대단한 4학년	주디 블룸 (지은이), 오승민 (그림), 김영진 (옮긴이)	창비	2009-10-12	https://image.aladin.co.kr/product/475/18/cover500/893644252x_1.jpg	국내도서>어린이>동화/명작/고전>외국창작동화	13800		창비아동문고 252		219	ALADIN	지후	
2025. 11. 10 오후 12:06:38	9788949128856	유일한 - 대한민국에서 가장 존경받는 참된 기업인	임사라 (지은이), 김홍모, 임소희 (그림)	비룡소	2021-05-28	https://image.aladin.co.kr/product/27754/86/cover500/8949128853_1.jpg	국내도서>어린이>문화/예술/인물>한국인물	11000		새싹 인물전 5		72	ALADIN		
2025. 11. 10 오후 12:06:58	9791162181577	열 살, 목민심서를 만나다	서지원 (지은이), 이다혜 (그림)	어린이나무생각	2021-07-09	https://image.aladin.co.kr/product/27389/52/cover500/k432732459_1.jpg	국내도서>어린이>동화/명작/고전>어린이를 위한 고전	12000	구판절판	나의 첫 인문고전 3		164	ALADIN		
2025. 11. 10 오후 12:08:11	9788930201643	Why? 인문고전학습만화 : 정치학	이승희 (지은이), 김수라 (엮은이), 강신영 (그림), 반주원 (자문)	예림당	2018-06-15	https://image.aladin.co.kr/product/14947/12/cover500/8930201644_1.jpg	국내도서>어린이>동화/명작/고전>어린이를 위한 고전	11000		Why? 인문고전학습만화 31		200	ALADIN		
2025. 11. 10 오후 12:08:22	9788991550834	우리는 침묵하지 않을 것이다 - 히틀러에게 저항한 학생들, 백장미단 이야기	러셀 프리드먼 (지은이), 강미경 (옮긴이)	두레아이들	2017-09-05	https://image.aladin.co.kr/product/11687/75/cover500/8991550835_1.jpg	국내도서>어린이>사회/역사/철학>세계사	12000	품절	러셀 프리드먼의 역사 교양서 2		136	ALADIN	지안_R_BS	
2025. 11. 10 오후 12:08:45	9788952238504	알렉산드로스와 헬레니즘 - 동서융합의 대제국을 꿈꾸다	이근혁 (지은이)	살림	2018-05-15	https://image.aladin.co.kr/product/14800/4/cover500/8952238508_1.jpg	국내도서>청소년>청소년 역사	14000		생각하는 힘 : 세계사컬렉션 7		286	ALADIN		
2025. 11. 10 오후 12:08:59	9788962478327	종교 탓이 아니에요 - 어린이를 위한 세계 5대 종교 이야기	만프레트 마이 (지은이), 마리네 루딘 (그림), 이수영 (옮긴이)	위즈덤하우스	2017-05-20	https://image.aladin.co.kr/product/10992/82/cover500/8962478323_2.jpg	국내도서>어린이>사회/역사/철학>신화/종교	12000		지식의 힘 7		172	ALADIN		
2025. 11. 10 오후 12:09:09	9788994258454	군주론 - 인간의 본성을 이해하는 정치 출판서	김선희 (지은이), 신현영 (그림)	파란자전거	2012-07-10	https://image.aladin.co.kr/product/1804/54/cover500/8994258450_2.jpg	국내도서>어린이>동화/명작/고전>어린이를 위한 고전	11900	품절	파란클래식 16		160	ALADIN		
2025. 11. 10 오후 12:09:32	9788964964057	형제, 유배지에서 꿈을 쓰다 - 정약용과 정약전의 실학 이야기	우현옥 (지은이), 김세현 (그림), 전국초등사회교과모임 (감수)	토토북	2019-07-16	https://image.aladin.co.kr/product/19876/12/cover500/8964964055_1.jpg	국내도서>어린이>초등 한국사	12000		토토 역사 속의 만남 		172	ALADIN		
2025. 11. 10 오후 12:09:59	9788955473230	억만장자 소년	데이비드 윌리엄스 (지은이), 토니 로스 (그림), 이가희 (옮긴이)	크레용하우스	2014-05-20	https://image.aladin.co.kr/product/4114/75/cover500/8955473230_1.jpg	국내도서>어린이>동화/명작/고전>외국창작동화	11000	구판절판	데이비드 윌리엄스 시리즈 		320	ALADIN		
2025. 11. 10 오후 12:10:05	9788955476514	악마 치과 의사	데이비드 월리엄스 (지은이), 토니 로스 (그림), 민지현 (옮긴이)	크레용하우스	2019-09-05	https://image.aladin.co.kr/product/21262/94/cover500/8955476515_1.jpg	국내도서>어린이>동화/명작/고전>외국창작동화	15000		데이비드 윌리엄스 시리즈 		502	ALADIN		
2025. 11. 10 오후 12:10:13	9788955475654	할아버지의 위대한 탈출	데이비드 월리엄스 (지은이), 토니 로스 (그림), 민지현 (옮긴이)	크레용하우스	2018-02-20	https://image.aladin.co.kr/product/13674/72/cover500/8955475659_1.jpg	국내도서>어린이>동화/명작/고전>외국창작동화	17000		데이비드 윌리엄스 시리즈 		508	ALADIN		
2025. 11. 10 오후 12:10:24	9788955474220	무시무시한 고모	데이비드 윌리엄스 (지은이), 토니 로스 (그림), 민지현 (옮긴이)	크레용하우스	2015-12-10	https://image.aladin.co.kr/product/7234/6/cover500/8955474229_1.jpg	국내도서>어린이>동화/명작/고전>외국창작동화	13000	구판절판	데이비드 윌리엄스 시리즈 		468	ALADIN		
2025. 11. 10 오후 12:11:05	9788963011400	우린 그렇게 어른이 되었다 - 중국아동청소년문학상 금상	창신강 (지은이), 주수련 (옮긴이)	단비청소년	2017-03-10	https://image.aladin.co.kr/product/10510/4/cover500/8963011402_1.jpg	국내도서>청소년>청소년 문학>청소년 소설	12000	절판	단비청소년 문학 14		264	ALADIN		
2025. 11. 10 오후 12:11:46	9788931360721	힙합 청소년 정치학 - 촛불혁명 다음 세대를 위한	강제명 (지은이), 이창우 (그림)	이론과실천	2019-11-12	https://image.aladin.co.kr/product/21638/58/cover500/893136072x_1.jpg	국내도서>청소년>청소년 인문/사회	14000				208	ALADIN		
2025. 11. 10 오후 12:12:04	9791187287445	택시 소년, 지지 않는 잎 - 한국출판문화산업진흥원 9월의청소년권장도서 선정, 2018 아침독서신문 선정, 2018 오픈키드좋은어린이책목록 추천	데보라 엘리스 (지은이), 윤정숙 (옮긴이)	천개의바람	2017-06-20	https://image.aladin.co.kr/product/11152/44/cover500/k482531984_1.jpg	국내도서>청소년>청소년 문학>청소년 소설	11000		바람청소년문고 7		204	ALADIN		
2025. 11. 10 오후 12:12:45	9788958201656	건축, 권력과 욕망을 말하다 - 역사를 담은 건축, 인간을 품은 공간	서윤영 (지은이)	궁리	2009-09-10	https://image.aladin.co.kr/product/460/93/cover500/8958201657_1.jpg	국내도서>인문학>문화/문화이론>문화연구/문화이론	12000	절판			269	ALADIN	지안_R_BS	
2025. 11. 10 오후 12:14:10	9788915032873	홍당무	쥘 르나르 (지은이), 강정규 (엮은이), 김진아 (그림)	삼성출판사	2003-08-01	https://image.aladin.co.kr/product/42/79/cover500/891503287x_1.gif	국내도서>어린이>동화/명작/고전>세계명작	6500	구판절판	삼성 어린이 세계명작 (고학년) 4		239	ALADIN	지안_R_BS	
2025. 11. 10 오후 12:14:40	9788915032910	시턴 동물기	어니스트 톰슨 시튼 (지은이), 선안나 (엮은이)	삼성출판사	2003-08-01	https://image.aladin.co.kr/product/42/79/cover500/8915032918_1.gif	국내도서>어린이>동화/명작/고전>세계명작	6500	절판	삼성 어린이 세계명작 (고학년) 10		223	ALADIN	지안_R_BS	
2025. 11. 10 오후 12:20:56	9788915058330	삼국지 - 하	나관중 (지은이), 조선경 (그림), 고영직 (옮긴이)	삼성출판사	2007-08-01	https://image.aladin.co.kr/product/97/84/cover500/891505833x_1.jpg	국내도서>어린이>동화/명작/고전>어린이를 위한 고전	6500	절판	삼성 어린이 세계명작 (고학년) 48		255	ALADIN	지안_R_BS	
2025. 11. 10 오후 12:21:08	9788915100251	삼국지 - 상	나관중 (지은이), 조선경 (그림), 고영직 (옮긴이), 김준우 (해설)	삼성출판사	2016-03-01	https://image.aladin.co.kr/product/8098/75/cover500/8915100255_1.jpg	국내도서>어린이>동화/명작/고전>세계명작	5800	구판절판	삼성 초등 세계 문학 15		256	ALADIN	지안_R_BS	
2025. 11. 10 오후 12:21:20	9788915033023	폭풍의 언덕	에밀리 브론테 (지은이), 안재선 (그림), 권영미 (옮긴이)	삼성출판사	2003-08-01	https://image.aladin.co.kr/product/43/66/cover500/8915033027_1.gif	국내도서>어린이>동화/명작/고전>세계명작	6500	절판	삼성 어린이 세계명작 (고학년) 21		223	ALADIN	지안_R_BS	
2025. 11. 10 오후 12:21:31	9788915032996	전쟁과 평화	레프 톨스토이 (지은이), 이혜경 (엮은이), 김소영 (그림)	삼성출판사	2003-08-01	https://image.aladin.co.kr/product/42/81/cover500/8915032993_1.gif	국내도서>어린이>동화/명작/고전>세계명작	6500	절판	삼성 어린이 세계명작 (고학년) 22		239	ALADIN	지안_R_BS	
2025. 11. 10 오후 12:21:41	9788915032897	키다리 아저씨	진 웹스터 (지은이), 한상남 (엮은이), 윤보영 (그림)	삼성출판사	2003-08-01	https://image.aladin.co.kr/product/42/79/cover500/8915032896_1.gif	국내도서>어린이>동화/명작/고전>세계명작	6500	구판절판	삼성 어린이 세계명작 (고학년) 18		239	ALADIN	지안_R_BS	
2025. 11. 10 오후 12:21:54	9788915058262	카라마조프의 형제들	표도르 도스토예프스키 (지은이), 김계만 (그림), 안희웅 (옮긴이)	삼성출판사	2007-08-01	https://image.aladin.co.kr/product/97/49/cover500/8915058267_1.jpg	국내도서>어린이>초등 전학년>동화/명작/고전	6500	절판	삼성 어린이 세계명작 (고학년) 41		223	ALADIN	지안_R_BS	
2025. 11. 10 오후 12:22:05	9788915032903	아라비안나이트	권영미 (지은이), 윤종태 (그림)	삼성출판사	2003-08-01	https://image.aladin.co.kr/product/42/79/cover500/891503290x_1.gif	국내도서>어린이>동화/명작/고전>세계명작	6500	구판절판	삼성 어린이 세계명작 (고학년) 11		239	ALADIN	지안_R_BS	
2025. 11. 10 오후 12:22:16	9788915058293	비밀의 화원	프랜시스 호즈슨 버넷 (지은이), 김혜영 (그림), 정진숙 (옮긴이)	삼성출판사	2007-08-01	https://image.aladin.co.kr/product/97/49/cover500/8915058291_1.jpg	국내도서>어린이>초등 전학년>동화/명작/고전	6500	구판절판	삼성 어린이 세계명작 (고학년) 44		255	ALADIN	지안_R_BS	
2025. 11. 10 오후 12:22:27	9788915080898	작은 아씨들	이지훈, 루이자 메이 올콧 (지은이), 김민지 (그림), 한상남 (옮긴이)	삼성출판사	2012-01-10	https://image.aladin.co.kr/product/1473/90/cover500/8915080890_1.jpg	국내도서>어린이>초등5~6학년>동화/명작/고전	7500	품절	문학의 탐정 세계문학 6		240	ALADIN	지안_R_BS	
2025. 11. 10 오후 12:22:38	9788915032965	셰익스피어 이야기	윌리엄 셰익스피어 (지은이), 안희웅 (엮은이), 규하 (그림)	삼성출판사	2003-08-01	https://image.aladin.co.kr/product/42/80/cover500/8915032969_1.gif	국내도서>어린이>동화/명작/고전>세계명작	6500	구판절판	삼성 어린이 세계명작 (고학년) 5		247	ALADIN	지안_R_BS	
2025. 11. 10 오후 12:23:42	9791159350375	에이번리의 앤	루시 모드 몽고메리 (지은이), 김지혁 (그림), 정지현 (옮긴이)	인디고(글담)	2018-09-28	https://image.aladin.co.kr/product/16878/67/cover500/k662534072_2.jpg	국내도서>소설/시/희곡>세계의 소설>기타 국가 소설	14800		인디고 아름다운 고전 리커버북 시리즈 7		464	ALADIN	지안_R_BS	
2025. 11. 10 오후 1:49:52	9788947547260	세금 내는 아이들 - 어린이를 위한 경제 교육 동화	옥효진 (지은이), 김미연 (그림)	한국경제신문	2021-06-15	https://image.aladin.co.kr/product/27324/68/cover500/8947547263_3.jpg	국내도서>어린이>사회/역사/철학>정치/경제/법	14000		한경 아이들 시리즈 		194	ALADIN	지안_R_BS	
2025. 11. 10 오후 1:50:02	9788945116949	기차 할머니	파울 마르 (지은이), 프란츠 비트캄프 (그림), 유혜자 (옮긴이)	중앙출판사(중앙미디어)	2000-03-15	https://image.aladin.co.kr/product/22/85/cover500/894511694x_1.jpg	국내도서>어린이>초등1~2학년>동화/명작/고전	7000	구판절판	중앙문고 45		104	ALADIN	지안_R_BS	
2025. 11. 10 오후 1:50:12	9788930200240	로빈슨 크루소	다니엘 디포 (지은이), 최수웅 (그림), 정영애 (옮긴이)	예림당	2004-08-10	https://image.aladin.co.kr/product/51/6/cover500/8930200249_2.jpg	국내도서>어린이>동화/명작/고전>세계명작	7000	품절	논술 프로그램 세계명작 4		214	ALADIN	지안_R_BS	
2025. 11. 10 오후 1:59:35	9791164450084	빨강 머리 앤 (양장)	루시 모드 몽고메리 (지은이), 애니메이션 &lt;빨강 머리 앤&gt; 원화 (그림), 박혜원 (옮긴이)	더모던	2019-05-10	https://image.aladin.co.kr/product/19147/63/cover500/k022635490_1.jpg	국내도서>소설/시/희곡>세계의 소설>기타 국가 소설	16800	구판절판	TV애니메이션 원화로 읽는 더모던 감성 클래식 2		532	ALADIN	지안_R_BS	
2025. 11. 10 오후 2:01:56	9788952709097	로테와 루이제	에리히 캐스트너 (지은이), 발터 트리어 (그림), 김서정 (옮긴이)	시공주니어	2000-02-25	https://image.aladin.co.kr/product/22/55/cover500/8952709098_2.jpg	국내도서>어린이>동화/명작/고전>외국창작동화	7000	구판절판	시공주니어 문고 2단계 10		232	ALADIN	지안_R_BS	
2025. 11. 10 오후 2:02:14	9788952709981	라스무스와 방랑자	아스트리드 린드그렌 (지은이), 호르스트 렘케 (그림), 문성원 (옮긴이)	시공주니어	2001-11-15	https://image.aladin.co.kr/product/30/60/cover500/8952709985_2.jpg	국내도서>어린이>동화/명작/고전>외국창작동화	6500	구판절판	시공주니어 문고 3단계 38		312	ALADIN	지안_R_BS	
2025. 11. 10 오후 2:02:30	9788952724755	톰 소여의 모험	마크 트웨인 (지은이), 도널드 매케이 (그림), 지혜연 (옮긴이)	시공주니어	2004-02-15	https://image.aladin.co.kr/product/46/81/cover500/8952724755_2.jpg	국내도서>어린이>동화/명작/고전>세계명작	10000	구판절판	네버랜드 클래식 18		375	ALADIN	지안_R_BS	
2025. 11. 10 오후 2:03:33	9788952745569	하이디	요한나 슈피리 (지은이), 김영진 (옮긴이)	시공주니어	2006-03-15	https://image.aladin.co.kr/product/63/71/cover500/8952745566_1.jpg	국내도서>어린이>동화/명작/고전>세계명작	14000	구판절판	네버랜드 클래식 28		502	ALADIN	지안_R_BS	
2025. 11. 10 오후 2:04:07	9788952724946	세라 이야기	프랜시스 호지슨 버넷 (지은이), 타샤 튜더 (그림), 햇살과나무꾼 (옮긴이)	시공주니어	2004-03-25	https://image.aladin.co.kr/product/47/73/cover500/8952724941_2.jpg	국내도서>어린이>동화/명작/고전>세계명작	10000	구판절판	네버랜드 클래식 19		310	ALADIN	지안_R_BS	
2025. 11. 10 오후 2:05:02	9788949141299	작은 아씨들 2	루이자 메이 올콧 (지은이), 제시 윌콕스 스미스, 프랭크 T. 머릴 (그림), 황소연 (옮긴이)	비룡소	2018-11-30	https://image.aladin.co.kr/product/17582/96/cover500/8949141299_1.jpg	국내도서>어린이>동화/명작/고전>세계명작	20000		비룡소 클래식 44		544	ALADIN	지안_R_BS	
2025. 11. 10 오후 2:05:26	9791159038655	키다리 아저씨 2 (반양장) - 그 후 이야기	진 웹스터 (지은이), 서현정 (옮긴이)	더클래식	2018-02-20	https://image.aladin.co.kr/product/13495/47/cover500/k922532505_1.jpg	국내도서>소설/시/희곡>영미소설	9900		더클래식 세계문학 컬렉션 (한글판) 90		368	ALADIN	지안_R_BS	
2025. 11. 10 오후 2:05:45	9791155812990	조의 아이들 - 작은 아씨들 3,4부 완역판	루이자 메이 올콧 (지은이), 김재용, 오수원 (옮긴이)	윌북	2020-09-10	https://image.aladin.co.kr/product/24899/77/cover500/k462632474_2.jpg	국내도서>소설/시/희곡>영미소설	8750	품절	걸 클래식 컬렉션 		1032	ALADIN	지안_R_BS	
2025. 11. 10 오후 2:07:10	9788964963180	왕세자의 입학식 - 조선의 왕세자는 어떻게 공부했을까?	김경화 (지은이), 김언경 (그림), 김문식 (감수)	토토북	2017-03-17	https://image.aladin.co.kr/product/10596/20/cover500/8964963180_1.jpg	국내도서>어린이>초등 한국사	15000				112	ALADIN	지안_R_BS	
2025. 11. 10 오후 5:34:38	9788972209690	노인과 바다	이덕화 (지은이)	도솔	1995-07-01	https://image.aladin.co.kr/product/3/23/cover500/8972209694_1.jpg	국내도서>외국어>영어독해	3000	절판	주석판 19		114	ALADIN	지안_R_BS	
2025. 11. 11 오전 10:49:50	9788931922622	적과 흑	스탕달 (지은이), 양재홍 (엮은이), 이민정 (그림)	지경사	2010-06-25	https://image.aladin.co.kr/product/738/70/cover500/★8931922620_1.jpg	국내도서>어린이>동화/명작/고전>세계명작	6500		논술대비 초등학생을 위한 세계명작 92		204	ALADIN	지안_R_BS	
2025. 11. 11 오전 11:03:20	9788955475838	4차 산업 혁명과 미래 직업 이야기 - 서쌤이 알려 주는	서지원 (지은이), 홍자혜 (그림)	크레용하우스	2018-05-31	https://image.aladin.co.kr/product/15078/74/cover500/8955475837_1.jpg	국내도서>어린이>사회/역사/철학>사회 일반	13000				188	ALADIN	지안_R_BS	
2025. 11. 11 오전 11:03:31	9788972782810	아홉살 인생 - 개정판	위기철 (지은이)	청년사	2010-01-20	https://image.aladin.co.kr/product/626/84/cover500/8972782815_1.jpg	국내도서>소설/시/희곡>한국소설>2000년대 이전 한국소설	12000	구판절판			260	ALADIN	지안_R_BS	
2025. 11. 11 오전 11:03:43	9788991503007	창가의 토토 - 개정판	구로야나기 테츠코 (지은이), 이와사키 치히로 (그림), 김난주 (옮긴이)	프로메테우스	2004-01-29	https://image.aladin.co.kr/product/23/33/cover500/8991503004_2.jpg	국내도서>소설/시/희곡>일본소설>1950년대 이후 일본소설	11000	구판절판			287	ALADIN	지안_R_BS	
2025. 11. 11 오전 11:03:57	9791190267021	클라라의 전쟁	캐시 케이서 (지은이), 황인호 (그림), 김시경 (옮긴이)	스푼북	2019-09-02	https://image.aladin.co.kr/product/20590/77/cover500/k102636765_1.jpg	국내도서>어린이>동화/명작/고전>외국창작동화	12000				216	ALADIN	지안_R_BS	
2025. 11. 11 오전 11:04:07	9788931921779	주홍글씨	너대니얼 호손 (지은이), 한은선 (옮긴이)	지경사	2010-10-30	https://image.aladin.co.kr/product/858/88/cover500/8931921772_1.jpg	국내도서>어린이>동화/명작/고전>세계명작	6500		논술대비 초등학생을 위한 세계명작 7		204	ALADIN	지안_R_BS	
2025. 11. 11 오전 11:04:20	9788993225334	성냥팔이 소녀 성공기 - 현대판 성냥팔이 소녀, CEO로 변신하다	김경한 (지은이), 김종석 (감수)	해피스토리	2011-04-21	https://image.aladin.co.kr/product/1110/78/cover500/8993225338_1.jpg	국내도서>어린이>사회/역사/철학>정치/경제/법	12000	구판절판			116	ALADIN	지안_R_BS	
2025. 11. 11 오전 11:04:33	9788953308275	해저 2만 리	쥘 베른 (지은이), 박명희 (옮긴이)	계림닷컴	2005-07-05	https://image.aladin.co.kr/product/57/56/cover500/8953308275_1.jpg	국내도서>어린이>동화/명작/고전>세계명작	5500	품절	계림세계명작 47		223	ALADIN	지안_R_BS	
2025. 11. 11 오전 11:04:47	9788932013725	일주일 내내 토요일 - 2단계	파울 마르 (지은이), 김서정 (옮긴이)	문학과지성사	2002-11-28	https://image.aladin.co.kr/product/38/99/cover500/8932013721_1.jpg	국내도서>어린이>동화/명작/고전>외국창작동화	11000		문지아이들 33		228	ALADIN	지안_R_BS	
2025. 11. 11 오전 11:11:46	9788956241326	이야기로 아주 쉽게 배우는 미적분	더글러스 다우닝 (지은이), 최태환 (옮긴이)	이지북	2004-09-18	https://image.aladin.co.kr/product/51/69/cover500/8956241325_1.jpg	국내도서>과학>수학>쉽게 배우는 수학	27000	절판	이야기로 아주 쉽게 배우는 수학 시리즈 1		600	ALADIN	지안_R_BS	
2025. 11. 11 오전 11:11:56	9788956243894	이야기로 아주 쉽게 배우는 확률과 통계	정완상 (지은이), 황기홍 (그림)	이지북	2012-03-21	https://image.aladin.co.kr/product/1580/47/cover500/8956243891_1.jpg	국내도서>과학>수학>쉽게 배우는 수학	27000	구판절판	이야기로 아주 쉽게 배우는 수학 시리즈 4		454	ALADIN	지안_R_BS	
2025. 11. 11 오전 11:12:28	9791130604190	개를 훔치는 완벽한 방법	바바라 오코너 (지은이), 신선해 (옮긴이)	놀(다산북스)	2014-11-10	https://image.aladin.co.kr/product/4842/68/cover500/1130604195_2.jpg	국내도서>청소년>청소년 문학>청소년 소설	12800	구판절판			272	ALADIN	지안_R_BS	
2025. 11. 11 오전 11:17:39	9791160940558	바르톨로메는 개가 아니다	라헐 판 코에이 (지은이), 박종대 (옮긴이)	사계절	2017-07-03	https://image.aladin.co.kr/product/11281/55/cover500/k692531890_1.jpg	국내도서>소설/시/희곡>세계의 소설>북유럽소설	14500		욜로욜로 시리즈 		336	ALADIN	지안_R_BS	
2025. 11. 11 오전 11:17:48	9791160340662	내일, 날다 - 제25회 오가와 미메이 문학상 대상 수상작	쓰카다 스미에 (지은이), 신야 유코 (그림), 김영주 (옮긴이)	머스트비	2018-12-10	https://image.aladin.co.kr/product/17686/98/cover500/k282534828_1.jpg	국내도서>어린이>동화/명작/고전>외국창작동화	13000				160	ALADIN	지안_R_BS	
2025. 11. 11 오전 11:18:58	9788934931843	벤야민 & 아도르노 : 대중문화의 기만 혹은 해방	신혜경 (지은이)	김영사	2009-02-05	https://image.aladin.co.kr/product/324/66/cover500/8934931841_1.jpg	국내도서>인문학>교양 인문학	13800		지식인마을 30		284	ALADIN	지안_R_BS	
2025. 11. 11 오전 11:19:51	9788954609852	어떤 고백	김리리 (지은이)	문학동네	2020-10-15	https://image.aladin.co.kr/product/25358/50/cover500/k632633607_1.jpg	국내도서>청소년>청소년 문학>청소년 소설	13500		문학동네 청소년 3		208	ALADIN	지안_R_BS	
2025. 11. 11 오전 11:20:03	9788932011257	까보 까보슈 - 3단계	다니엘 페나크 (지은이), 마일스 하이만 (그림), 윤정임 (옮긴이)	문학과지성사	1999-12-03	https://image.aladin.co.kr/product/21/45/cover500/8932011257_2.jpg	국내도서>어린이>동화/명작/고전>외국창작동화	14000		문지아이들 3		240	ALADIN	지안_R_BS	
2025. 11. 11 오전 11:20:17	9788954612883	봉주르, 뚜르 - 제11회 문학동네어린이문학상 대상 수상작	한윤섭 (지은이), 김진화 (그림)	문학동네	2010-10-08	https://image.aladin.co.kr/product/787/83/cover500/8954612881_2.jpg	국내도서>어린이>동화/명작/고전>국내창작동화	13500		보름달문고 40		216	ALADIN	지안_R_BS	
2025. 11. 11 오전 11:20:27	9788901065410	처음 자전거를 훔친 날	사토 마키코 (지은이), 장연주 (그림), 고향옥 (옮긴이)	웅진주니어	2007-04-25	https://image.aladin.co.kr/product/91/22/cover500/890106541x_1.jpg	국내도서>어린이>동화/명작/고전>외국창작동화	8500		웅진책마을 40		243	ALADIN	지안_R_BS	
2025. 11. 11 오전 11:20:36	9788957981023	너도 하늘말나리야 - 아동용, 중학교 국어교과서 수록도서	이금이 (글), 송진헌 (그림)	푸른책들	2007-03-20	https://image.aladin.co.kr/product/19/32/cover500/8957981020_3.jpg	국내도서>어린이>동화/명작/고전>국내창작동화	12800	구판절판	책읽는 가족 1		264	ALADIN	지안_R_BS	
2025. 11. 11 오전 11:20:47	9788936441982	손바닥에 쓴 글씨	김옥 (지은이), 이은천 (그림)	창비	2002-04-23	https://image.aladin.co.kr/product/34/58/cover500/8936441981_1.jpg	국내도서>어린이>동화/명작/고전>국내창작동화	10000		창비아동문고 198		160	ALADIN	지안_R_BS	
2025. 11. 11 오전 11:20:57	9788946413535	TV동화 행복한 세상	KBS한국방송 (지은이)	샘터사	2002-03-05	https://image.aladin.co.kr/product/33/38/cover500/8946413530_1.gif	국내도서>에세이>한국에세이	9000	구판절판	TV동화 행복한 세상 10		272	ALADIN	지안_R_BS	
2025. 11. 11 오전 11:21:11	9788954613873	불량 가족 레시피 - 제1회 문학동네청소년문학상 대상 수상작	손현주 (지은이)	문학동네	2011-01-24	https://image.aladin.co.kr/product/870/86/cover500/895461387x_1.jpg	국내도서>청소년>청소년 문학>청소년 소설	12500		문학동네 청소년 6		200	ALADIN	지안_R_BS	
2025. 11. 11 오전 11:21:34	9788984373952	마음을 읽는 아이 오로르	더글라스 케네디 (지은이), 조안 스파르 (그림), 조동섭 (옮긴이)	밝은세상	2020-02-28	https://image.aladin.co.kr/product/23401/77/cover500/8984373958_2.jpg	국내도서>소설/시/희곡>영미소설	15000	구판절판	마음을 읽는 아이 오로르 1		240	ALADIN	지안_R_BS	
2025. 11. 11 오전 11:21:49	9788983757685	난 두렵지 않아요 - 아름다운 소년, 이크발 이야기	프란체스코 다다모 (지은이), 노희성 (그림), 이현경 (옮긴이)	랜덤하우스코리아	2004-03-20	https://image.aladin.co.kr/product/34/67/cover500/898375768x_2.jpg	국내도서>어린이>동화/명작/고전>외국창작동화	8000	구판절판			220	ALADIN	지안_R_BS	
2025. 11. 11 오전 11:22:14	9788997357574	마더 테레사 - 세상의 빛이 된 사람	우봉규 (지은이), 최다희 (그림)	책내음	2014-07-14	https://image.aladin.co.kr/product/4403/95/cover500/8997357573_1.jpg	국내도서>어린이>문화/예술/인물>세계인물	10000	구판절판	책내음 교과서 인물 시리즈 		120	ALADIN	지안_R_BS	
2025. 11. 11 오전 11:22:24	9791157410156	내가 원하는 우리나라 - 김구의 &lt;나의 소원&gt;을 이주영이 풀이하고 글 쓰다	김구 (원작), 이주영 (글)	현북스	2015-03-03	https://image.aladin.co.kr/product/5405/89/cover500/6000815313_1.jpg	국내도서>어린이>동화/명작/고전>어린이를 위한 고전	11000		천천히 읽는 책 2		124	ALADIN	지안_R_BS	
2025. 11. 11 오전 11:22:33	9788936440527	백범 김구	신경림 (글), 이철수 (그림)	창비	1982-12-01	https://image.aladin.co.kr/product/19/24/cover500/8936440527_1.jpg	국내도서>어린이>문화/예술/인물>한국인물	8000	구판절판	창비아동문고 52		278	ALADIN	지안_R_BS	
2025. 11. 11 오전 11:22:42	9788936445508	겨레의 큰사람 김구	신경림 (지은이), 정병례 (그림)	창비	2006-08-31	https://image.aladin.co.kr/product/68/23/cover500/8936445502_2.jpg	국내도서>어린이>문화/예술/인물>한국인물	13000	품절	내가 만난 역사 인물 이야기 		269	ALADIN	지안_R_BS	
2025. 11. 11 오전 11:23:11	9788996073918	책벌레 선생님의 아주 특별한 도서관 1 - 초등 고학년이 꼭 읽어야 할 40권의 책으로 배우는 책 읽는 방법	임성미 (글), 곽병철 (그림)	글담어린이	2008-05-05	https://image.aladin.co.kr/product/204/79/cover500/8996073911_1.jpg	국내도서>어린이>책읽기/글쓰기>책읽기	11000	절판	아주 특별한 도서관 		236	ALADIN	지안_R_BS	
2025. 11. 11 오전 11:23:25	9788984310681	반지엄마	백승남 (지은이), 김재홍 (그림)	한겨레아이들	2002-03-25	https://image.aladin.co.kr/product/34/19/cover500/8984310689_2.jpg	국내도서>어린이>동화/명작/고전>국내창작동화	9000		높은 학년 동화 5		183	ALADIN	지안_R_BS	
2025. 11. 11 오전 11:23:34	9788936456184	나비를 잡는 아버지	현덕 (지은이), 원종찬 (엮은이)	창비	2009-05-29	https://image.aladin.co.kr/product/406/11/cover500/8936456180_1.jpg	국내도서>청소년>청소년 문학>청소년 소설	13000		창비청소년문학 18		265	ALADIN	지안_R_BS	
2025. 11. 11 오전 11:23:45	9788937842979	옥상의 민들레꽃 - 개정판, 서울대 교수진이 추천하는 통합 논술	박완서 (지은이), 이경아 (그림), 조남현 (감수), 방민호	미래엔아이세움	2007-05-10	https://image.aladin.co.kr/product/91/50/cover500/s632630695_1.jpg	국내도서>어린이>동화/명작/고전>국내창작동화	10000	품절	휴이넘 교과서 한국문학 		208	ALADIN	지안_R_BS	
2025. 11. 11 오후 12:20:28	9788936471187	나는 빠리의 택시운전사 - 개정판	홍세화 (지은이)	창비	2006-11-07	https://image.aladin.co.kr/product/85/93/cover500/893647118x_2.jpg	국내도서>에세이>명사에세이>기타 명사에세이	18000	절판			375	ALADIN	지안_R_BS	
2025. 11. 11 오후 12:20:39	9788954607346	책과 노니는 집 - 제9회 문학동네어린이문학상 대상 수상작	이영서 (지은이), 김동성 (그림)	문학동네	2009-01-09	https://image.aladin.co.kr/product/305/6/cover500/8954607349_2.jpg	국내도서>어린이>동화/명작/고전>국내창작동화	12500		보름달문고 30		192	ALADIN	지안_R_BS	
2025. 11. 11 오후 12:20:49	9788949187051	링컨 : 대통령이 된 통나무집 소년	러셀 프리드먼 (지은이), 손정숙 (옮긴이)	비룡소	2009-03-15	https://image.aladin.co.kr/product/323/14/cover500/8949187051_1.jpg	국내도서>청소년>청소년 인물	13000	품절	즐거운 지식 (비룡소 청소년) 11		187	ALADIN	지안_R_BS	
2025. 11. 11 오후 12:20:59	9788936433444	괭이부리말 아이들 - MBC 느낌표 선정도서. 양장본	김중미 (지은이), 송진헌 (그림)	창비	2001-11-07	https://image.aladin.co.kr/product/30/41/cover500/893643344x_2.jpg	국내도서>어린이>동화/명작/고전>국내창작동화	15000				280	ALADIN	지안_R_BS	
2025. 11. 11 오후 12:21:10	9788987721095	우리들의 일그러진 영웅	이문열 (지은이)	다림	1998-12-24	https://image.aladin.co.kr/product/10/99/cover500/8987721094_2.jpg	국내도서>어린이>동화/명작/고전>국내창작동화	9000		한빛문고 1		158	ALADIN	지안_R_BS	
2025. 11. 11 오후 12:21:19	9791160401639	찰리 채플린, 세상을 웃긴 배우	우순교 (지은이), 유창창 (그림)	한겨레아이들	2018-05-29	https://image.aladin.co.kr/product/14830/44/cover500/k722532356_1.jpg	국내도서>어린이>문화/예술/인물>세계인물	10000	구판절판	한겨레 인물탐구 15		152	ALADIN	지안_R_BS	
2025. 11. 11 오후 11:41:35	9788950963224	시간 부자가 된 키라	최형미 (지은이), 원유미 (그림)	을파소	2016-02-22	https://image.aladin.co.kr/product/7717/76/cover500/8950963221_2.jpg	국내도서>어린이>동화/명작/고전>학습동화	16800	절판	꿈을 이루게 도와주는 자기경영 동화 3		184	ALADIN	지안_R_BS	
2025. 11. 11 오후 11:42:32	9788915098121	루브르 박물관보다 재미있는 세계 100대 명화	박현철 (지은이)	삼성출판사	2016-01-15	https://image.aladin.co.kr/product/7498/37/cover500/8915098129_1.jpg	국내도서>어린이>문화/예술/인물>음악/미술/예체능	6500	구판절판	재미있는 100대 시리즈 		208	ALADIN	지안_R_BS	
2025. 11. 12 오전 11:24:27	9788971846254	너 정말 우리말 아니?	이어령 (지은이), 김용연 (그림)	푸른숲주니어	2009-01-10	https://image.aladin.co.kr/product/301/15/cover500/8971846259_1.jpg	국내도서>어린이>책읽기/글쓰기>논리/논술	13000		이어령의 춤추는 생각학교 4		129	ALADIN	지안_R_BS	
2025. 11. 12 오전 11:24:39	9788950966980	열두 살에 부자가 된 키라 - 개정판	보도 섀퍼 (지은이), 원유미 (그림), 김준광 (옮긴이)	을파소	2014-10-23	https://image.aladin.co.kr/product/4809/61/cover500/8950966980_1.jpg	국내도서>어린이>동화/명작/고전>학습동화	16800	절판	꿈을 이루게 도와주는 자기경영 동화 1		256	ALADIN	지안_R_BS	
2025. 11. 12 오전 11:26:09	9791187033882	망그러진 만화 1 - 망그러진 곰과 햄터의 귀염뽀짝 일상다반사!	유랑 (지은이)	좋은생각	2022-11-01	https://image.aladin.co.kr/product/30330/64/cover500/k462839236_3.jpg	국내도서>에세이>사진/그림 에세이	16800		망그러진 만화 1		344	ALADIN	지안_R_BS	
2025. 11. 12 오전 11:26:28	9788937849961	우리는 몇 촌일까? - 쉽게 배우는 가족 호칭책	문정옥 (지은이), 백정석 (그림)	미래엔아이세움	2011-02-25	https://image.aladin.co.kr/product/1121/41/cover500/8937849968_1.jpg	국내도서>어린이>동화/명작/고전>학습동화	10000				149	ALADIN	지안_R_BS	
2025. 11. 12 오후 1:19:04	9788957981238	마지막 왕자	강숙인 (지은이), 한병호 (그림)	푸른책들	2007-10-05	https://image.aladin.co.kr/product/101/82/cover500/8957981233_1.jpg	국내도서>어린이>동화/명작/고전>국내창작동화	13800		책읽는 가족 2		191	ALADIN	지안_R_BS	
2025. 11. 12 오후 1:19:15	9788963010946	조막손 투수	리광푸 (지은이), 최정인 (그림), 강영희 (옮긴이)	단비어린이	2014-03-10	https://image.aladin.co.kr/product/3795/85/cover500/8963010945_1.jpg	국내도서>어린이>동화/명작/고전>외국창작동화	11000		단비어린이 문학 		200	ALADIN	지안_R_BS	
2025. 11. 12 오후 1:19:27	9788998433963	녹디생이, 사라진 변기를 찾아라 - 다시 살아난 제주 신화	김원석 (지은이), 송진욱 (그림)	머스트비	2016-04-30	https://image.aladin.co.kr/product/8189/9/cover500/8998433966_1.jpg	국내도서>어린이>동화/명작/고전>국내창작동화	10800				208	ALADIN	지안_R_BS	
2025. 11. 12 오후 1:19:38	9788958285885	한눈에 반한 세계 미술관 - 르네상스에서 20세기 미술까지	장세현 (지은이)	사계절	2012-01-20	https://image.aladin.co.kr/product/1451/88/cover500/8958285885_1.jpg	국내도서>어린이>문화/예술/인물>미술관/박물관	18000		한눈에 반한 미술관 		208	ALADIN	지안_R_BS	
2025. 11. 12 오후 1:19:54	9788952212917	이상한 나라의 앨리스 - 앤서니 브라운이 그린	루이스 캐럴 (글), 앤서니 브라운 (그림), 김서정 (옮긴이)	살림어린이	2009-12-01	https://image.aladin.co.kr/product/587/2/cover500/k012535886_1.jpg	국내도서>어린이>동화/명작/고전>외국창작동화	16000		살림어린이 더 클래식 1		176	ALADIN	지안_R_BS	
2025. 11. 12 오후 1:20:04	9788973223121	우동 한 그릇	구리 료헤이 (지은이), 최영혁 (옮긴이)	청조사	2010-05-20	https://image.aladin.co.kr/product/19/21/cover500/8973223127_2.jpg	국내도서>소설/시/희곡>일본소설>1950년대 이후 일본소설	9800	구판절판			132	ALADIN	지안_R_BS	
2025. 11. 12 오후 1:20:13	9788955473513	마녀 교장과 아주 특별한 시계	김해우 (지은이), 홍찬주 (그림)	크레용하우스	2014-12-11	https://image.aladin.co.kr/product/5035/35/cover500/8955473516_1.jpg	국내도서>어린이>동화/명작/고전>국내창작동화	9500	구판절판	다릿돌읽기 		116	ALADIN	지안_R_BS	
2025. 11. 12 오후 1:25:20	9788983945068	트루먼 스쿨 악플 사건	도리 힐레스타드 버틀러 (지은이), 이도영 (옮긴이)	미래인(미래M&B,미래엠앤비)	2008-12-19	https://image.aladin.co.kr/product/296/62/cover500/8983945060_1.jpg	국내도서>청소년>청소년 문학>청소년 소설	14000	구판절판	미래인 청소년 걸작선 4		196	ALADIN	지안_R_BS	
2025. 11. 12 오후 1:26:55	9788994475950	반야의 비밀	윤숙희 (지은이), 김미경 (그림)	바람의아이들	2017-06-30	https://image.aladin.co.kr/product/11296/76/cover500/8994475958_1.jpg	국내도서>어린이>동화/명작/고전>국내창작동화	11000		높새바람 41		172	ALADIN	지안_R_BS	
2025. 11. 12 오후 1:27:07	9791188283637	바나나 가족	임지형 (지은이), 이주미 (그림)	스푼북	2018-10-30	https://image.aladin.co.kr/product/17378/13/cover500/k482534699_1.jpg	국내도서>어린이>동화/명작/고전>국내창작동화	11000		큰 스푼 		148	ALADIN	지안_R_BS	
2025. 11. 12 오후 1:27:21	9788987721118	소나기	황순원 (지은이), 강우현 (그림)	다림	1999-04-03	https://image.aladin.co.kr/product/18/72/cover500/8987721116_2.jpg	국내도서>어린이>동화/명작/고전>국내창작동화	9000		한빛문고 2		176	ALADIN	지안_R_BS	
2025. 11. 12 오후 1:27:33	9788989646037	꼭 한 가지 소원	황선미 (지은이), 이형진 (그림)	낮은산	2002-07-20	https://image.aladin.co.kr/product/36/84/cover500/8989646030_2.jpg	국내도서>어린이>동화/명작/고전>국내창작동화	8800	절판	낮은산 작은숲 2		104	ALADIN	지안_R_BS	
2025. 11. 12 오후 1:27:46	9791188388943	청소년을 위한 고전혁명 - 나와 우리, 세상을 바꾸는 고전 읽기의 힘	이지성, 황광우 (지은이)	생각학교	2019-10-29	https://image.aladin.co.kr/product/21411/1/cover500/k582636797_1.jpg	국내도서>청소년>청소년 고전	13000				232	ALADIN	지안_R_BS	
2025. 11. 12 오후 1:27:56	9788955476101	우리에게도 인권이 있을까?	문미영 (지은이), 김언희 (그림)	크레용하우스	2018-09-13	https://image.aladin.co.kr/product/16838/6/cover500/8955476108_1.jpg	국내도서>어린이>사회/역사/철학>인권/평등	12000				112	ALADIN	지안_R_BS	
2025. 11. 12 오후 1:28:07	9791187287230	우리 학교에 시리아 친구가 옵니다 - 2018 아침독서신문 선정, 2017 한우리독서올림피아드 릴레이, 으뜸책, 2017 전국학교도서관사서협회 추천	카트린느 마쎄 (지은이), 그웨나엘 두몽 (그림), 김연희 (옮긴이)	천개의바람	2016-11-14	https://image.aladin.co.kr/product/9663/96/cover500/k262535846_1.jpg	국내도서>어린이>동화/명작/고전>외국창작동화	12000		바람어린이책 6		120	ALADIN	지안_R_BS	
2025. 11. 12 오후 1:28:20	9788971846001	열 살이면 세상을 알 만한 나이	노경실 (지은이), 이상권 (그림)	푸른숲주니어	2007-08-10	https://image.aladin.co.kr/product/96/70/cover500/8971846003_1.jpg	국내도서>어린이>동화/명작/고전>국내창작동화	8500	구판절판	푸른숲 작은 나무 3		108	ALADIN	지안_R_BS	
2025. 11. 12 오후 1:28:30	9788993260847	이어도에서 온 선물 - 제2회 한우리 문학상 우수상 수상작	권요원 (지은이), 백대승 (그림)	한우리문학	2013-04-15	https://image.aladin.co.kr/product/2575/14/cover500/8993260842_1.jpg	국내도서>어린이>동화/명작/고전>국내창작동화	9500	절판	한우리 문학 높은 학년 3		168	ALADIN	지안_R_BS	
2025. 11. 12 오후 1:28:43	9791157851959	최후의 탐험대	은이결 (지은이), 유수정 (그림)	키다리	2018-05-15	https://image.aladin.co.kr/product/14556/67/cover500/k932532642_1.jpg	국내도서>어린이>동화/명작/고전>국내창작동화	11000		꿈꾸는 문학 10		192	ALADIN	지안_R_BS	
2025. 11. 12 오후 1:28:54	9788965133445	나이 조절 타임머신	폴 제닝스 (글), 서영경 (그림), 김희숙 (옮긴이)	아름다운사람들	2015-02-16	https://image.aladin.co.kr/product/5275/11/cover500/8965133440_1.jpg	국내도서>어린이>동화/명작/고전>외국창작동화	11000	품절	생각쑥쑥문고 5		212	ALADIN	지안_R_BS	
2025. 11. 12 오후 1:29:10	9788966071005	짜증방 - 공주시 한 도시 한 책 읽기 선정 도서	소중애 (지은이), 방새미 (그림)	거북이북스	2014-03-03	https://image.aladin.co.kr/product/3710/28/cover500/8966071007_1.jpg	국내도서>어린이>동화/명작/고전>국내창작동화	10000	구판절판			128	ALADIN	지안_R_BS	
2025. 11. 12 오후 1:29:21	9788990332325	하루 동안의 공부파업	지젤 비엔느 (지은이), 박혜선 (그림), 김영신 (옮긴이)	거인	2005-06-20	https://image.aladin.co.kr/product/56/82/cover500/899033232x_1.jpg	국내도서>어린이>동화/명작/고전>외국창작동화	8500	구판절판	동화책 읽는 거인 1		156	ALADIN	지안_R_BS	
2025. 11. 12 오후 1:29:30	9791196151812	빼앗긴 들에도 봄은 오는가	김영주 (글), 이우정 (그림)	하마	2017-11-20	https://image.aladin.co.kr/product/12783/52/cover500/k602532883_1.jpg	국내도서>어린이>초등 한국사	11000				138	ALADIN	지안_R_BS	
2025. 11. 12 오후 1:29:55	9788961771115	행복한 세상을 만드는 평화 수업	베로니크 코르지베 (글), 클레오 제르맹 (그림), 정미애 (옮긴이)	다림	2015-06-19	https://image.aladin.co.kr/product/6171/47/cover500/8961771116_1.jpg	국내도서>어린이>사회/역사/철학>전쟁/평화 이야기	10000	절판	I need 시리즈 21		128	ALADIN	지안_R_BS	
2025. 11. 12 오후 1:30:06	9791185488189	나의 직업 : 외교관	청소년행복연구실 (엮은이)	동천출판	2014-05-14	https://image.aladin.co.kr/product/4116/16/cover500/1185488189_1.jpg	국내도서>청소년>청소년의 진로선택	15000	구판절판	행복한 직업 찾기 시리즈 		198	ALADIN	지안_R_BS	
2025. 11. 12 오후 1:30:16	9791196013295	꼼짝 마! 사이버 폭력	떼오 베네데띠 (지은이), 다비데 모로지노또 (그림), 정재성 (옮긴이)	마음이음	2018-01-30	https://image.aladin.co.kr/product/13219/89/cover500/k612532595_1.jpg	국내도서>어린이>과학/수학/컴퓨터>컴퓨터와 코딩	12000		지식 잇는 아이 2		96	ALADIN	지안_R_BS	
2025. 11. 12 오후 1:30:35	9791195089222	가자, 고구려로!	함영연 (지은이), 김은경 (그림)	바나나북	2014-01-22	https://image.aladin.co.kr/product/3642/36/cover500/6000700148_1.jpg	국내도서>어린이>동화/명작/고전>국내창작동화	9500	구판절판	열매읽기 시리즈 		112	ALADIN	지안_R_BS	
2025. 11. 12 오후 1:31:38	9788962245257	제로니모의 환상모험 6 (양장) - 용기의 비밀을 찾아 공포의 성으로	제로니모 스틸턴 (글), 김영선 (옮긴이)	사파리	2009-03-05	https://image.aladin.co.kr/product/341/59/cover500/8962245256_2.jpg	국내도서>어린이>동화/명작/고전>외국창작동화	17900	구판절판	제로니모의 환상모험 6		384	ALADIN	지안_R_BS	
2025. 11. 12 오후 1:32:31	9788964805022	제로니모의 환상모험 10 (양장) - 판타지 세계 대지진과 사라진 요정 공주	제로니모 스틸턴 (지은이), 성초림 (옮긴이)	사파리	2011-03-09	https://image.aladin.co.kr/product/1106/63/cover500/896480502x_1.jpg	국내도서>어린이>동화/명작/고전>외국창작동화	17900	구판절판	제로니모의 환상모험 10		380	ALADIN	지안_R_BS	
2025. 11. 12 오후 1:32:44	9791155099339	제로니모의 환상모험 23 (양장) - 올림픽의 시작을 찾아 고대 그리스로	제로니모 스틸턴 (지은이), 이승수 (옮긴이)	사파리	2016-01-26	https://image.aladin.co.kr/product/7591/71/cover500/k702434312_1.jpg	국내도서>어린이>동화/명작/고전>외국창작동화	17900		제로니모의 환상모험 23		380	ALADIN	지안_R_BS	
2025. 11. 12 오후 1:33:03	9788952773104	13층 나무 집	앤디 그리피스 (지은이), 테리 덴톤 (그림), 신수진 (옮긴이)	시공주니어	2015-03-25	https://image.aladin.co.kr/product/5566/84/cover500/8952773101_1.jpg	국내도서>어린이>동화/명작/고전>외국창작동화	15000		456 Book 클럽 		248	ALADIN	지안_R_BS	
2025. 11. 12 오후 1:33:19	9788952781505	26층 나무 집	앤디 그리피스 (지은이), 테리 덴톤 (그림), 신수진 (옮긴이)	시공주니어	2015-07-20	https://image.aladin.co.kr/product/6355/41/cover500/8952781503_1.jpg	국내도서>어린이>동화/명작/고전>외국창작동화	15000		456 Book 클럽 		352	ALADIN	지안_R_BS	
2025. 11. 12 오후 1:33:33	9788952781598	39층 나무 집	앤디 그리피스 (지은이), 테리 덴톤 (그림), 신수진 (옮긴이)	시공주니어	2015-10-25	https://image.aladin.co.kr/product/6834/18/cover500/8952781597_1.jpg	국내도서>어린이>동화/명작/고전>외국창작동화	15000		456 Book 클럽 		356	ALADIN	지안_R_BS	
2025. 11. 12 오후 1:33:48	9788952781819	52층 나무 집	앤디 그리피스 (지은이), 테리 덴톤 (그림), 신수진 (옮긴이)	시공주니어	2016-03-05	https://image.aladin.co.kr/product/7740/44/cover500/8952781813_1.jpg	국내도서>어린이>동화/명작/고전>외국창작동화	15000		456 Book 클럽 		340	ALADIN	지안_R_BS	
2025. 11. 12 오후 1:33:59	9788952782380	65층 나무 집	앤디 그리피스 (지은이), 테리 덴톤 (그림), 신수진 (옮긴이)	시공주니어	2016-07-10	https://image.aladin.co.kr/product/8614/31/cover500/8952782380_1.jpg	국내도서>어린이>동화/명작/고전>외국창작동화	14000	일시품절	456 Book 클럽 		388	ALADIN	지안_R_BS	
2025. 11. 12 오후 1:34:22	9788952782618	나무 집 Fun Book (펀 북) - 13층씩 커지는 짜릿한 상상	앤디 그리피스 (지은이), 테리 덴톤 (그림), 장혜란 (옮긴이)	시공주니어	2016-10-30	https://image.aladin.co.kr/product/9467/51/cover500/8952782615_1.jpg	국내도서>어린이>책읽기/글쓰기>책읽기	11000		456 Book 클럽 		188	ALADIN	지안_R_BS	
2025. 11. 12 오후 1:34:34	9788952784933	78층 나무 집	앤디 그리피스 (지은이), 테리 덴톤 (그림), 신수진 (옮긴이)	시공주니어	2017-02-20	https://image.aladin.co.kr/product/10086/87/cover500/8952784936_1.jpg	국내도서>어린이>동화/명작/고전>외국창작동화	15000		456 Book 클럽 		384	ALADIN	지안_R_BS	
2025. 11. 12 오후 1:34:53	9788952795090	104층 나무 집	앤디 그리피스 (지은이), 테리 덴톤 (그림), 신수진 (옮긴이)	시공주니어	2019-01-10	https://image.aladin.co.kr/product/17658/45/cover500/8952795091_1.jpg	국내도서>어린이>동화/명작/고전>외국창작동화	15000		456 Book 클럽 		364	ALADIN	지안_R_BS	
2025. 11. 12 오후 1:35:18	9788959982868	블랙 프린세스 1 - 매그놀리아 공주의 비밀	샤넌 헤일, 딘 헤일 (지은이), 르웬 팜 (그림), 박소연 (옮긴이)	달리	2015-05-10	https://image.aladin.co.kr/product/5688/16/cover500/8959982865_2.jpg	국내도서>어린이>동화/명작/고전>외국창작동화	8500	품절	블랙 프린세스 1		96	ALADIN	지안_R_BS	
2025. 11. 12 오후 1:35:52	9788937838750	추리 천재 엉덩이 탐정 1 - 보라 부인의 암호 사건	트롤 (지은이), 김정화 (옮긴이)	미래엔아이세움	2016-08-10	https://image.aladin.co.kr/product/8920/23/cover500/8937838753_1.jpg	국내도서>어린이>동화/명작/고전>외국창작동화	13500		추리 천재 엉덩이 탐정 1		88	ALADIN	지안_R_BS	
2025. 11. 12 오후 1:35:53	9788937853470	추리 천재 엉덩이 탐정 2 - 어둠 속으로 사라진 거인 사건	트롤 (지은이), 김정화 (옮긴이)	미래엔아이세움	2016-11-25	https://image.aladin.co.kr/product/9740/72/cover500/8937853477_1.jpg	국내도서>어린이>동화/명작/고전>외국창작동화	13500		추리 천재 엉덩이 탐정 2		88	ALADIN	지안_R_BS	
2025. 11. 12 오후 1:36:24	9788937889714	추리 천재 엉덩이 탐정 3 - 불멸의 절도단 사건	트롤 (지은이), 김정화 (옮긴이)	미래엔아이세움	2017-03-30	https://image.aladin.co.kr/product/10644/93/cover500/8937889714_1.jpg	국내도서>어린이>동화/명작/고전>외국창작동화	13500		추리 천재 엉덩이 탐정 3		88	ALADIN	지안_R_BS	
2025. 11. 13 오후 1:04:42	9788997430925	초등학생이 가장 많이 읽는 우리 옛 이야기 - 한 권으로 읽는 우리 나라 전래 동화 19가지	송소영 (지은이), 송주희 (그림)	아이앤북(I&BOOK)	2014-06-15	https://image.aladin.co.kr/product/4351/9/cover500/8997430920_1.jpg	국내도서>어린이>동화/명작/고전>어린이를 위한 고전	9500	품절			168	ALADIN	지안_R_BS	
2025. 11. 13 오후 1:05:01	9788964961926	경복궁 - 오백 년 잠자는 조선을 깨우다	최인화 (지은이), 김태현 (그림), 장재혁 (감수)	토토북	2014-08-26	https://image.aladin.co.kr/product/4560/9/cover500/8964961927_1.jpg	국내도서>어린이>초등 한국사	13000				96	ALADIN	지안_R_BS	
2025. 11. 13 오후 1:05:59	9788990611727	조선왕실의 보물 의궤 - 정조 임금님 시대의 왕실 엿보기	유지현 (지은이), 이장미 (그림), 신병주 (감수)	토토북	2009-02-28	https://image.aladin.co.kr/product/341/85/cover500/8990611725_1.jpg	국내도서>어린이>초등 한국사	14000				110	ALADIN	지안_R_BS	
2025. 11. 13 오후 1:06:10	9788964962749	조선통신사 - 평화를 전하는 발걸음, 한국출판문화진흥원 우수출판콘텐츠수상작	강응천 (지은이), 한태희 (그림)	토토북	2015-07-20	https://image.aladin.co.kr/product/6325/20/cover500/8964962745_1.jpg	국내도서>어린이>초등 한국사	15000				112	ALADIN	지안_R_BS	
2025. 11. 13 오후 1:06:26	9788956894713	사씨남정기	송종호 (지은이), 강현정 (그림)	꿈소담이	2009-08-10	https://image.aladin.co.kr/product/442/68/cover500/895689471x_1.jpg	국내도서>어린이>동화/명작/고전>어린이를 위한 고전	8000		우리 겨레 좋은 고전 12		184	ALADIN	지안_R_BS	
2025. 11. 13 오후 1:06:36	9788937811913	밥 힘으로 살아온 우리 민족 - 우리의 음식문화 이야기	김아리 (지은이), 정수영 (그림)	미래엔아이세움	2002-05-25	https://image.aladin.co.kr/product/34/94/cover500/893781191x_1.gif	국내도서>어린이>문화/예술/인물>한국전통문화	10000	구판절판	아이세움 배움터 4		234	ALADIN	지안_R_BS	
2025. 11. 13 오후 1:06:48	9788952755087	명절 속에 숨은 우리 과학	오주영 (지은이), 허현경 (그림)	시공주니어	2009-04-25	https://image.aladin.co.kr/product/364/7/cover500/8952755081_1.jpg	국내도서>어린이>과학/수학/컴퓨터>과학 일반	14000		시공주니어 어린이 교양서 20		204	ALADIN	지안_R_BS	
2025. 11. 13 오후 1:07:01	9791186771181	한국사 짝꿍 실록 - 교과서에 꼭! 함께 나오는 절친들	김은빈 (지은이), 심수근 (그림)	책내음	2017-07-25	https://image.aladin.co.kr/product/11409/33/cover500/k912531800_1.jpg	국내도서>어린이>초등 한국사	12000				210	ALADIN	지안_R_BS	
2025. 11. 13 오후 1:07:14	9791195963850	구석구석 박물관 - 국립중앙박물관 역사관	박찬희 (지은이), 장경혜 (그림)	빨간소금	2017-04-10	https://image.aladin.co.kr/product/10693/21/cover500/k022530642_1.jpg	국내도서>어린이>초등 한국사	15000				256	ALADIN	지안_R_BS	
2025. 11. 13 오후 1:07:25	9788953310483	열두달 세시 풍속 - 오천년 역사를 이어온	원영주 (지은이), 임양, 김명곤 (그림)	계림닷컴	2007-02-15	https://image.aladin.co.kr/product/88/89/cover500/8953310482_1.jpg	국내도서>어린이>문화/예술/인물>한국전통문화	12000	품절			246	ALADIN	지안_R_BS	
2025. 11. 13 오후 1:07:36	9791186293935	경국대전을 펼쳐라! - 조선의 뼈대를 세운 법전	손주현 (지은이), 오승민 (그림), 강문식 (감수)	책과함께어린이	2017-08-07	https://image.aladin.co.kr/product/11549/61/cover500/k402531600_1.jpg	국내도서>어린이>초등 한국사	12000		조선 시대 깊이 알기 		172	ALADIN	지안_R_BS	
2025. 11. 13 오후 1:08:45	9788952923042	우리 문화유산에는 어떤 비밀이 담겨 있을까?	햇살과나무꾼 (지은이), 한창수 (그림)	채우리	2002-03-10	https://image.aladin.co.kr/product/33/96/cover500/8952923049_1.jpg	국내도서>어린이>문화/예술/인물>한국전통문화	8800	구판절판	손에 잡히는 옛 사람들의 지혜 20		172	ALADIN	지안_R_BS	
2025. 11. 13 오후 1:08:57	9788952927743	우리 명절에는 어떤 이야기가 숨어 있을까?	햇살과나무꾼 (지은이), 한창수 (그림)	채우리	2002-07-30	https://image.aladin.co.kr/product/37/5/cover500/8952927745_1.jpg	국내도서>어린이>동화/명작/고전>학습동화	8800	구판절판	손에 잡히는 옛 사람들의 지혜 20		160	ALADIN	지안_R_BS	
2025. 11. 13 오후 1:09:10	9788955882216	옛 그림 속에 숨은 문화유산 찾기 - 교과서에 나오는 우리 그림 32점으로 본 유물과 풍속	이광표 (지은이), 한용욱 (그림)	그린북	2011-03-25	https://image.aladin.co.kr/product/1122/34/cover500/8955882211_1.jpg	국내도서>어린이>문화/예술/인물>한국전통문화	15000		통 큰 어린이 인문학 시리즈 1		211	ALADIN	지안_R_BS	
2025. 11. 13 오후 1:09:20	9788901031286	한눈에 보는 우리 문화재	김은하 (지은이)	웅진주니어	2000-11-01	https://image.aladin.co.kr/product/25/42/cover500/8901031280_1.jpg	국내도서>어린이>문화/예술/인물>한국전통문화	8000	품절			167	ALADIN	지안_R_BS	
2025. 11. 13 오후 1:09:31	9788901028132	한눈에 보는 우리민속 오천년	김은하 (지은이)	웅진주니어	1999-08-05	https://image.aladin.co.kr/product/20/25/cover500/8901028131_1.jpg	국내도서>어린이>문화/예술/인물>한국전통문화	7500	품절			182	ALADIN	지안_R_BS	
2025. 11. 13 오후 4:29:40	9788994407050	삼국유사 : 끊어진 하늘길과 계란맨의 비밀	조현범 (지은이), 김진화 (그림)	너머학교	2011-01-11	https://image.aladin.co.kr/product/858/34/cover500/8994407057_1.jpg	국내도서>청소년>청소년 고전	14500		너머학교 고전교실 1		224	ALADIN	지안_R_BS	
2025. 11. 13 오후 4:29:50	9788972231554	우리는 어떤 집에서 살았을까?	출판기획서가 (엮은이), 강효숙 (그림)	청솔	2000-02-28	https://image.aladin.co.kr/product/22/37/cover500/897223155x_1.gif	국내도서>어린이>문화/예술/인물>한국전통문화	8000	품절			104	ALADIN	지안_R_BS	
2025. 11. 13 오후 4:30:00	9788972232483	우리는 무엇을 타고 다녔을까? - 사진과 그림으로 보는 교통의 역사	권영인 (지은이)	청솔	2005-02-16	https://image.aladin.co.kr/product/54/49/cover500/8972232483_1.jpg	국내도서>어린이>문화/예술/인물>세계문화	8000	품절			126	ALADIN	지안_R_BS	
2025. 11. 13 오후 4:30:12	9788972232414	우리는 무얼 먹고 살았을까?	김왕기 (지은이)	청솔	2004-07-09	https://image.aladin.co.kr/product/50/44/cover500/8972232416_2.jpg	국내도서>어린이>초등5~6학년>과학/수학/사회	8000				101	ALADIN	지안_R_BS	
2025. 11. 13 오후 4:31:04	9788984311916	조선의 과학자들 - 하늘의 법칙을 찾아낸	고진숙 (지은이), 유준재 (그림)	한겨레아이들	2006-06-30	https://image.aladin.co.kr/product/66/84/cover500/898431191x_2.jpg	국내도서>어린이>과학/수학/컴퓨터>과학자	9500	구판절판	숨은 역사 찾기 3		176	ALADIN	지안_R_BS	
2025. 11. 13 오후 4:31:48	9788964962800	한강을 따라가요 - 어린이가 처음 만나는 지리 그림책	박승규 (지은이), 김찬우 (그림), 김성은 (기획)	토토북	2015-09-30	https://image.aladin.co.kr/product/6781/14/cover500/896496280x_1.jpg	국내도서>어린이>사회/역사/철학>지리/지도책	15000		어린이가 처음 만나는 지리 그림책 		40	ALADIN	지안_R_BS	
2025. 11. 13 오후 4:31:58	9788983892812	10원으로 배우는 경제이야기	미셀 르 뒤크, 나탈리 토르주만 (지은이), 이브 칼라르누 (그림), 조용희 (옮긴이)	풀과바람(영교출판)	2002-03-07	https://image.aladin.co.kr/product/33/29/cover500/8983892811_2.jpg	국내도서>어린이>사회/역사/철학>정치/경제/법	9000	절판	풀과바람 지식나무 1		80	ALADIN	지안_R_BS	
2025. 11. 13 오후 4:32:16	9788971845462	바다로 간 큰밀잠자리	김용택	출판사정보없음	2004-07-10	http://books.google.com/books/content?id=DRDmnAAACAAJ&printsec=frontcover&img=1&zoom=1&source=gbs_api	분류 없음	0	NOT_FOR_SALE			96	Google	지안_R_BS	
2025. 11. 13 오후 4:32:27	9788972995067	세종대왕님 세금이 뭐예요? - 어린이를 위한 교과서 속 경제 이야기	오기수 (지은이)	미래문화사	2019-06-15	https://image.aladin.co.kr/product/19467/79/cover500/8972995061_1.jpg	국내도서>어린이>사회/역사/철학>정치/경제/법	11000				112	ALADIN	지안_R_BS	
2025. 11. 13 오후 4:32:36	9791160402018	괭이갈매기도 모르는 독도 이야기	박지환 (지은이), 허현경 (그림)	한겨레아이들	2018-10-25	https://image.aladin.co.kr/product/17279/81/cover500/k112534094_2.jpg	국내도서>어린이>과학/수학/컴퓨터>환경 이야기	12000				140	ALADIN	지안_R_BS	
2025. 11. 13 오후 4:32:45	9791157820559	어떻게 소비해야 모두가 행복할까? - 바꿔 쓰고 나눠 쓰는 공유 경제 이야기	미셸 멀더 (지은이), 현혜진 (옮긴이)	초록개구리	2017-06-27	https://image.aladin.co.kr/product/11217/26/cover500/k112531486_1.jpg	국내도서>어린이>사회/역사/철학>정치/경제/법	12500		더불어 사는 지구 68		72	ALADIN	지안_R_BS	
2025. 11. 13 오후 4:32:57	9791156632641	Wow 화폐 속에는 누가 있을까?	형설아이 편집부 (엮은이)	형설아이	2016-10-14	https://image.aladin.co.kr/product/9445/98/cover500/k052535422_1.jpg	국내도서>어린이>문화/예술/인물>한국인물	9800	절판			200	ALADIN	지안_R_BS	
2025. 11. 13 오후 4:33:10	9788990267924	경제 : 부자가 되려면 꼭 알아야 할 6가지 방법	정수은 (지은이), 송진욱 (그림), 공병호 (감수)	아이앤북(I&BOOK)	2007-09-27	https://image.aladin.co.kr/product/98/80/cover500/8990267927_1.jpg	국내도서>어린이>사회/역사/철학>정치/경제/법	8500	구판절판	미래를 준비하는 어린이 2		176	ALADIN	지안_R_BS	
2025. 11. 13 오후 4:33:20	9788990267917	리더	김현민 (지은이), 나일영 (그림), 공병호 (감수)	아이앤북(I&BOOK)	2007-08-01	https://image.aladin.co.kr/product/96/36/cover500/8990267919_1.jpg	국내도서>어린이>초등3~4학년>자기계발	8500	구판절판	미래를 준비하는 어린이 1		175	ALADIN	지안_R_BS	
2025. 11. 13 오후 4:33:30	9788934965497	제레미 리프킨의 생각을 읽자 - 만화로 읽는 21세기 인문학 교과서	손영운 (지은이), 이철희 (그림)	김영사on	2014-03-25	https://image.aladin.co.kr/product/3928/64/cover500/8934965495_1.jpg	국내도서>인문학>교양 인문학	8500		인문학의 생각읽기 5		184	ALADIN	지안_R_BS	
2025. 11. 13 오후 4:33:41	9788934967170	리처드 도킨스의 생각을 읽자 - 만화로 읽는 21세기 인문학 교과서	손영운, 신현정 (지은이), 박지훈 (그림)	김영사on	2015-01-25	https://image.aladin.co.kr/product/5269/89/cover500/893496717x_1.jpg	국내도서>인문학>교양 인문학	8500		인문학의 생각읽기 8		208	ALADIN	지안_R_BS	
2025. 11. 13 오후 4:33:51	9788934965459	앨빈 토플러의 생각을 읽자 - 만화로 읽는 21세기 인문학 교과서	조희원 (지은이), 모해규 (그림), 손영운 (기획)	김영사on	2013-11-20	https://image.aladin.co.kr/product/3343/41/cover500/8934965452_2.jpg	국내도서>인문학>교양 인문학	12500		인문학의 생각읽기 1		188	ALADIN	지안_R_BS	
2025. 11. 13 오후 4:34:00	9791156108641	앎이 삶이 되는 동양철학	임정환 (지은이)	CIR(씨아이알)	2020-07-22	https://image.aladin.co.kr/product/24718/98/cover500/k432631517_1.jpg	국내도서>인문학>동양철학>동양철학 일반	15000				232	ALADIN	지안_R_BS	
2025. 11. 13 오후 4:34:24	9788984079007	어린이 인문학 - 공부 비법 전도사 조승연이 들려주는	조승연 (지은이), 박순구 (그림)	세종주니어	2015-12-22	https://image.aladin.co.kr/product/7234/52/cover500/8984079006_2.jpg	국내도서>어린이>초등5~6학년>상식/교양	12000				224	ALADIN	지안_R_BS	
2025. 11. 13 오후 4:34:34	9788936447076	어린이 대학 : 경제 - 어린이가 묻고 석학이 답하다	이정전, 권재원 (지은이)	창비	2017-07-25	https://image.aladin.co.kr/product/11356/96/cover500/8936447076_1.jpg	국내도서>어린이>사회/역사/철학>정치/경제/법	13000		어린이 대학 		148	ALADIN	지안_R_BS	
2025. 11. 13 오후 4:34:46	9788976333605	수익 분배의 경제학 - 디지털 시대, 합리적인 수익 분배 모델을 찾아서	오정석 (지은이)	삼성경제연구소	2007-10-29	https://image.aladin.co.kr/product/100/7/cover500/8976333608_1.jpg	국내도서>경제경영>경제학/경제일반>경제이야기	5000	품절	SERI 연구에세이 88		136	ALADIN	지안_R_BS	
2025. 11. 13 오후 4:34:56	9788976332660	카론의 동전 한 닢 - 정갑영의 新국부론	정갑영 (지은이)	삼성경제연구소	2005-08-19	https://image.aladin.co.kr/product/57/91/cover500/8976332660_2.jpg	국내도서>경제경영>경제학/경제일반>경제사/경제전망>한국 경제사/경제전망	5000		SERI 연구에세이 25		166	ALADIN	지안_R_BS	
2025. 11. 13 오후 4:35:07	9788953501782													지안_R_BS	
2025. 11. 13 오후 4:35:17	9788977771154	화폐로 배우는 세계의 문화 2	배원준 (지은이), 이승민 (그림)	가교(가교출판)	2004-09-10	https://image.aladin.co.kr/product/51/65/cover500/8977771153_1.gif	국내도서>어린이>문화/예술/인물>세계문화	9500	구판절판			215	ALADIN	지안_R_BS	
2025. 11. 13 오후 4:35:27	9788968304620	노동이 뭐예요?	자크 올리비에 포 (지은이), 하프밥 (그림), 이정주 (옮긴이)	개암나무	2018-06-29	https://image.aladin.co.kr/product/15258/24/cover500/8968304629_1.jpg	국내도서>어린이>사회/역사/철학>사회 일반	11000		물음표로 배우는 세상 3		68	ALADIN	지안_R_BS	
2025. 11. 13 오후 4:35:42	9788974741167	석유 에너지 - 전쟁을 일으키는 악마의 눈물	이필렬 (지은이), 안은진 (그림)	풀빛	2016-11-24	https://image.aladin.co.kr/product/9666/21/cover500/8974741164_1.jpg	국내도서>어린이>사회/역사/철학>사회 일반	12000		세계 시민 수업 2		120	ALADIN	지안_R_BS	
2025. 11. 13 오후 4:35:58	9791190277266	행동경제학	미셸 배들리 (지은이), 노승영 (옮긴이)	교유서가	2020-02-24	https://image.aladin.co.kr/product/23307/51/cover500/k192637819_1.jpg	국내도서>경제경영>경제학/경제일반>경제이론/경제사상	14000		교유서가 첫단추 시리즈 37		236	ALADIN	지안_R_BS	
2025. 11. 13 오후 4:36:08	9791190277648	의료윤리	마이클 던, 토니 호프 (지은이), 김준혁 (옮긴이)	교유서가	2020-08-07	https://image.aladin.co.kr/product/24843/4/cover500/k832631358_2.jpg	국내도서>인문학>교양 인문학	14000		교유서가 첫단추 시리즈 39		244	ALADIN	지안_R_BS	
2025. 11. 13 오후 4:36:20	9788954655149	숲	자부리 가줄 (지은이), 김명주 (옮긴이)	교유서가	2019-03-05	https://image.aladin.co.kr/product/18389/59/cover500/8954655149_1.jpg	국내도서>과학>동물과 식물>식물 일반	13800		교유서가 첫단추 시리즈 30		232	ALADIN	지안_R_BS	
2025. 11. 13 오후 4:36:29	9791190277020	포퓰리즘	카스 무데, 크리스토발 로비라 칼트바서 (지은이), 이재만 (옮긴이)	교유서가	2019-08-12	https://image.aladin.co.kr/product/20237/85/cover500/k202635753_1.jpg	국내도서>사회과학>사회사상/사회사상사>사회사상/사회사상사 일반	14800		교유서가 첫단추 시리즈 36		208	ALADIN	지안_R_BS	
2025. 11. 13 오후 4:36:41	9791189683351	행운과 불운에 대처하는 법	프란체스코 페트라르카 (지은이), 임희근 (옮긴이)	유유	2020-03-24	https://image.aladin.co.kr/product/23596/87/cover500/k312638423_1.jpg	국내도서>인문학>인문 에세이	16000		상냥한 지성 		256	ALADIN	지안_R_BS	
2025. 11. 13 오후 8:22:29	9791187142560	데일 카네기 인간관계론 (50만부 돌파 초판 무삭제 완역본)	데일 카네기 (지은이), 임상훈 (옮긴이)	현대지성	2019-10-07	https://image.aladin.co.kr/product/20945/79/cover500/s652933016_2.jpg	국내도서>자기계발>인간관계>인간관계	11500		데일 카네기 초판 완역본 시리즈 		352	ALADIN	지안_R_BS	
2025. 11. 13 오후 8:22:41	9788934965909	더 좋은 삶을 위한 철학 - 천사와 악마 사이 더 나은 선택을 위한 안내서	마이클 슈어 (지은이), 염지선 (옮긴이)	김영사	2023-02-24	https://image.aladin.co.kr/product/31132/45/cover500/8934965908_1.jpg	국내도서>인문학>인문 에세이	18000				408	ALADIN	지안_R_BS	
2025. 11. 13 오후 8:23:01	9791192894331	묻는다는 것 - 질문은 어떻게 우리를 해방시키는가?	정준희 (지은이), 이강훈 (그림)	너머학교	2023-09-20	https://image.aladin.co.kr/product/32355/82/cover500/k112935461_1.jpg	국내도서>청소년>청소년 인문/사회	15000		너머학교 열린교실 22		136	ALADIN	지안_R_BS	
2025. 11. 13 오후 8:23:40	9788932008806	아홉 켤레의 구두로 남은 사내	윤흥길 (지은이)	문학과지성사	1997-03-05	https://image.aladin.co.kr/product/19/61/cover500/8932008809_2.jpg	국내도서>소설/시/희곡>한국소설>2000년대 이전 한국소설	13000		문학과지성 소설 명작선 4		308	ALADIN	지안_R_BS	
2025. 11. 13 오후 8:23:55	9791190356602	수학은 어떻게 무기가 되는가 - 세상 모든 것을 숫자로 바라볼 수 있게 해준다	다카하시 요이치 (지은이), 김정환 (옮긴이)	센시오	2020-06-23	https://image.aladin.co.kr/product/24249/49/cover500/k412630369_1.jpg	국내도서>과학>수학>수학 일반	15000				202	ALADIN	지안_R_BS	
2025. 11. 13 오후 8:24:08	9788962624953	수학이 생명의 언어라면 - 수면부터 생체 리듬, 팬데믹, 신약 개발까지, 생명을 해독하는 수리생물학의 세계	김재경 (지은이)	동아시아	2024-09-05	https://image.aladin.co.kr/product/34554/83/cover500/8962624958_1.jpg	국내도서>과학>수학>수학 일반	18000				244	ALADIN	지안_R_BS	
2025. 11. 13 오후 8:24:20	9791130660769	편견 없는 유전자 - 너와 내가 생겨난 40억 년의 진화 이야기	애덤 러더포드 (지은이), 안주현 (옮긴이)	다산북스	2025-01-07	https://image.aladin.co.kr/product/35516/62/cover500/k342036764_1.jpg	국내도서>청소년>청소년 수학/과학	16800				192	ALADIN	지안_R_BS	
2025. 11. 13 오후 8:24:34	9788998658762	자기결정의 원칙	라인하르트 K. 슈프렝어 (지은이), 류동수 (옮긴이)	타커스(끌레마)	2022-12-07	https://image.aladin.co.kr/product/30539/42/cover500/8998658763_1.jpg	국내도서>자기계발>성공>성공학	16000				252	ALADIN	지안_R_BS	
2025. 11. 13 오후 8:24:47	9788934975618	김경일 교수의 심리학 수업 - 인간의 속마음을 들여다보는 일상의 과학	김경일 (지은이)	김영사	2023-06-30	https://image.aladin.co.kr/product/31981/58/cover500/893497561x_1.jpg	국내도서>인문학>심리학/정신분석학>교양 심리학	11500		굿모닝 굿나잇 (Good morning Good night) 		176	ALADIN	지안_R_BS	
2025. 11. 13 오후 8:25:13	9791190864879	인디펜던트 워커 - 좋아하고, 잘하고, 의미 있는 나만의 일 만들기	정혜윤 (지은이)	스리체어스	2021-03-15	https://image.aladin.co.kr/product/26611/63/cover500/k652739936_2.jpg	국내도서>자기계발>취업/진로/유망직업>크리에이터/1인미디어	12000		북저널리즘 (Book Journalism) 61		196	ALADIN	지안_R_BS	
2025. 11. 13 오후 8:26:11	9788963720654	그대들, 어떻게 살 것인가	요시노 겐자부로 (지은이), 김욱 (옮긴이)	양철북	2012-06-15	https://image.aladin.co.kr/product/1794/55/cover500/8963720659_2.jpg	국내도서>청소년>청소년 자기계발	15000				264	ALADIN	지안_R_BS	
2025. 11. 14 오전 11:34:13	9788930200820	Why? 지중해 세계와 로마 문명	김승렬 (지은이), 박종성 (그림), 조한욱 (감수)	예림당	2010-05-25	https://image.aladin.co.kr/product/631/31/cover500/8930200826_1.jpg	국내도서>어린이>사회/역사/철학>세계사	10000	구판절판	Why? 세계사 20		200	ALADIN		
2025. 11. 14 오후 4:23:18	9791188609529	지구촌 슬픈 갈등 탐구생활 - 착한 사회를 위한 국제 분쟁과 난민 이야기, 개정판	이두현, 김선아, 권미혜, 이준희, 이용직 (지은이), 박지윤 (그림)	파란자전거	2024-04-10	https://image.aladin.co.kr/product/33698/34/cover500/k752939149_1.jpg	국내도서>어린이>사회/역사/철학>전쟁/평화 이야기	13900		착한 사회를 위한 탐구생활 시리즈 		201	ALADIN		
2025. 11. 14 오후 4:23:52	9791196278014	빌 게이츠의 화장실 - 지속가능한 지구를 위한 화장실 혁명, 2020 환경부 우수환경도서	이순희 (지은이)	빈빈책방	2018-04-09	https://image.aladin.co.kr/product/14014/40/cover500/k212532932_2.jpg	국내도서>과학>공학>환경공학	14000				128	ALADIN		
2025. 11. 14 오후 4:24:07	9788901056494	여우비	김선희 (지은이), 신민재 (그림)	웅진주니어	2006-03-30	https://image.aladin.co.kr/product/63/91/cover500/8901056496_2.jpg	국내도서>어린이>동화/명작/고전>국내창작동화	10000		웅진책마을 30		183	ALADIN		
2025. 11. 14 오후 4:24:33	9788933115725	카를로 아쿠티스	닉 메일렌더 (지은이), 알베르트 카레레스 (그림), 조안나 (옮긴이)	바오로딸	2025-05-16	https://image.aladin.co.kr/product/36431/9/cover500/8933115722_1.jpg	국내도서>종교/역학>가톨릭>가톨릭 인물	13000				200	ALADIN		
2025. 11. 14 오후 4:24:56	9788936447007	왕국을 구한 소녀 안젤라의 경제 이야기	조경숙, 이기욱 (지은이), 고상미 (그림)	창비	2016-12-15	https://image.aladin.co.kr/product/9873/24/cover500/8936447009_1.jpg	국내도서>어린이>사회/역사/철학>정치/경제/법	12000		사회와 친해지는 책 		220	ALADIN		
2025. 11. 14 오후 4:25:07	9788934991328	사피엔스 : 그래픽 히스토리 Vol.1 - 인류의 탄생	유발 하라리 (원작), 다니엘 카사나브 (그림), 김명주 (옮긴이), 다비드 반데르묄렝 (각색)	김영사	2020-11-23	https://image.aladin.co.kr/product/25686/5/cover500/8934991321_1.jpg	국내도서>인문학>교양 인문학	19800		사피엔스 : 그래픽 히스토리 1		248	ALADIN		
2025. 11. 14 오후 4:26:11	9788978894845	바다에 대한 예의 - 인류의 공유자원 바다를 지키기 위한 책임과 의무	주현희 (지은이)	지성사	2021-12-23	https://image.aladin.co.kr/product/28595/82/cover500/8978894844_1.jpg	국내도서>청소년>청소년 수학/과학	8000		미래를 꿈꾸는 해양문고 43		144	ALADIN		
2025. 11. 16 오후 3:37:20	9788930200929	Why? 세계사 미국	남춘자 (지은이), 크레파스 (그림), 정상준 (감수)	예림당	2011-02-10	https://image.aladin.co.kr/product/919/6/cover500/8930200923_1.jpg	국내도서>어린이>사회/역사/철학>세계사	11000	구판절판	Why? 세계사 13		192	ALADIN		
2025. 11. 16 오후 3:37:40	9788930200950	Why? 세계사 독일	김승렬 (지은이), 윤현우 (그림), 송영심 (감수)	예림당	2011-09-15	https://image.aladin.co.kr/product/1333/65/cover500/8930200958_1.jpg	국내도서>어린이>사회/역사/철학>세계사	11000	구판절판	Why? 세계사 15		192	ALADIN		
2025. 11. 16 오후 3:37:50	9788930232425	Why? 한국사 궁궐 이야기	허순봉 (지은이), 극동만화연구소 (옮긴이), 문철영 (감수)	예림당	2010-09-15	https://image.aladin.co.kr/product/792/82/cover500/8930232426_1.jpg	국내도서>어린이>초등 한국사	11000	구판절판	Why? 한국사 13		278	ALADIN		
2025. 11. 16 오후 3:38:02	9788930232401	Why? 한국사 승자와 패자	이근 (지은이), 극동만화연구소 (그림), 문철영 (감수)	예림당	2010-04-20	https://image.aladin.co.kr/product/691/47/cover500/893023240x_1.jpg	국내도서>어린이>초등 한국사	11000	구판절판	Why? 한국사 11		248	ALADIN		
2025. 11. 16 오후 3:38:26	9788930232418	Why? 한국사 왕자와 공주	이근 (지은이), 극동만화연구소 (옮긴이), 문철영 (감수)	예림당	2010-06-15	https://image.aladin.co.kr/product/726/73/cover500/8930232418_1.jpg	국내도서>어린이>초등 한국사	11000	구판절판	Why? 한국사 12		248	ALADIN		
2025. 11. 16 오후 3:38:50	9788930232517	Why? 한국사 왕비 이야기	이근 (글), 극동만화연구소 (그림), 문철영 (감수)	예림당	2013-05-01	https://image.aladin.co.kr/product/2624/45/cover500/8930232515_1.jpg	국내도서>어린이>초등 한국사	11000	구판절판	Why? 한국사 22		248	ALADIN		
2025. 11. 16 오후 3:39:19	9788993179736	도대체 날씨가 왜 이래? - 지구 온난화.기후 변화 바로 알기	안동희 (지은이)	아롬주니어	2018-04-10	https://image.aladin.co.kr/product/14114/12/cover500/8993179735_1.jpg	국내도서>어린이>과학/수학/컴퓨터>환경 이야기	13000		아롬지식문고 		160	ALADIN		
2025. 11. 16 오후 3:40:11	9788992010061	써프라이즈 오딧셈의 수학대모험 1 - 수의 세계	강상균 (지은이), 박철권 (그림), 안소정	스콜라(위즈덤하우스)	2006-04-10	https://image.aladin.co.kr/product/64/14/cover500/8992010060_3.jpg	국내도서>어린이>과학/수학/컴퓨터>초등 수학	9800	품절	써프라이즈 오딧셈의 수학대모험 1		264	ALADIN		
2025. 11. 16 오후 3:40:36	9788954430142	시간의 규칙을 찾아서	과학주머니 (지은이), 이지후 (그림)	자음과모음	2013-10-08	https://image.aladin.co.kr/product/3166/35/cover500/8954430147_1.jpg	국내도서>어린이>과학/수학/컴퓨터>과학 일반	12000		수학으로 통하는 과학 3		244	ALADIN		
2025. 11. 16 오후 3:40:52	9788954430845	밤하늘에 숨은 도형을 찾아라! - STEAM 수학.과학 창의 스토리	서원호 (지은이), 최은영 (그림)	자음과모음	2014-06-15	https://image.aladin.co.kr/product/4210/43/cover500/8954430848_1.jpg	국내도서>어린이>과학/수학/컴퓨터>초등 수학	12000		수학으로 통하는 과학 6		216	ALADIN		
2025. 11. 16 오후 3:41:34	9788954430388	그림자로 지구 크기를 재어라!	전영석, 이연주, 전민지 (지은이), 이지후 (그림)	자음과모음	2013-12-13	https://image.aladin.co.kr/product/3408/69/cover500/8954430384_2.jpg	국내도서>어린이>과학/수학/컴퓨터>지구와 우주	12000		수학으로 통하는 과학 4		216	ALADIN		
2025. 11. 16 오후 3:41:54	9788954430555	확률로 유전의 비밀을 풀어라 - STEAM 수학.과학 창의 스토리	강호진 (지은이), 최은영 (그림)	자음과모음	2014-03-03	https://image.aladin.co.kr/product/3796/96/cover500/s102836628_1.jpg	국내도서>어린이>과학/수학/컴퓨터>생물과 생명	12000		수학으로 통하는 과학 5		248	ALADIN		
2025. 11. 16 오후 3:42:29	9788992010078	써프라이즈 오딧셈의 수학대모험 2 - 도형의 세계	강상균 (지은이), 박철권 (그림), 안소정	스콜라(위즈덤하우스)	2006-07-27	https://image.aladin.co.kr/product/67/37/cover500/8992010079_2.jpg	국내도서>어린이>과학/수학/컴퓨터>초등 수학	9800	품절	써프라이즈 오딧셈의 수학대모험 2		270	ALADIN		
2025. 11. 16 오후 3:42:49	9788989192596	세상 밖으로 날아간 수학 - 수학의 개념을 밝혀 주는 5가지 이야기	이시하라 기요타카 (지은이), 사와다 토시키 (그림), 김이경 (옮긴이)	파란자전거	2007-02-20	https://image.aladin.co.kr/product/88/42/cover500/8989192595_3.jpg	국내도서>어린이>과학/수학/컴퓨터>초등 수학	12900		꿈꾸는 책꽂이 1		190	ALADIN		
2025. 11. 16 오후 3:44:20	9791162100097	맛있는 수학 파이 - 지겨운 수학 시간에 친구들과 나눠 먹는 달콤한 동시집	오은영 (지은이), 홍하나 (그림)	바람의아이들	2018-01-25	https://image.aladin.co.kr/product/13504/58/cover500/k602532600_1.jpg	국내도서>어린이>초등 전학년>동시/동요	11000		높새바람 44		100	ALADIN		
2025. 11. 16 오후 3:56:28	9788996331391	사라진 수학거울을 찾아라 - 상위 10%를 위한 수학동화	정완상 (지은이), 조윤영 (그림)	쿠폰북	2010-07-05	https://image.aladin.co.kr/product/730/18/cover500/8996331392_1.jpg	국내도서>어린이>과학/수학/컴퓨터>초등 수학	11000	품절	개념잡는 수학동화 모험편 2		176	ALADIN		
2025. 11. 16 오후 3:56:38	9788996331384	수학자 납치 사건 - 상위 10%를 위한 수학동화	정완상 (지은이), 이화 (그림)	쿠폰북	2010-04-09	https://image.aladin.co.kr/product/672/74/cover500/8996331384_1.jpg	국내도서>어린이>초등5~6학년>동화/명작/고전	11000	구판절판	개념잡는 수학동화 탐정편 5		163	ALADIN		
2025. 11. 16 오후 3:56:48	9788930205399	Why? 지구	이광웅 (지은이), 박종관 (그림), 조경철 (감수)	예림당	2002-05-30	https://image.aladin.co.kr/product/36/9/cover500/8930205399_1.gif	국내도서>어린이>과학/수학/컴퓨터>지구와 우주	9000	구판절판	[구판] 초등과학학습만화 Why? 6		160	ALADIN		
2025. 11. 16 오후 3:56:58	9788930206396	Why? 똥	허순봉 (지은이), 송회석 (그림), 박완철 (감수)	예림당	2005-11-30	https://image.aladin.co.kr/product/60/44/cover500/8930206395_1.jpg	국내도서>어린이>과학/수학/컴퓨터>생물과 생명	9000	구판절판	[구판] 초등과학학습만화 Why? 20		160	ALADIN		
2025. 11. 16 오후 3:57:08	9788992704168	초등학생이 꼭 알아야 할 우리 민족과학 - LG사이언스랜드와 함께하는 과학이야기	이찬희 (지은이), LG사이언스랜드	글로연	2009-12-18	https://image.aladin.co.kr/product/597/1/cover500/899270416x_1.jpg	국내도서>어린이>과학/수학/컴퓨터>과학 일반	12000				237	ALADIN		
2025. 11. 16 오후 3:58:27	9788965130840	공부가 되는 별자리 이야기	글공작소 (지은이)	아름다운사람들	2011-03-28	https://image.aladin.co.kr/product/1107/56/cover500/8965130840_1.jpg	국내도서>어린이>과학/수학/컴퓨터>지구와 우주	12000		공부가 되는 시리즈 		206	ALADIN		
2025. 11. 16 오후 3:58:40	9788943103712	과학 블로그 1 : 세상의 시작, 우주의 탄생과 거인의 등장 - 상위 1%로 가는 비밀수업	과학노리 (글), 전국초등과학교사모임 (그림), 이태형, 카툰플러스 (감수)	킨더랜드	2009-04-01	https://image.aladin.co.kr/product/359/48/cover500/8943103700_1.jpg	국내도서>어린이>초등5~6학년>과학/수학/사회	10000	절판			201	ALADIN		
2025. 11. 16 오후 3:58:53	9788943103729	과학 블로그 2 : 문명의 아침, 세계 4대 문명과 과학의 태동 - 상위 1%로 가는 비밀수업	과학노리 (지은이), 카툰플러스 (그림), 이태형, 전국초등과학교사모임 (감수)	킨더랜드	2009-04-30	https://image.aladin.co.kr/product/369/33/cover500/8943103727_1.jpg	국내도서>어린이>초등5~6학년>과학/수학/사회	10000	절판			195	ALADIN		
2025. 11. 16 오후 3:59:11	9791186474006	과학 블로그 2 : 문명의 아침, 세계4대 문명과 과학의 태동 - 상위 1%로 가는 비밀수업	과학노리 (지은이), 카툰플러스 (그림), 이태형, 전국초등과학교사모임 (감수)	사이언스주니어	2015-04-01	https://image.aladin.co.kr/product/5573/12/cover500/6000827121_1.jpg	국내도서>어린이>과학/수학/컴퓨터>과학 일반	12000		과학 블로그 2		208	ALADIN		
2025. 11. 16 오후 3:59:26	9788943103736	과학 블로그 3 : 자연을 이해하다, 그리스와 로마 - 상위 1%로 가는 비밀수업	과학노리 (지은이), 카툰플러스 (그림), 이태형, 전국초등과학교사모임 (감수)	킨더랜드	2009-06-26	https://image.aladin.co.kr/product/418/46/cover500/8943103735_1.jpg	국내도서>어린이>과학/수학/컴퓨터>과학 일반	10000	구판절판			210	ALADIN		
2025. 11. 16 오후 4:00:09	9788912571344	곤충과 작은생물 - 과학퀴즈박사 1	사토 마사히코 (지은이)	고려원(고려원미디어)	1997-01-10	https://image.aladin.co.kr/img/noimg_b.gif	국내도서>어린이>과학/수학/컴퓨터>생물과 생명	6000	절판			94	ALADIN		
2025. 11. 16 오후 4:00:22	9788912571351	식물 기르기(과학퀴즈박사 2)	사토마사히코	출판사정보없음	1997-01-10		Children's questions and answers	0	NOT_FOR_SALE			94	Google		
2025. 11. 16 오후 4:00:50	9788912571368	인체의 구조 - 과학퀴즈박사 3	사카모토 구니카즈 (지은이)	고려원(고려원미디어)	1997-01-10	https://image.aladin.co.kr/img/noimg_b.gif	국내도서>어린이>과학/수학/컴퓨터>우리 몸	6000	절판			94	ALADIN		
2025. 11. 16 오후 4:01:00	9788912571375	물과 공기 - 과학퀴즈박사 4	오타 마코토 (지은이)	고려원(고려원미디어)	1997-01-10	https://image.aladin.co.kr/img/noimg_b.gif	국내도서>어린이>과학/수학/컴퓨터>지구와 우주	6000	절판			94	ALADIN		
2025. 11. 16 오후 4:01:10	9788912571382	하천과 바다 - 과학퀴즈박사 5	이소노 스스무 (지은이)	고려원(고려원미디어)	1997-01-10	https://image.aladin.co.kr/img/noimg_b.gif	국내도서>어린이>과학/수학/컴퓨터>지구와 우주	6000	절판			94	ALADIN		
2025. 11. 16 오후 4:01:22	9788912571399	자석과 전기 - 과학퀴즈박사 6	다카노 노리히사 (지은이)	고려원(고려원미디어)	1997-01-10	https://image.aladin.co.kr/img/noimg_b.gif	국내도서>어린이>과학/수학/컴퓨터>과학 일반	6000	절판			94	ALADIN		
2025. 11. 16 오후 4:01:34	9788912571405	무게와 천칭 - 과학퀴즈박사 7	기도 리쓰오 (지은이)	고려원(고려원미디어)	1997-01-10	https://image.aladin.co.kr/img/noimg_b.gif	국내도서>어린이>과학/수학/컴퓨터>지구와 우주	6000	절판			94	ALADIN		
2025. 11. 16 오후 4:02:16	9788912571412	빛과 소리 - 과학퀴즈박사 8	세키타 요시히로 (지은이)	고려원(고려원미디어)	1997-01-10	https://image.aladin.co.kr/img/noimg_b.gif	국내도서>어린이>과학/수학/컴퓨터>과학 일반	6000	절판			94	ALADIN		
2025. 11. 16 오후 4:02:54	9788974746315	꼬물꼬물 세균대왕 미생물이 지구를 지켜요 - 자연의 아이들	김성화, 권수진 (지은이), 박재현 (그림)	풀빛	2007-11-20	https://image.aladin.co.kr/product/101/0/cover500/897474631x_1.jpg	국내도서>어린이>과학/수학/컴퓨터>생물과 생명	12000		지구를 살리는 친구 (풀빛 지구지킴이) 1		128	ALADIN		
2025. 11. 16 오후 4:03:16	9788915024359	나는 상식의 왕 - 우리몸	장수하늘소 (글), 김기훈 (그림)	삼성출판사	2001-03-05	https://image.aladin.co.kr/product/27/1/cover500/8915024354_1.gif	국내도서>어린이>초등 전학년>학습일반	6000	절판			206	ALADIN		
2025. 11. 16 오후 4:03:27	9788915024373	나는 상식의 왕 - 과학	장수하늘소 (지은이), 임덕영 (그림)	삼성출판사	2001-03-05	https://image.aladin.co.kr/product/27/1/cover500/8915024370_1.gif	국내도서>어린이>초등 전학년>학습일반	6000	절판			206	ALADIN		
2025. 11. 16 오후 4:03:39	9791186688847	공학은 세상을 어떻게 바꾸었을까?	황진규 (지은이), 박연옥 (그림)	어린이나무생각	2017-04-03	https://image.aladin.co.kr/product/10649/15/cover500/k892530248_1.jpg	국내도서>어린이>과학/수학/컴퓨터>과학 일반	13000				148	ALADIN		
2025. 11. 16 오후 4:03:49	9791157920709	공기를 통해 전달되는 소리	최원석 (지은이), 지문 (그림)	아이앤북(I&BOOK)	2016-08-10	https://image.aladin.co.kr/product/8764/98/cover500/k022535683_1.jpg	국내도서>어린이>과학/수학/컴퓨터>과학 일반	10000	구판절판	아이앤북 지식더하기 2		96	ALADIN		
2025. 11. 16 오후 4:04:01	9788937844591	돌도끼에서 우리별 3호까지 - 우리 과학 이야기	전상운 (지은이), 이상규 (그림)	미래엔아이세움	2008-09-10	https://image.aladin.co.kr/product/255/18/cover500/8937844591_2.jpg	국내도서>어린이>과학/수학/컴퓨터>과학 일반	12000	품절	아이세움 배움터 1		216	ALADIN		
2025. 11. 16 오후 4:04:11	9788984285064	세밀화로 그린 보리 어린이 버섯 도감 - 숲과 풀밭에 나는 우리 버섯 100종	이주용 (그림), 석순자, 가강현 (감수), 토박이	보리	2008-01-21	https://image.aladin.co.kr/product/172/1/cover500/8984285064_1.jpg	국내도서>어린이>어린이 사전/도감>세밀화 도감	30000	구판절판	세밀화로 그린 보리 어린이 7		263	ALADIN		
2025. 11. 16 오후 4:04:23	9788961771573	비상! 바이러스의 습격 - 바이러스의 모든 것	박상곤 (지은이), 이승연 (그림)	다림	2017-12-08	https://image.aladin.co.kr/product/12485/18/cover500/8961771574_1.jpg	국내도서>어린이>과학/수학/컴퓨터>생물과 생명	10000		I need 시리즈 24		104	ALADIN		
2025. 11. 16 오후 4:04:35	9791195094219	신기한 사람의 몸	실비 보시에 (지은이), 이렌 쇼흐 (그림), 이재현 (옮긴이)	잼에듀	2013-08-21	https://image.aladin.co.kr/product/3034/70/cover500/1195094213_1.jpg	국내도서>어린이>과학/수학/컴퓨터>생물과 생명	9000	품절	잼에듀 어린이 인문 교양서 		72	ALADIN		
2025. 11. 16 오후 4:04:44	9788936445492	박테리아 할머니 물고기 할아버지	김성화, 권수진 (지은이), 임선영 (그림)	창비	2006-03-31	https://image.aladin.co.kr/product/64/9/cover500/8936445499_1.jpg	국내도서>어린이>과학/수학/컴퓨터>생물과 생명	12000		과학과 친해지는 책 1		92	ALADIN		
2025. 11. 16 오후 4:04:53	9788927747451	어린이를 위한 4차 산업 혁명 안내서 - 2020 세종도서 교양부문 선정도서	정윤선 (지은이)	다락원	2019-09-30	https://image.aladin.co.kr/product/20826/35/cover500/8927747453_2.jpg	국내도서>어린이>과학/수학/컴퓨터>과학 일반	13000	절판			136	ALADIN		
2025. 11. 16 오후 4:05:04	9791185653310	초등학생이 꼭 알아야 하는 자연과학 백과	엘렌 팽스, 로버트 팽스 (지은이), 하정희 (옮긴이)	생각의집	2017-07-11	https://image.aladin.co.kr/product/11187/20/cover500/k212531289_1.jpg	국내도서>어린이>과학/수학/컴퓨터>생물과 생명	13800	구판절판			176	ALADIN		
2025. 11. 16 오후 4:05:15	9788925558011	도구와 기계의 원리 - 일상생활 속 궁금한 50가지	세실 쥐글라 (지은이), 조은미 (옮긴이)	주니어RHK(주니어랜덤)	2016-01-04	https://image.aladin.co.kr/product/7454/71/cover500/8925558017_1.jpg	국내도서>어린이>과학/수학/컴퓨터>과학 일반	11000		두근두근 과학 탐험 		116	ALADIN	지안_L_BS	
2025. 11. 16 오후 4:05:25	9791170181798													지안_L_BS	
2025. 11. 16 오후 4:05:48	9788958288596	백두에서 한라까지 우리나라 지도 여행	조지욱 (지은이), 신지수 (그림)	사계절	2015-05-07	https://image.aladin.co.kr/product/5930/75/cover500/8958288590_1.jpg	국내도서>어린이>사회/역사/철학>지리/지도책	13500		초등학생이 보는 지식정보그림책 		52	ALADIN	지안_L_BS	
2025. 11. 16 오후 4:05:59	9788958289791	아시아 지도 여행 아시아는 재밌다!	조지욱 (지은이), 김소영 (그림)	사계절	2016-06-03	https://image.aladin.co.kr/product/8511/23/cover500/8958289791_1.jpg	국내도서>어린이>사회/역사/철학>지리/지도책	16800		초등학생이 보는 지식정보그림책 		56	ALADIN	지안_L_BS	
2025. 11. 16 오후 4:06:11	9788958286769	세계와 만나는 그림책	무라타 히로코 (글), 테즈카 아케미 (그림), 강인 (옮긴이), 츠지하라 야스오 (감수)	사계절	2013-08-22	https://image.aladin.co.kr/product/3041/99/cover500/8958286768_1.jpg	국내도서>어린이>문화/예술/인물>세계문화	13800				48	ALADIN	지안_L_BS	
2025. 11. 16 오후 4:06:23	9788971842935	세계 명화와 함께 하는 그리스 로마 신화	박현철 (지은이)	푸른숲주니어	2000-09-30	https://image.aladin.co.kr/product/25/5/cover500/8971842938_1.gif	국내도서>어린이>사회/역사/철학>신화/종교	13000	구판절판			215	ALADIN	지안_L_BS	
2025. 11. 16 오후 4:07:10	9788915091634	그리스 로마 신화 (반양장)	김윤명 (그림), 권영미 (옮긴이), 김준우 (해설)	삼성출판사	2014-10-01	https://image.aladin.co.kr/product/4699/9/cover500/8915091639_1.jpg	국내도서>어린이>동화/명작/고전>세계명작	3900	구판절판	삼성 초등 세계 문학 (반양장) 28		256	ALADIN	지안_L_BS	
2025. 11. 16 오후 5:36:03	9788954416610	천재들이 만든 수학퍼즐 22 - 본편, 유클리드가 만든 평면도형의 측정	홍선호 (지은이)	자음과모음	2008-08-31	https://image.aladin.co.kr/product/274/73/cover500/8954416616_1.jpg	국내도서>어린이>초등5~6학년>과학/수학/사회	14000		천재들이 만든 수학퍼즐 22		142	ALADIN	지안_L_BS	
2025. 11. 16 오후 5:36:12	9788954416764	천재들이 만든 수학퍼즐 35 - 본편, 탈레스가 만든 합동과 닮음	채병하 (지은이)	자음과모음	2009-10-09	https://image.aladin.co.kr/product/478/22/cover500/8954416764_1.jpg	국내도서>청소년>청소년 수학/과학	11000		천재들이 만든 수학퍼즐 35		136	ALADIN	지안_L_BS	
2025. 11. 16 오후 5:36:22	9788954416627	천재들이 만든 수학퍼즐 21 - 본편, 탈레스가 만든 성냥개비 퍼즐	서해준 (지은이)	자음과모음	2008-08-29	https://image.aladin.co.kr/product/268/7/cover500/8954416624_1.jpg	국내도서>어린이>초등5~6학년>과학/수학/사회	11000		천재들이 만든 수학퍼즐 21		159	ALADIN	지안_L_BS	
2025. 11. 16 오후 6:56:20	9788954416580	천재들이 만든 수학퍼즐 8 - 본편, 피타고라스가 만든 규칙 찾기	홍선호 (지은이)	자음과모음	2008-01-23	https://image.aladin.co.kr/product/170/9/cover500/8954416586_1.jpg	국내도서>어린이>초등5~6학년>과학/수학/사회	14000		천재들이 만든 수학퍼즐 8		176	ALADIN	지안_L_BS	
2025. 11. 16 오후 6:56:32	9788954415569	파스칼이 들려주는 경우의 수 이야기	정연숙 (지은이)	자음과모음	2008-05-15	https://image.aladin.co.kr/product/215/25/cover500/8954415563_1.jpg	국내도서>어린이>과학/수학/컴퓨터>초등 수학	13700	구판절판	수학자가 들려주는 수학 이야기 18		186	ALADIN	지안_L_BS	
2025. 11. 16 오후 6:56:43	9788954415897	카르다노가 들려주는 확률 2 이야기	김하얀 (지은이)	자음과모음	2008-12-12	https://image.aladin.co.kr/product/293/18/cover500/895441589x_1.jpg	국내도서>청소년>청소년 수학/과학	13700	구판절판	수학자가 들려주는 수학 이야기 46		224	ALADIN	지안_L_BS	
2025. 11. 16 오후 6:56:54	9788954415613	카르다노가 들려주는 확률 1 이야기	김하얀 (지은이)	자음과모음	2008-06-17	https://image.aladin.co.kr/product/226/44/cover500/895441561x_2.jpg	국내도서>어린이>과학/수학/컴퓨터>초등 수학	13700	구판절판	수학자가 들려주는 수학 이야기 25		216	ALADIN	지안_L_BS	
2025. 11. 16 오후 6:57:04	9788954415798	페르마가 들려주는 약수와 배수 2 이야기	김화영 (지은이)	자음과모음	2008-07-31	https://image.aladin.co.kr/product/243/76/cover500/8954415792_1.jpg	국내도서>청소년>청소년 수학/과학	13700	구판절판	수학자가 들려주는 수학 이야기 33		152	ALADIN	지안_L_BS	
2025. 11. 16 오후 6:57:13	9788954415750	에우독소스가 들려주는 비 이야기	김승태 (지은이)	자음과모음	2008-06-03	https://image.aladin.co.kr/product/223/40/cover500/895441575x_1.jpg	국내도서>청소년>청소년 수학/과학	13700		수학자가 들려주는 수학 이야기 22		207	ALADIN	지안_L_BS	
2025. 11. 16 오후 6:57:24	9788954415460	페르마가 들려주는 약수와 배수 1 이야기	김화영 (지은이)	자음과모음	2007-12-17	https://image.aladin.co.kr/product/102/36/cover500/8954415466_1.jpg	국내도서>어린이>과학/수학/컴퓨터>초등 수학	13700	구판절판	수학자가 들려주는 수학 이야기 5		164	ALADIN	지안_L_BS	
2025. 11. 16 오후 7:08:50	9788991700079	세계여행 역사여행 - 러시아편, 초등학생이 꼭 가보고 싶은 나라	K&C 기획 (엮은이)	북마인(연림북스)	2005-08-30	https://image.aladin.co.kr/product/58/27/cover500/8991700071_1.jpg	국내도서>어린이>사회/역사/철학>세계사	7800	절판			159	ALADIN	지안_L_BS	
2025. 11. 16 오후 7:09:03	9788936445997	우리 겨레는 수학의 달인 - 경주로 떠나는 수학 여행	안소정 (지은이), 최현정 (그림)	창비	2010-02-26	https://image.aladin.co.kr/product/648/23/cover500/8936445995_1.jpg	국내도서>어린이>과학/수학/컴퓨터>초등 수학	12000		수학과 친해지는 책 3		138	ALADIN	지안_L_BS	
2025. 11. 16 오후 7:11:06	9791160571196	수학 천재로 만들어 주는 흥미진진한 수학 놀이	마이크 골드스미스 (지은이), 해리엇 러셀 (그림), 이범규 (옮긴이)	사파리	2017-07-20	https://image.aladin.co.kr/product/11409/22/cover500/k962531800_1.jpg	국내도서>어린이>과학/수학/컴퓨터>초등 수학	11000	구판절판	세상의 모든 지식 		96	ALADIN	지안_L_BS	
2025. 11. 16 오후 7:11:18	9791155092897	과학자처럼 생각하고 실험하는 과학 놀이	런던 과학 박물관 (지은이), 해리엇 러셀 (그림), 현종오 (옮긴이)	사파리	2016-09-05	https://image.aladin.co.kr/product/9061/22/cover500/k432535105_1.jpg	국내도서>어린이>과학/수학/컴퓨터>과학 일반	11000	구판절판	세상의 모든 지식 		96	ALADIN	지안_L_BS	
2025. 11. 17 오전 12:39:12	9791130671024	리버보이 - 전면개정판	팀 보울러 (지은이), 정해영 (옮긴이)	다산책방	2024-05-10	https://image.aladin.co.kr/product/33933/78/cover500/k282930134_1.jpg	국내도서>청소년>청소년 문학>청소년 소설	15000		다산책방 청소년문학 1		260	ALADIN	지안_L_BS	
2025. 11. 17 오전 8:54:46	9791195794799	설민석의 한국사 대모험 1 - 특명! 온달을 역사 천재로 만들어라!	설민석, 스토리박스 (지은이), 정현희 (그림), 태건 역사 연구소 (감수)	아이휴먼	2017-01-23	https://image.aladin.co.kr/product/10016/32/cover500/k512536564_2.jpg	국내도서>어린이>초등 한국사	9800	구판절판	설민석의 한국사 대모험 1		212	ALADIN	지안_L_BS	
2025. 11. 17 오전 8:55:23	9791196025809	설민석의 한국사 대모험 2 - 설쌤의 라이벌, 황대감의 등장!	설민석, 스토리박스 (지은이), 정현희 (그림), 태건 역사 연구소 (감수)	아이휴먼	2017-03-14	https://image.aladin.co.kr/product/10227/84/cover500/k782536886_3.jpg	국내도서>어린이>초등 한국사	10500	구판절판	설민석의 한국사 대모험 2		216	ALADIN	지안_L_BS	
2025. 11. 17 오전 8:55:34	9791196025847	설민석의 한국사 대모험 3 - 온달, 왕의 시험에 대비하라!	설민석, 스토리박스 (지은이), 정현희 (그림), 태건 역사 연구소 (감수)	아이휴먼	2017-05-26	https://image.aladin.co.kr/product/10780/17/cover500/k342530155_2.jpg	국내도서>어린이>초등 한국사	10500	구판절판	설민석의 한국사 대모험 3		212	ALADIN	지안_L_BS	
2025. 11. 17 오전 8:55:54	9791196025861	설민석의 한국사 대모험 4 - 선사시대 편 : 본격 부마 결정전, 온달 대 공갈!	설민석, 스토리박스 (지은이), 정현희 (그림), 태건 역사 연구소 (감수)	아이휴먼	2017-09-04	https://image.aladin.co.kr/product/11599/42/cover500/k962531918_1.jpg	국내도서>어린이>초등 한국사	10500	구판절판	설민석의 한국사 대모험 4		212	ALADIN	지안_L_BS	
2025. 11. 17 오전 8:56:17	9791196232160	설민석의 한국사 대모험 5 - 조선시대 편 : 온달이 아빠는 너무 바빠요!	설민석, 스토리박스 (지은이), 정현희 (그림), 태건 역사 연구소 (감수)	아이휴먼	2017-12-15	https://image.aladin.co.kr/product/12455/35/cover500/k282532761_1.jpg	국내도서>어린이>초등 한국사	10500	구판절판	설민석의 한국사 대모험 5		204	ALADIN	지안_L_BS	
2025. 11. 17 오전 8:56:20	9791188874088	설민석의 한국사 대모험 6 - 역사 속 라이벌 편 : 설쌤과 황 대감, 화해 대작전!	설민석, 스토리박스 (지은이), 정현희 (그림), 태건 역사 연구소 (감수)	아이휴먼	2018-04-20	https://image.aladin.co.kr/product/13814/13/cover500/k622532024_1.jpg	국내도서>어린이>초등 한국사	10500	구판절판	설민석의 한국사 대모험 6		212	ALADIN	지안_L_BS	
2025. 11. 17 오전 8:56:32	9791188874149	설민석의 한국사 대모험 7 - 지덕체 편 : 온달, 삼족오의 방울을 울려라!	설민석, 스토리박스 (지은이), 정현희 (그림), 태건 역사 연구소 (감수)	아이휴먼	2018-07-16	https://image.aladin.co.kr/product/14923/28/cover500/s232533665_1.jpg	국내도서>어린이>초등 한국사	10500	구판절판	설민석의 한국사 대모험 7		204	ALADIN	지안_L_BS	
2025. 11. 17 오전 8:56:37	9791188874217	설민석의 한국사 대모험 8 - 위기 극복 편 : 온달, 두 마리 토끼를 잡아라!	설민석, 스토리박스 (지은이), 정현희 (그림), 태건 역사 연구소 (감수)	아이휴먼	2018-10-24	https://image.aladin.co.kr/product/16868/13/cover500/k532534979_1.jpg	국내도서>어린이>초등 한국사	10500	구판절판	설민석의 한국사 대모험 8		204	ALADIN	지안_L_BS	
2025. 11. 17 오전 8:56:48	9791188874262	설민석의 한국사 대모험 9 - 독립운동 편 : 설쌤, 공갈이를 구해주세요!	설민석, 스토리박스 (지은이), 정현희 (그림), 태건 역사 연구소 (감수)	아이휴먼	2019-02-22	https://image.aladin.co.kr/product/17950/14/cover500/k552534233_2.jpg	국내도서>어린이>초등 한국사	10500	구판절판	설민석의 한국사 대모험 9		184	ALADIN	지안_L_BS	
2025. 11. 17 오전 8:56:59	9791188874293	설민석의 한국사 대모험 10 - 임시정부 편 : 공갈이는 어디에?	설민석, 스토리박스 (지은이), 정현희 (그림), 태건 역사 연구소 (감수)	아이휴먼	2019-05-07	https://image.aladin.co.kr/product/19007/0/cover500/k242635997_1.jpg	국내도서>어린이>초등 한국사	12000	구판절판	설민석의 한국사 대모험 10		200	ALADIN	지안_L_BS	
2025. 11. 17 오전 8:57:11	9791188874385	설민석의 한국사 대모험 11 - 고구려 편 : 부마 온달, 태학에 들어가다!	설민석, 스토리박스 (지은이), 정현희 (그림), 태건 역사 연구소 (감수)	아이휴먼	2019-08-05	https://image.aladin.co.kr/product/20004/68/cover500/k562635045_1.jpg	국내도서>어린이>초등 한국사	12000	구판절판	설민석의 한국사 대모험 11		208	ALADIN	지안_L_BS	
2025. 11. 17 오전 8:57:47	9791188874460	설민석의 한국사 대모험 12 - 조선의 발명품 편 : 특명! X맨의 정체를 밝혀라!	설민석, 스토리박스 (지은이), 정현희 (그림), 태건 역사 연구소 (감수)	아이휴먼	2019-12-05	https://image.aladin.co.kr/product/21613/51/cover500/k122636592_1.jpg	국내도서>어린이>초등 한국사	12000	구판절판	설민석의 한국사 대모험 12		212	ALADIN	지안_L_BS	
2025. 11. 17 오전 8:58:02	9791165382650	설민석의 한국사 대모험 13 - 역사의 진실 편 : 뒤바뀐 역사를 되돌려라!	설민석, 스토리박스 (지은이), 정현희 (그림), 태건 역사 연구소 (감수)	아이휴먼	2020-03-23	https://image.aladin.co.kr/product/23535/70/cover500/k662638920_1.jpg	국내도서>어린이>초등 한국사	12000	구판절판	설민석의 한국사 대모험 13		200	ALADIN	지안_L_BS	
2025. 11. 17 오전 8:58:16	9791165382674	설민석의 한국사 대모험 14 - 명의 허준 편 : 안녕, 로빈!	설민석, 스토리박스 (지은이), 정현희 (그림), 태건 역사 연구소 (감수)	아이휴먼	2020-07-08	https://image.aladin.co.kr/product/24258/33/cover500/k742630570_2.jpg	국내도서>어린이>초등 한국사	12000	구판절판	설민석의 한국사 대모험 14		200	ALADIN	지안_L_BS	
2025. 11. 17 오전 8:58:42	9788993963113	어린이 외교관 일본에 가다	김용운 (지은이), 김중석 (그림)	뜨인돌어린이	2010-01-08	https://image.aladin.co.kr/product/613/49/cover500/8993963118_1.jpg	국내도서>어린이>문화/예술/인물>세계문화	12000	절판	어린이 외교관 		200	ALADIN	지안_L_BS	
2025. 11. 17 오전 9:00:20	9788996564089	고대 왕국 백제를 찾아서 : 공주, 부여 편 - 700년의 찬란하고도 슬픈 역사	백제문화기획 (지은이), 이상규 (그림)	아카넷주니어	2011-10-11	https://image.aladin.co.kr/product/1338/30/cover500/8996564087_1.jpg	국내도서>어린이>초등 한국사	12000	품절	고대 왕국 백제를 찾아서 		155	ALADIN	지안_L_BS	
2025. 11. 17 오전 9:02:07	9788972232537	교실 밖의 한국사 1 - 우리 역사의 시작, 솔이와 함께하는 논술탐구	이근호 (지은이), 신재명, 박유진, 김미영 (그림)	청솔	2005-07-25	https://image.aladin.co.kr/product/57/65/cover500/897223253x_1.jpg	국내도서>어린이>초등5~6학년>과학/수학/사회	8000	품절			91	ALADIN	지안_L_BS	
2025. 11. 17 오전 9:03:06	9788972232551	교실 밖의 한국사 2 - 사국의 발전, 솔이와 함께하는 논술탐구	이근호 (지은이), 신재명, 박유진, 김미영 (그림)	청솔	2005-07-25	https://image.aladin.co.kr/product/57/72/cover500/6000155382_1.jpg	국내도서>어린이>초등5~6학년>과학/수학/사회	8500	품절			140	ALADIN	지안_L_BS	
2025. 11. 17 오전 9:06:15	9788972232568	교실 밖의 한국사 3 - 솔이와 함께하는 논술탐구	이근호 (지은이), 신재명, 박유진, 김미영 (그림)	청솔	2005-10-30	https://image.aladin.co.kr/product/59/38/cover500/8972232564_1.jpg	국내도서>어린이>초등5~6학년>과학/수학/사회	8500	품절			133	ALADIN	지안_L_BS	
2025. 11. 17 오전 9:06:31	9788972232605	교실 밖의 한국사 4 - 고려의 건국과 발전, 솔이와 함께하는 논술탐구	이근호 (지은이), 신재명, 박유진, 김미영 (그림)	청솔	2005-10-30	https://image.aladin.co.kr/product/66/12/cover500/8972232602_1.jpg	국내도서>어린이>초등5~6학년>과학/수학/사회	8500				138	ALADIN	지안_L_BS	
2025. 11. 17 오전 9:14:06	9788955617672	갈매기에게 나는 법을 가르쳐준 고양이	루이스 세풀베다 (지은이), 이억배 (그림), 유왕무 (옮긴이)	바다출판사	2015-04-15	https://image.aladin.co.kr/product/5880/56/cover500/8955617674_1.jpg	국내도서>어린이>동화/명작/고전>외국창작동화	9800	구판절판	8세부터 88세까지 읽는 동화 		163	ALADIN	지안_R_BS	
2025. 11. 17 오전 9:22:51	9788934913849	21세기 먼나라 이웃나라 1 - 네덜란드	이원복 (지은이)	김영사	2000-01-05	https://image.aladin.co.kr/product/44/89/cover500/8934913843_1.gif	국내도서>어린이>사회/역사/철학>세계사	9900	구판절판	먼나라 이웃나라 1		294	ALADIN	지안_L_BS	
2025. 11. 17 오전 9:23:05	9788934913856	21세기 먼나라 이웃나라 2 - 프랑스	이원복 (지은이)	김영사	2000-01-05	https://image.aladin.co.kr/product/44/89/cover500/8934913851_2.jpg	국내도서>어린이>사회/역사/철학>세계사	9900	구판절판	먼나라 이웃나라 2		286	ALADIN	지안_L_BS	
2025. 11. 17 오전 9:23:16	9788934913863	21세기 먼나라 이웃나라 3 - 도이칠란트	이원복 (지은이)	김영사	2000-01-05	https://image.aladin.co.kr/product/44/89/cover500/893491386x_2.jpg	국내도서>어린이>사회/역사/철학>세계사	9900	구판절판	먼나라 이웃나라 3		270	ALADIN	지안_L_BS	
2025. 11. 17 오전 9:23:25	9788934913870	21세기 먼나라 이웃나라 4 - 영국	이원복 (지은이)	김영사	2000-01-05	https://image.aladin.co.kr/product/44/89/cover500/8934913878_2.jpg	국내도서>어린이>사회/역사/철학>세계사	9900	구판절판	먼나라 이웃나라 4		285	ALADIN	지안_L_BS	
2025. 11. 17 오전 9:23:36	9788934913887	21세기 먼나라 이웃나라 5 - 스위스	이원복 (지은이)	김영사	2000-01-05	https://image.aladin.co.kr/product/44/89/cover500/8934913886_2.jpg	국내도서>어린이>사회/역사/철학>세계사	9900	구판절판	먼나라 이웃나라 5		273	ALADIN	지안_L_BS	
2025. 11. 17 오전 9:23:45	9788934913894	21세기 먼나라 이웃나라 6 - 이탈리아	이원복 (지은이)	김영사	2000-01-05	https://image.aladin.co.kr/product/44/89/cover500/8934913894_2.jpg	국내도서>어린이>사회/역사/철학>세계사	9900	구판절판	먼나라 이웃나라 6		262	ALADIN	지안_L_BS	
2025. 11. 17 오전 9:23:55	9788934913900	21세기 먼나라 이웃나라 7 - 일본 1 : 일본인 편	이원복 (지은이)	김영사	2000-01-05	https://image.aladin.co.kr/product/44/89/cover500/8934913908_1.gif	국내도서>어린이>사회/역사/철학>세계사	9900	구판절판	먼나라 이웃나라 7		265	ALADIN	지안_L_BS	
2025. 11. 17 오전 9:24:05	9788934913917	21세기 먼나라 이웃나라 8 - 일본 2 : 역사 편	이원복 (지은이)	김영사	2000-01-05	https://image.aladin.co.kr/product/44/89/cover500/8934913916_2.jpg	국내도서>어린이>사회/역사/철학>세계사	9900	구판절판	먼나라 이웃나라 8		268	ALADIN	지안_L_BS	
2025. 11. 17 오전 9:24:14	9788934913924	21세기 먼나라 이웃나라 9 - 우리나라	이원복 (지은이)	김영사	2000-01-05	https://image.aladin.co.kr/product/44/89/cover500/8934913924_1.gif	국내도서>어린이>초등 한국사	9900	구판절판	먼나라 이웃나라 9		258	ALADIN	지안_L_BS	
2025. 11. 17 오전 9:24:24	9788934915058	21세기 먼나라 이웃나라 10 - 미국 : 미국인 편	이원복 (지은이)	김영사	2004-07-26	https://image.aladin.co.kr/product/50/41/cover500/8934915056_1.gif	국내도서>어린이>사회/역사/철학>세계사	11900	구판절판	먼나라 이웃나라 10		256	ALADIN	지안_L_BS	
2025. 11. 17 오전 9:24:34	9788934915065	21세기 먼나라 이웃나라 11 - 미국 : 미국역사 편	이원복 (지은이)	김영사	2004-07-26	https://image.aladin.co.kr/product/50/41/cover500/8934915064_3.jpg	국내도서>어린이>사회/역사/철학>세계사	11900	구판절판	먼나라 이웃나라 11		256	ALADIN	지안_L_BS	
2025. 11. 17 오전 10:03:25	9791130660837	한눈에 펼쳐 보는 한국사 대 세계사 1~5 세트 - 전5권	강응천, 김덕련, 김형규, 백성현 (지은이), 문사철 (기획)	다산에듀	2024-12-02	https://image.aladin.co.kr/product/35398/87/cover500/k262035013_1.jpg	국내도서>역사>한국사 일반	100000		한눈에 펼쳐 보는 한국사 대 세계사 		1008	ALADIN		
2025. 11. 17 오후 4:56:20	9791190147781	고정욱 삼국지 1 : 일어서는 영웅들 - 주석으로 쉽게 읽는	고정욱 (엮은이)	애플북스	2022-01-07	https://image.aladin.co.kr/product/28540/66/cover500/k402835232_1.jpg	국내도서>청소년>청소년 고전	14800				244	ALADIN		
2025. 11. 17 오후 4:57:03	9791161720081	곤니치와, 일본 - 호기심 많은 아이를 위한 문화 여행	조피아 파미야노프스카-미칙 (지은이), 요안나 그로호츠카 (그림), 이지원 (옮긴이)	풀빛	2017-08-25	https://image.aladin.co.kr/product/11521/57/cover500/k682531406_1.jpg	국내도서>어린이>문화/예술/인물>세계문화	14000		책으로 여행하는 아이 1		160	ALADIN		
2025. 11. 17 오후 4:57:15	9791160560510	열두 발자국 - 생각의 모험으로 지성의 숲으로 지도 밖의 세계로 이끄는 열두 번의 강의	정재승 (지은이)	어크로스	2018-07-02	https://image.aladin.co.kr/product/15072/28/cover500/k072533160_2.jpg	국내도서>인문학>교양 인문학	16800	구판절판			400	ALADIN		
2025. 11. 17 오후 4:58:17	9788992161824	광고는 왜 10대를 좋아할까? - 10대를 똑똑한 소비자로 만드는 광고의 모든 것	샤리 그레이든 (지은이), 미셸 라모로 (그림), 김루시아 (옮긴이)	오유아이	2014-07-20	https://image.aladin.co.kr/product/4350/79/cover500/8992161824_1.jpg	국내도서>청소년>청소년 인문/사회	14000		지식은 모험이다 6		172	ALADIN		
2025. 11. 17 오후 4:58:26	9791160944532	중국, 세계 1위를 꿈꾸다!	강창훈 (지은이), 고세인 (그림)	사계절	2019-03-25	https://image.aladin.co.kr/product/18789/34/cover500/k162635477_1.jpg	국내도서>어린이>사회/역사/철학>사회 일반	15000		반갑다 사회야 23		128	ALADIN		
2025. 11. 17 오후 4:58:54	9791195718832	나쁜 어린이 표	황선미 (지은이), 이형진 (그림), 서울초등국어교과교육연구회 (도움글)	이마주	2017-02-10	https://image.aladin.co.kr/product/10234/74/cover500/k122536981_1.jpg	국내도서>어린이>동화/명작/고전>국내창작동화	12000	구판절판			88	ALADIN		
2025. 11. 17 오후 4:59:09	9788997962129	망원동 브라더스 - 2013년 제9회 세계문학상 우수상 수상작	김호연 (지은이)	나무옆의자	2013-07-10	https://image.aladin.co.kr/product/2814/50/cover500/8997962124_1.jpg	국내도서>소설/시/희곡>한국소설>2000년대 이후 한국소설	13000	구판절판			344	ALADIN		
2025. 11. 17 오후 4:59:58	9788984313149	암행어사 박문수	박현숙 (글), 윤정주 (그림)	한겨레아이들	2009-02-27	https://image.aladin.co.kr/product/337/64/cover500/8984313149_1.jpg	국내도서>어린이>동화/명작/고전>어린이를 위한 고전	8500	구판절판	한겨레 옛이야기 9		111	ALADIN		
2025. 11. 17 오후 5:00:09	9788956894751	박문수전	이효성 (지은이), 김승연 (그림)	꿈소담이	2010-09-10	https://image.aladin.co.kr/product/783/73/cover500/8956894752_3.jpg	국내도서>어린이>동화/명작/고전>어린이를 위한 고전	8000		우리 겨레 좋은 고전 16		192	ALADIN		
2025. 11. 17 오후 5:00:19	9788961553650	양파의 왕따 일기 2	문선이 (지은이), 박철민 (그림)	파랑새	2012-06-10	https://image.aladin.co.kr/product/1751/85/cover500/8961553658_1.jpg	국내도서>어린이>동화/명작/고전>국내창작동화	11000	구판절판	파랑새 사과문고 73		170	ALADIN		
2025. 11. 17 오후 5:02:27	9791188717033	우리가 꼭 알아야 할 판결 - 시민의 편에서 약자의 손을 잡아 준 판결 12, 개정판	홍경의 (지은이), 문신기 (그림), 차병직 (감수)	나무야	2018-10-30	https://image.aladin.co.kr/product/17191/65/cover500/k522534895_1.jpg	국내도서>어린이>사회/역사/철학>정치/경제/법	12000	구판절판	한걸음씩 2		160	ALADIN		
2025. 11. 17 오후 5:02:38	9791168417564	10대를 위한 돈으로 살 수 없는 것들 - 한국출판문화 진흥재단 2024년 상반기 올해의 청소년 교양도서 추천도서 선정	마이클 샌델 (원작), 이현희 (글), 김선욱 (감수)	미래엔아이세움	2023-12-20	https://image.aladin.co.kr/product/33068/55/cover500/k632937390_1.jpg	국내도서>어린이>사회/역사/철학>정치/경제/법	13500				180	ALADIN		
2025. 11. 17 오후 5:03:08	9788972232278	열하일기	박지원 (지은이), 성나미 (엮은이), 최수웅 (그림)	청솔	2003-07-03	https://image.aladin.co.kr/product/42/25/cover500/8972232270_2.jpg	국내도서>어린이>동화/명작/고전>어린이를 위한 고전	9000	구판절판	새롭게 읽는 좋은 우리 고전 10		195	ALADIN		
2025. 11. 17 오후 5:03:44	9788956894614	봉이 김선달	강용숙 (지은이), 계창훈 (그림)	꿈소담이	2008-04-10	https://image.aladin.co.kr/product/198/96/cover500/8956894612_1.jpg	국내도서>어린이>동화/명작/고전>어린이를 위한 고전	8000		우리 겨레 좋은 고전 2		184	ALADIN		
2025. 11. 17 오후 5:03:57	9791191836219	아홉 살에 시작하는 똑똑한 초등신문 - 초등학생이 꼭 알아야 하는 최신 뉴스	신효원 (지은이)	책장속북스	2023-05-05	https://image.aladin.co.kr/product/31486/32/cover500/k872832135_1.jpg	국내도서>어린이>사회/역사/철학>사회 일반	17500		똑똑한 초등신문 1		243	ALADIN		
2025. 11. 17 오후 5:04:08	9791155680964	책임지는 용기, 징비록 - 유성룡	최지운 (글), 조윤주 (그림)	상상의집	2015-03-10	https://image.aladin.co.kr/product/5483/83/cover500/6000822182_1.jpg	국내도서>어린이>초등 한국사	13000		어린이를 위한 역사 인물 1		160	ALADIN		
2025. 11. 17 오후 5:04:20	9791160407624	조선의 여걸 박씨부인	정출헌 (지은이), 조혜란 (그림)	한겨레아이들	2022-01-10	https://image.aladin.co.kr/product/28825/89/cover500/k052836593_1.jpg	국내도서>어린이>동화/명작/고전>국내창작동화	12000		한겨레 옛이야기 6		109	ALADIN		
2025. 11. 17 오후 5:06:17	9788934979593	퓰리처 선생님네 방송반 - 언론	전현정 (지은이), 박정섭 (그림), 김재중	주니어김영사	2017-11-21	https://image.aladin.co.kr/product/12417/83/cover500/8934979593_1.jpg	국내도서>어린이>사회/역사/철학>사회 일반	11500		처음 사회동화 1		160	ALADIN		
2025. 11. 17 오후 5:14:17	9788971848265	죄와 벌	표도르 도스토옙스키 (지은이), 이규환 (옮긴이)	푸른숲주니어	2009-12-21	https://image.aladin.co.kr/product/602/97/cover500/897184826x_2.jpg	국내도서>청소년>청소년 문학>청소년 소설	13800		푸른숲 징검다리 클래식 27		356	ALADIN		
2025. 11. 17 오후 11:02:28	9791190267182	한눈에 쏙 세계사 1 - 인류의 탄생과 고대 문명	김일옥 (지은이), 이은열 (그림), 박소연, 손은혜 (감수)	열다	2019-11-04	https://image.aladin.co.kr/product/21441/3/cover500/k282636190_2.jpg	국내도서>어린이>사회/역사/철학>세계사	12000		한눈에 쏙 세계사 1		144	ALADIN		
2025. 11. 17 오후 11:02:49	9791190267366	한눈에 쏙 세계사 7 - 혁명의 시대	신현수 (지은이), 이은열 (그림), 박소연, 손은혜 (감수)	열다	2020-01-02	https://image.aladin.co.kr/product/22506/76/cover500/k972636730_1.jpg	국내도서>어린이>사회/역사/철학>세계사	12000		한눈에 쏙 세계사 7		156	ALADIN		
2025. 11. 17 오후 11:07:48	9791186256183	어린이를 위한 하룻밤에 읽는 한국사 1 (특별판) - 우리 역사의 시작부터 남북국시대까지	최용범, 이우형 (지은이), 박기종 (그림)	페이퍼로드	2016-08-11	https://image.aladin.co.kr/product/25455/86/cover500/k312633614_1.jpg	국내도서>어린이>초등 한국사	10000		어린이를 위한 하룻밤에 읽는 한국사 1		176	ALADIN		
2025. 11. 17 오후 11:08:02	9791186256190	어린이를 위한 하룻밤에 읽는 한국사 2 (특별판) - 고려 시대에서 조선 시대까지	최용범, 이우형 (지은이), 박기종 (그림)	페이퍼로드	2016-08-11	https://image.aladin.co.kr/product/25455/84/cover500/k372633614_1.jpg	국내도서>어린이>초등 한국사	10000		어린이를 위한 하룻밤에 읽는 한국사 2		184	ALADIN		
2025. 11. 17 오후 11:08:13	9791186256206	어린이를 위한 하룻밤에 읽는 한국사 3 (특별판) - 근현대편 : 개화기에서 대한민국까지	최용범, 이우형 (지은이), 박기종 (그림)	페이퍼로드	2016-08-11	https://image.aladin.co.kr/product/25455/96/cover500/k532633614_1.jpg	국내도서>어린이>초등 한국사	11000		어린이를 위한 하룻밤에 읽는 한국사 3		176	ALADIN		
2025. 11. 17 오후 11:08:37	9788950943011	벌거벗은 한국사 3 - 조선의 명문 대학 성균관	이선영 (글), 이효실 (그림), 이상무 (감수), tvN STORY &lt;벌거벗은 한국사&gt; 제작진 (기획)	아울북	2023-07-19	https://image.aladin.co.kr/product/32089/72/cover500/8950943018_1.jpg	국내도서>어린이>초등 한국사	14000		벌거벗은 한국사 3		136	ALADIN		
2025. 11. 17 오후 11:08:49	9788950943004	벌거벗은 한국사 2 - 성종의 유교 정책과 연산군의 폭정	박선주 (글), 이효실 (그림), 김지영, 송웅섭 (감수), tvN STORY 〈벌거벗은 한국사〉 제작팀 (기획)	아울북	2023-04-26	https://image.aladin.co.kr/product/31566/47/cover500/895094300x_1.jpg	국내도서>어린이>초등 한국사	15800		벌거벗은 한국사 2		136	ALADIN		
2025. 11. 17 오후 11:09:02	9788950942991	벌거벗은 한국사 1 - 태조 이성계와 태종 이방원의 조선 건국	윤진숙 (글), 이효실 (그림), 김경수 (감수), tvN STORY 〈벌거벗은 한국사〉 제작팀 (기획)	아울북	2023-02-06	https://image.aladin.co.kr/product/31017/19/cover500/8950942992_1.jpg	국내도서>어린이>초등 한국사	15800		벌거벗은 한국사 1		136	ALADIN		
2025. 11. 18 오후 1:41:03	9780844257792	Ntc's Dictionary of Everyday American English Expressions (Paperback)	Richard A. Spears (지은이)	McGraw-Hill	1995-02-01	https://image.aladin.co.kr/product/18/89/cover500/0844257796_2.jpg	외국도서>교육/자료>참고자료>사전	31230				432	ALADIN		
2025. 11. 19 오후 2:59:34	9791163633228	배울수록 더 강해지는 인공 지능 - 인공 지능이 사람보다 더 똑똑해질까?	김다해 (지은이), 이현정 (그림)	뭉치	2021-01-02	https://image.aladin.co.kr/product/26248/13/cover500/k762738480_2.jpg	국내도서>어린이>과학/수학/컴퓨터>과학 일반	14000		초등융합 사회 과학 토론왕 55		138	ALADIN	지후	
2025. 11. 19 오후 2:59:44	9788997943432	친구 대장 나가신다!	이경순 (지은이), 서희주 (그림)	생각하는책상	2016-09-29	https://image.aladin.co.kr/product/9470/41/cover500/899794343x_1.jpg	국내도서>어린이>동화/명작/고전>국내창작동화	13000		학교 생활 백서 4		136	ALADIN	지후	
2025. 11. 19 오후 2:59:55	9788990611123	그런데요, 생태계가 뭐예요?	김성화, 권수진 (글), 조위라 (그림)	토토북	2004-02-25	https://image.aladin.co.kr/product/47/8/cover500/8990611121_2.jpg	국내도서>어린이>과학/수학/컴퓨터>환경 이야기	8500	구판절판	토토 과학상자 1		160	ALADIN	지후	
2025. 11. 19 오후 3:00:06	9788957368503	이곳저곳 우리 동네 지도 대장 나기호가 간다! - 마을과 지도	김평 (지은이), 정지윤 (그림), 유호진 (감수)	가나출판사	2016-10-10	https://image.aladin.co.kr/product/9444/32/cover500/8957368507_1.jpg	국내도서>어린이>사회/역사/철학>지리/지도책	14000		교과서 개념 잡는 초등 사회 그림책 		64	ALADIN	지후	
2025. 11. 19 오후 3:00:16	9791190337410	이상하지도 아프지도 않은 아이 - 장애인권 이야기	김예원 (지은이), 정진희 (그림)	우리학교	2020-07-27	https://image.aladin.co.kr/product/24742/13/cover500/k942631614_1.jpg	국내도서>어린이>동화/명작/고전>국내창작동화	12000		귀를 기울이면 		144	ALADIN	지후	
2025. 11. 19 오후 3:00:27	9788962681680	지도로 볼 수 없는 우리 땅을 알려 줄게	홍민정 (지은이), 안녕달 (그림), 진종헌 (감수)	해와나무	2017-11-30	https://image.aladin.co.kr/product/12247/79/cover500/8962681684_1.jpg	국내도서>어린이>사회/역사/철학>지리/지도책	11000				128	ALADIN	지후	
2025. 11. 19 오후 3:00:37	9788998537227	말과 글에도 주인이 있어요!!	장보람 (지은이), 최해영 (그림)	팜파스	2013-09-20	https://image.aladin.co.kr/product/3094/35/cover500/8998537222_1.jpg	국내도서>어린이>동화/명작/고전>학습동화	10000		팜파스 어린이 4		120	ALADIN	지후	
2025. 11. 19 오후 3:10:27	9788984312319	한중록	임정진 (지은이), 권문희 (그림)	한겨레아이들	2007-07-05	https://image.aladin.co.kr/product/93/82/cover500/8984312312_1.jpg	국내도서>어린이>동화/명작/고전>어린이를 위한 고전	8500	구판절판	한겨레 옛이야기 29		115	ALADIN	지후	
2025. 11. 19 오후 3:21:38	9788970572529	양파의 왕따 일기	문선이 (지은이), 박철민 (그림)	주니어파랑새(파랑새어린이)	2001-04-09	https://image.aladin.co.kr/product/27/41/cover500/897057252x_2.jpg	국내도서>어린이>동화/명작/고전>국내창작동화	11000	구판절판	파랑새 사과문고 30		144	ALADIN	지후	
2025. 11. 19 오후 3:21:49	9788936441623	열평 아이들	원유순 (지은이)	창비	1998-04-03	https://image.aladin.co.kr/product/10/31/cover500/8936441620_1.jpg	국내도서>어린이>동화/명작/고전>국내창작동화	10800		창비아동문고 162		194	ALADIN	지후	
2025. 11. 19 오후 3:22:01	9791187287155	여기는 따로섬 경제를 배웁니다 - 2017 오픈키드 좋은 어린이책 추천, 한우리 필독서 선정, 2016 으뜸책 선정	원예지 (지은이), 유설화 (그림), 윤기호 (감수)	천개의바람	2016-07-28	https://image.aladin.co.kr/product/8828/53/cover500/k292535099_1.jpg	국내도서>어린이>사회/역사/철학>정치/경제/법	13000		천개의 지식 1		120	ALADIN	지후	
2025. 11. 19 오후 3:22:11	9788971846278	멀쩡한 이유정	유은실 (지은이), 변영미 (그림)	푸른숲주니어	2008-11-25	https://image.aladin.co.kr/product/285/9/cover500/8971846275_1.jpg	국내도서>어린이>동화/명작/고전>국내창작동화	13000		푸른숲 작은 나무 13		148	ALADIN	지후	
2025. 11. 19 오후 3:28:00	9788936446376	너구리 판사 퐁퐁이 - 이야기로 배우는 법과 논리, 제16회 창비 ‘좋은 어린이책’ 기획 부문 수상작	신지영, 김대현 (지은이), 이경석 (그림)	창비	2013-10-30	https://image.aladin.co.kr/product/3273/88/cover500/8936446371_1.jpg	국내도서>어린이>사회/역사/철학>정치/경제/법	13000		사회와 친해지는 책 		148	ALADIN	지후	
2025. 11. 23 오후 6:35:20	9788901069616	처음 가진 열쇠 - 웅진푸른교실 8	황선미 (지은이), 신민재 (그림)	웅진주니어	2006-07-05	https://image.aladin.co.kr/product/66/88/cover500/890106961x_2.jpg	국내도서>어린이>동화/명작/고전>국내창작동화	9500	절판	웅진 푸른교실 8		134	ALADIN	지후	
2025. 11. 23 오후 6:35:30	9788901074023	피양랭면집 명옥이 - 웅진 푸른교실 7	원유순 (지은이), 최정인 (그림)	웅진주니어	2005-07-05	https://image.aladin.co.kr/product/57/2/cover500/8901050188_1.jpg	국내도서>어린이>동화/명작/고전>국내창작동화	9500		웅진 푸른교실 7		116	ALADIN	지후	
2025. 11. 23 오후 6:35:41	9788901074986	소원을 들어주는 선물 - 웅진 푸른교실 6	김선희 (지은이), 이상권 (그림)	웅진주니어	2004-07-05	https://image.aladin.co.kr/product/50/24/cover500/8901074982_1.jpg	국내도서>어린이>동화/명작/고전>국내창작동화	12000		웅진 푸른교실 6		120	ALADIN	지후	
2025. 11. 23 오후 6:35:55	9788901068596	나쁜 어린이표 - 웅진 푸른교실 1	황선미 (글), 권사우 (그림)	웅진주니어	1999-12-09	https://image.aladin.co.kr/product/96/34/cover500/8901068591_2.jpg	국내도서>어린이>초등1~2학년>동화/명작/고전	8000	구판절판	웅진 푸른교실 1		93	ALADIN	지후	
2025. 11. 23 오후 6:36:14	9788901068701	초대받은 아이들	황선미 (지은이), 김진이 (그림)	웅진주니어	2007-07-13	https://image.aladin.co.kr/product/96/62/cover500/8901068702_2.jpg	국내도서>어린이>동화/명작/고전>국내창작동화	8000	구판절판	웅진 푸른교실 3		96	ALADIN	지후	
2025. 11. 23 오후 6:36:26	9788901074368	애벌레가 애벌레를 먹어요 - 웅진 푸른교실 4	이상권 (글), 윤정주 (그림)	웅진주니어	2002-07-10	https://image.aladin.co.kr/product/36/55/cover500/8901037904_1.gif	국내도서>어린이>동화/명작/고전>국내창작동화	9500		웅진 푸른교실 4		108	ALADIN	지후	
2025. 11. 23 오후 6:36:37	9788901071817	일기 감추는 날 - 웅진 푸른교실 5	황선미 (지은이), 소윤경 (그림)	웅진주니어	2003-07-15	https://image.aladin.co.kr/product/42/26/cover500/8901071819_2.jpg	국내도서>어린이>동화/명작/고전>국내창작동화	8000	구판절판	웅진 푸른교실 5		112	ALADIN	지후	
2025. 11. 23 오후 6:37:05	9788901093031	연습학교	김해등 (지은이), 박재철 (그림)	웅진주니어	2009-04-01	https://image.aladin.co.kr/product/358/27/cover500/8901093030_1.jpg	국내도서>어린이>동화/명작/고전>국내창작동화	8000		웅진 푸른교실 10		104	ALADIN	지후	
2025. 11. 23 오후 6:37:16	9788901107448	오 시큰둥이의 학교생활	송언 (지은이), 최정인 (그림)	웅진주니어	2010-04-23	https://image.aladin.co.kr/product/691/18/cover500/8901107449_3.jpg	국내도서>어린이>동화/명작/고전>국내창작동화	9500		웅진 푸른교실 11		125	ALADIN	지후	
2025. 11. 23 오후 6:37:40	9788958280798	누구 엉덩이?	김정희 (글), 김유대 (그림)	사계절	2016-10-10	https://image.aladin.co.kr/product/9377/34/cover500/8958280794_3.jpg	국내도서>유아>그림책>나라별 그림책>한국 그림책	13000		사계절 아기그림책 19		22	ALADIN	지후	
2025. 11. 23 오후 6:37:50	9788971966761	오줌 멀리싸기 시합	장수경 (지은이), 권사우 (그림)	사계절	2000-05-23	https://image.aladin.co.kr/product/23/46/cover500/8971966769_2.jpg	국내도서>어린이>동화/명작/고전>국내창작동화	7500	구판절판	사계절 저학년문고 17		133	ALADIN	지후	
2025. 11. 23 오후 6:38:04	9788971965887	내 이름은 나답게	김향이 (지은이), 김종도 (그림)	사계절	1999-05-05	https://image.aladin.co.kr/product/19/9/cover500/8971965886_2.jpg	국내도서>어린이>동화/명작/고전>국내창작동화	7500	구판절판	사계절 저학년문고 13		128	ALADIN	지후	
2025. 11. 23 오후 6:38:24	9788971967249	동화책을 먹은 바둑이	노경실 (지은이), 신가영, 김명심, 심은숙 (그림)	사계절	2000-10-28	https://image.aladin.co.kr/product/25/60/cover500/8971967242_2.jpg	국내도서>어린이>동화/명작/고전>국내창작동화	8300	구판절판	사계절 저학년문고 1		120	ALADIN	지후	
2025. 11. 23 오후 6:38:34	9788958288534	재치가 배꼽 잡는 이야기	조호상 (지은이), 김성민 (그림)	사계절	2015-05-15	https://image.aladin.co.kr/product/5992/96/cover500/8958288531_1.jpg	국내도서>어린이>동화/명작/고전>어린이를 위한 고전	11000		사계절 저학년문고 8		104	ALADIN	지후	
2025. 11. 23 오후 6:38:54	9788971965160	가슴 뭉클한 옛날 이야기	김장성 (지은이), 권문희 (그림)	사계절	1998-09-25	https://image.aladin.co.kr/product/0/32/cover500/8971965169_2.jpg	국내도서>어린이>동화/명작/고전>국내창작동화	7500	구판절판	사계절 저학년문고 9		112	ALADIN	지후	
2025. 11. 23 오후 6:39:05	9788958285366	나도 편식할 거야	유은실 (지은이), 설은영 (그림)	사계절	2011-02-28	https://image.aladin.co.kr/product/976/57/cover500/8958285362_1.jpg	국내도서>어린이>동화/명작/고전>국내창작동화	10000		사계절 웃는 코끼리 10		56	ALADIN	지후	
2025. 11. 23 오후 6:39:21	9788958281528	걱정쟁이 열세 살	최나미 (지은이), 정문주 (그림)	사계절	2006-03-23	https://image.aladin.co.kr/product/63/32/cover500/8958281529_1.jpg	국내도서>어린이>동화/명작/고전>국내창작동화	9800		사계절 아동문고 59		156	ALADIN	지후	
2025. 11. 23 오후 6:39:34	9788958280316	갯벌, 무슨 일이 일어나고 있을까?	이혜영 (지은이), 조광현 (그림)	사계절	2004-09-20	https://image.aladin.co.kr/product/51/67/cover500/895828031x_2.jpg	국내도서>어린이>과학/수학/컴퓨터>환경 이야기	14500	품절			158	ALADIN	지후	
2025. 11. 23 오후 6:40:10	9788958284031	사투리의 맛	류호선 (지은이), 정지윤 (그림)	사계절	2009-10-09	https://image.aladin.co.kr/product/470/50/cover500/895828403x_1.jpg	국내도서>어린이>동화/명작/고전>국내창작동화	10500		사계절 중학년문고 16		136	ALADIN	지후	
2025. 11. 23 오후 11:41:56	9788958282099	깡딱지	강무홍 (지은이), 이광익 (그림)	사계절	2007-01-25	https://image.aladin.co.kr/product/87/90/cover500/8958282096_1.jpg	국내도서>어린이>동화/명작/고전>국내창작동화	9800		사계절 중학년문고 1		154	ALADIN	지후	
2025. 11. 26 오후 5:41:58	9788934972464	사피엔스 - 유인원에서 사이보그까지, 인간 역사의 대담하고 위대한 질문	유발 하라리 (지은이), 조현욱 (옮긴이), 이태수 (감수)	김영사	2023-04-01	https://image.aladin.co.kr/product/31424/4/cover500/k482832219_1.jpg	국내도서>인문학>인류학/고고학>인류학	26800		인류 3부작 시리즈 		648	ALADIN		
2025. 11. 26 오후 5:54:25	9788966264803	진짜 쉬운 자료 구조와 알고리즘 파이썬 편	제이 웬그로우 (지은이), 심재철 (옮긴이)	인사이트	2025-07-21	https://image.aladin.co.kr/product/36766/34/cover500/8966264808_1.jpg	국내도서>컴퓨터/모바일>컴퓨터 공학>자료구조/알고리즘	33000		프로그래밍 인사이트 Programming Insight 		536	ALADIN		
2025. 11. 26 오후 5:54:44	9791160501308	프로그래머를 위한 선형대수	히라오카 카즈유키, 호리 겐 (지은이), 이창신 (옮긴이)	길벗	2017-03-10	https://image.aladin.co.kr/product/10423/3/cover500/k032536399_1.jpg	국내도서>컴퓨터/모바일>컴퓨터 공학>자료구조/알고리즘	32000				428	ALADIN		
2025. 11. 27 오후 4:52:24	9788934944188	사피엔스 : 그래픽 히스토리 Vol.2 - 문명의 기둥	유발 하라리 (원작), 다니엘 카사나브 (그림), 김명주 (옮긴이), 다비드 반데르묄렝 (각색)	김영사	2021-11-22	https://image.aladin.co.kr/product/28335/55/cover500/8934944188_1.jpg	국내도서>인문학>교양 인문학	19800		사피엔스 : 그래픽 히스토리 2		256	ALADIN		
2025. 11. 27 오후 4:52:40	9788934935735	사피엔스 : 그래픽 히스토리 Vol.3 - 역사의 배후	유발 하라리 (원작), 다니엘 카사나브 (그림), 김명주 (옮긴이), 다비드 반데르묄렝 (각색)	김영사	2024-04-19	https://image.aladin.co.kr/product/33804/6/cover500/8934935731_1.jpg	국내도서>인문학>교양 인문학	19800		사피엔스 : 그래픽 히스토리 3		276	ALADIN		
2025. 11. 27 오후 6:04:59	9788901059488	하늘땅만큼 좋은 이원수 동화나라	이원수 (지은이), 이상권 (그림)	웅진주니어	2006-08-20	https://image.aladin.co.kr/product/68/17/cover500/8901059487_1.jpg	국내도서>어린이>동화/명작/고전>국내창작동화	12000		빛나는 어린이 문학 1		73	ALADIN		
2025. 11. 27 오후 6:05:10	9788901059495	귀머거리 너구리와 백석 동화나라	백석 (지은이), 이수지 (그림)	웅진주니어	2006-08-20	https://image.aladin.co.kr/product/68/17/cover500/8901059495_2.jpg	국내도서>어린이>동화/명작/고전>국내창작동화	12000		빛나는 어린이 문학 2		79	ALADIN		
2025. 11. 27 오후 6:05:21	9788901059518	아기소나무와 권정생 동화나라	권정생 (지은이), 이형진 (그림)	웅진주니어	2006-08-20	https://image.aladin.co.kr/product/68/17/cover500/8901059517_1.jpg	국내도서>어린이>동화/명작/고전>국내창작동화	12000		빛나는 어린이 문학 4		83	ALADIN		
2025. 11. 27 오후 6:05:32	9788901059525	우체통과 이주홍 동화나라	이주홍 (지은이), 김동성 (그림)	웅진주니어	2006-08-20	https://image.aladin.co.kr/product/68/17/cover500/8901059525_1.jpg	국내도서>어린이>동화/명작/고전>국내창작동화	12000	품절	빛나는 어린이 문학 5		73	ALADIN		
2025. 11. 27 오후 6:05:46	9788901057941	꽃장수와 이태준 동화나라	이태준 (지은이), 윤정주 (그림)	웅진주니어	2006-06-30	https://image.aladin.co.kr/product/66/85/cover500/8901057948_1.jpg	국내도서>어린이>동화/명작/고전>국내창작동화	12000		빛나는 어린이 문학 6		81	ALADIN		
2025. 11. 27 오후 6:05:56	9788901061719	호랑이 곶감과 마해송 동화나라	마해송 (지은이), 김용철 (그림)	웅진주니어	2006-11-28	https://image.aladin.co.kr/product/86/44/cover500/8901061716_1.jpg	국내도서>어린이>초등 전학년>동화/명작/고전	9500		빛나는 어린이 문학 7		87	ALADIN		
2025. 11. 27 오후 6:06:13	9788901064192	4월 그믐날 밤과 방정환 동화나라	방정환 (지은이), 한병호 (그림)	웅진주니어	2007-03-12	https://image.aladin.co.kr/product/89/45/cover500/8901064197_1.jpg	국내도서>어린이>초등 전학년>동화/명작/고전	12000	품절	빛나는 어린이 문학 8		65	ALADIN		
2025. 11. 28 오후 1:41:44	9780971412996	Story of the World, Vol. 3: History for the Classical Child: Early Modern Times (Paperback)	수잔 와이즈 바우어, S. Wise Bauer (지은이)	Peace Hill Press	2004-04-12	https://image.aladin.co.kr/product/94/52/cover500/0971412995_1.jpg	외국도서>어린이>교과 학습>역사  >일반	30000		The Story of the World 9		432	ALADIN		
2025. 12. 2 오후 2:09:01	9781524764722	One of Us Is Lying (Paperback) - 『누군가는 거짓말을 하고 있다』원서	캐런 M. 맥매너스 (지은이)	Delacorte Press	2017-05-30	https://image.aladin.co.kr/product/9483/40/cover500/1524764728_2.jpg	외국도서>청소년>소설/시/희곡>일반	18250	구판절판			368	ALADIN		
2026. 1. 27 오후 12:45:35	9791135474545	기하학 세상을 설명하다 - 만물의 기저에 숨어 있는 기하학	조던 엘렌버그 (지은이), 장영재 (옮긴이), 박부성 (감수)	브론스테인	2022-07-13	https://image.aladin.co.kr/product/29783/45/cover500/k862838503_1.jpg	국내도서>과학>수학>수학 일반	28000				692	ALADIN		
2026. 1. 27 오후 12:45:48	9780143127536	How Not to Be Wrong: The Power of Mathematical Thinking (Paperback)	조던 엘렌버그 (지은이)	Penguin Books	2015-05-26	https://image.aladin.co.kr/product/4732/1/cover500/0143127535_1.jpg	외국도서>과학/수학/생태>수학>응용수학	20200				480	ALADIN		
2026. 1. 31 오후 2:33:17	9780547577319	A Long Walk to Water (Paperback) - Based on a True Story	린다 수 박 (지은이)	Sandpiper	2011-10-04	https://image.aladin.co.kr/product/855/80/cover500/9780547577319_1.jpg	외국도서>어린이>픽션>역사 >아프리카 	11600				128	ALADIN		
2026. 2. 3 오후 6:14:06	9791190090018	우리가 빛의 속도로 갈 수 없다면 - 2019 제43회 오늘의 작가상 수상작	김초엽 (지은이)	허블	2019-06-24	https://image.aladin.co.kr/product/19359/16/cover500/s722039767_1.jpg	국내도서>소설/시/희곡>과학소설(SF)>한국 과학소설	17000				344	ALADIN		
2026. 2. 4 오후 2:53:29	9788952733788	멋진 징조들	닐 게이먼, 테리 프래쳇 (지은이), 이수현 (옮긴이)	시공사	2003-09-30	https://image.aladin.co.kr/product/43/43/cover500/8952733789_2.jpg	국내도서>소설/시/희곡>판타지/환상문학>외국판타지/환상소설	13000	구판절판	그리폰 북스 2		605	ALADIN		
2026. 2. 4 오후 2:54:21	9788936439743	혼모노	성해나 (지은이)	창비	2025-03-28	https://image.aladin.co.kr/product/36101/66/cover500/k152033655_2.jpg	국내도서>소설/시/희곡>한국소설>2000년대 이후 한국소설	18000				368	ALADIN		
2026. 2. 4 오후 2:55:30	9780547534268	A Single Shard: A Newbery Award Winner (Paperback)	린다 수 박 (지은이)	Sandpiper	2011-01-10	https://image.aladin.co.kr/product/748/50/cover500/0547534fff_1.jpg	외국도서>어린이>픽션>사회문제 >일반 	14500				176	ALADIN		
2026. 2. 4 오후 2:56:06	9780375762581	Word Smart Junior II, 2nd Edition (Paperback) - More Straight-A Vocabulary	C. L. 브랜틀리, Cynthia Johnson (지은이)	Princeton Review	2002-08-01	https://image.aladin.co.kr/product/40/0/cover500/0375762582_2.jpg	외국도서>어린이>영어 학습>Vocabulary	16700	절판			368	ALADIN		
2026. 2. 5 오전 10:14:54	9781484712375	Percy Jackson's Greek Gods (Paperback)	릭 라이어던 (지은이), 존 로코 (그림)	Disney Pr	2016-02-23	https://image.aladin.co.kr/product/6177/79/cover500/1484712374_2.jpg	외국도서>어린이>픽션>문학 >전설/신화 	18000				416	ALADIN		
2026. 2. 24 오전 12:37:49	9788960003125	고품격 영어상식 칼럼 100	이윤재 (지은이)	넥서스	2007-10-05	https://image.aladin.co.kr/product/98/97/cover500/8960003123_1.jpg	국내도서>외국어>영어독해	13900	절판			352	ALADIN		
2026. 2. 24 오전 12:48:56	9780063320222	Flowers for Algernon (Paperback) - 『앨저넌에게 꽃을』원서	대니얼 키스 (지은이)	HarperCollins	2023-01-24	https://image.aladin.co.kr/product/30939/48/cover500/0063320223_2.jpg	외국도서>어린이>픽션>문학 >일반 	12900				320	ALADIN		
2026. 2. 24 오전 12:50:50	9780375850868	When You Reach Me: (Newbery Medal Winner) (Paperback)	레베카 스테드 (지은이)	Yearling Books	2010-12-28	https://image.aladin.co.kr/product/723/21/cover500/0375850864ff_1.jpg	외국도서>어린이>픽션>미스터리/탐정 	11500				240	ALADIN		
2026. 2. 24 오전 12:51:12	9780312367541	A Wrinkle in Time: (Newbery Medal Winner) (Paperback)	매들렌 렝글, Madeleine L'Engle (지은이)	Square Fish	2007-05-01	https://image.aladin.co.kr/product/91/99/cover500/0312367546_1.jpg	외국도서>어린이>동화책>고전/명작	11500		A Wrinkle in Time 6		256	ALADIN		
2026. 2. 24 오전 12:51:21	9781250050649	Bomb: The Race to Build--And Steal--The World's Most Dangerous Weapon (Paperback) - 2013 뉴베리	스티브 셰인킨 (지은이)	Square Fish	2018-01-09	https://image.aladin.co.kr/product/3548/2/cover500/1250050642_1.jpg	외국도서>청소년>역사>군사/전쟁	28700				304	ALADIN		
2026. 2. 24 오전 12:51:46	9780385490818	The Handmaid's Tale (Paperback) - 마거릿 애트우드 『시녀 이야기』	마거릿 애트우드 (지은이)	Anchor Books	1998-03-16	https://image.aladin.co.kr/product/95/71/cover500/03854908ff_1.jpg	외국도서>소설/시/희곡>소설>문학	16700				336	ALADIN		
2026. 2. 24 오전 12:52:09	9781447275404	The Man Who Mistook His Wife for a Hat (Paperback, 영국판) - 올리버 색스 '아내를 모자로 착각한 남자' 원서	올리버 색스 (지은이)	Picador	2015-01-01	https://image.aladin.co.kr/product/4588/49/cover500/144727540d_1.jpg	외국도서>인문/사회>심리학>생리 심리학	24600	구판절판	Picador Classics 20		272	ALADIN		
2026. 2. 24 오전 12:52:29	9791166687204	종의 기원담	김보영 (지은이)	아작	2023-06-14	https://image.aladin.co.kr/product/31799/62/cover500/k532833319_1.jpg	국내도서>소설/시/희곡>과학소설(SF)>한국 과학소설	16800				320	ALADIN		
2026. 2. 24 오전 12:52:52	9781416936473	Hatchet (Paperback, 미국판) - 『손도끼』 원서	게리 폴슨 (지은이)	Aladdin	2007-01-01	https://image.aladin.co.kr/product/88/53/cover500/1416936475_1.jpg	외국도서>어린이>동화책>창작 동화	11500		Newbery : 반드시 읽어야하는 뉴베리 수상작 108		192	ALADIN		
2026. 2. 24 오전 12:53:55	9791167701473	영어 어감 사전 - 속뜻만 알면 쏙 들어오는 영단어 뉘앙스	조이스 박 (지은이)	유유	2026-01-24	https://image.aladin.co.kr/product/38413/17/cover500/k492135483_1.jpg	국내도서>외국어>영어학습법	18000		관점 있는 사전 		328	ALADIN		
2026. 3. 1 오전 2:59:09	9788966264148	오늘날 우리는 컴퓨터라 부른다 - 라이프니츠부터 튜링까지, 생각하는 기계의 씨앗을 뿌린 사람들	마틴 데이비스 (지은이), 박상민 (옮긴이)	인사이트	2023-08-25	https://image.aladin.co.kr/product/32248/67/cover500/896626414x_1.jpg	국내도서>컴퓨터/모바일>컴퓨터 공학>컴퓨터공학/전산학 개론	20000				388	ALADIN		
2026. 3. 27 오후 4:57:08	9780805062991	The Number Devil: A Mathematical Adventure (Paperback) - A Mathematical Adventure	한스 마그누스 엔첸스베르거 (지은이), 로트라우트 수잔네 베르너 (그림), Michael Henry Heim (옮긴이)	Henry Holt & Co	2000-05-01	https://image.aladin.co.kr/product/124/26/cover500/080506299d_1.jpg	외국도서>어린이>챕터북>픽션 챕터북	38300				264	ALADIN		
2026. 4. 3 오후 12:58:26	9780099518471	Brave New World (Paperback) - 『멋진 신세계 』 원서	마거릿 애트우드, 올더스 헉슬리, 데이비드 브래드쇼 (지은이)	Vintage	2007-12-06	https://image.aladin.co.kr/product/103/0/cover500/009951847f_1.jpg	외국도서>소설/시/희곡>소설>근현대	19500		Vintage Classics 361		229	ALADIN		
2026. 4. 3 오후 12:58:57	9781400077830	The Curious Incident of the Dog in the Night-Time (Paperback) - 『한밤중에 개에게 일어난 의문의 사건』원서	마크 해던 (지은이)	Vintage	2004-08-17	https://image.aladin.co.kr/product/65/76/cover500/1400077834_2.jpg	외국도서>소설/시/희곡>소설>근현대	12900				226	ALADIN		
2026. 4. 3 오후 12:59:45	9780064405171	Walk Two Moons (Paperback) - 1995 Newbery	샤론 크리치 (지은이)	HarperTrophy	1996-07-18	https://image.aladin.co.kr/product/62/34/cover500/006440517f_1.jpg	외국도서>어린이>픽션>문학 >고전 	11500				304	ALADIN		
2026. 4. 3 오후 12:59:56	9780689711817	From the Mixed-Up Files of Mrs. Basil E. Frankweiler (Paperback) - Newbery Classics	E. L. 코닉스버그 (지은이)	Aladdin	1968-04-01	https://image.aladin.co.kr/product/93/66/cover500/068971181d_1.jpg	외국도서>어린이>픽션>문학 >고전 	11500				168	ALADIN		
2026. 4. 4 오전 7:07:13	9780553288100	The Gods Themselves (Mass Market Paperback)	아이작 아시모프 (지은이)	Spectra	1990-09-04	https://image.aladin.co.kr/product/138/7/cover500/0553288105_2.jpg	외국도서>소설/시/희곡>소설>SF>어드벤처	19000				304	ALADIN		
2026. 4. 11 오후 12:24:23	9781444003345	The Complete Philosophy Files (Paperback) -  원서	스티븐 로 (지은이)	Orion Childrens	2011-09-01	https://image.aladin.co.kr/product/1533/9/cover500/1444003348_1.jpg	외국도서>어린이>교과 학습>사회>사회문제	28500				400	ALADIN		
2026. 4. 11 오후 12:25:14	9780060530945	The Graveyard Book (Paperback) - 『그레이브야드 북』원서, 2009 뉴베리 수상작	닐 게이먼 (지은이), 데이브 맥킨 (그림)	Harpercollins Childrens Books	2010-09-28	https://image.aladin.co.kr/product/648/10/cover500/0060530944_1.jpg	외국도서>어린이>픽션>문학 >호러 	14200				368	ALADIN		
2026. 4. 11 오후 12:25:24	9780316581097	The Wild Robot (Paperback, Movie Tie-In) - 드림웍스 애니메이션 『와일드 로봇』 원작 소설	피터 브라운 (지은이)	Little, Brown Books for Young Readers	2024-09-03	https://image.aladin.co.kr/product/33191/72/cover500/0316581097_1.jpg	외국도서>어린이>픽션>액션/어드벤처 >액션/어드벤처 	13700				320	ALADIN		
2026. 5. 14 오후 4:58:39	9788954670753	빌 브라이슨의 틀리기 쉬운 영어 - THE TIMES 교열기자 출신이 알려주는 유용한 영어 사용 팁	빌 브라이슨 (지은이), 권상미 (옮긴이)	문학동네	2020-06-10	https://image.aladin.co.kr/product/24136/52/cover500/895467075x_1.jpg	국내도서>외국어>영어어휘	19000				308	ALADIN		
2026. 5. 14 오후 4:58:51	9791170521679	스패로	메리 도리아 러셀 (지은이), 정대단 (옮긴이)	황금가지	2022-06-03	https://image.aladin.co.kr/product/29497/17/cover500/k392837956_2.jpg	국내도서>소설/시/희곡>과학소설(SF)>외국 과학소설	21000				672	ALADIN		
2026. 5. 14 오후 5:00:24	9780575079199	Peace And War : The Omnibus Edition: Forever Peace, Forever Free, Forever War (Paperback)	조 홀드먼, Haldeman, Joe (지은이)	Gollancz	2006-11-09	https://image.aladin.co.kr/product/1528/74/cover500/0575079193_2.jpg	외국도서>소설/시/희곡>소설>판타지>일반	42680				704	ALADIN		
2026. 5. 14 오후 5:01:26	9791141602925	마술사가 너무 많다	랜달 개릿 (지은이), 김상훈 (옮긴이)	엘릭시르	2026-04-09	https://image.aladin.co.kr/product/39002/4/cover500/k822137222_1.jpg	국내도서>소설/시/희곡>추리/미스터리소설>영미 추리/미스터리소설	20000		엘릭시르 미스터리 책장 		480	ALADIN		
2026. 5. 14 오후 7:23:01	9780064471046	The Lion, the Witch and the Wardrobe (Mass Market Paperback)	C. S. 루이스 (지은이)	HarperTrophy	1994-07-01	https://image.aladin.co.kr/product/67/30/cover500/0064471047_1.jpg	외국도서>어린이>픽션>문학 >고전 	12900		The Chronicles of NARNIA  나니아 연대기 2		224	ALADIN		
2026. 5. 19 오후 6:51:38	9781665918589	The House of the Scorpion (Paperback, Reissue)	Farmer, Nancy (지은이)	Atheneum Books for Young Readers	2022-06-07	https://image.aladin.co.kr/product/28863/34/cover500/1665918586_2.jpg	외국도서>청소년>소설/시/희곡>액션/어드벤처	18200				432	ALADIN		
2026. 5. 19 오후 6:53:15	9791166687297	심연	로버트 A. 하인라인 (지은이), 고호관, 배지훈, 조호근 (옮긴이)	아작	2023-04-04	https://image.aladin.co.kr/product/31482/99/cover500/k832832628_1.jpg	국내도서>소설/시/희곡>과학소설(SF)>외국 과학소설	24800		로버트 A. 하인라인 중단편 전집 9		304	ALADIN		
2026. 5. 20 오후 4:26:39	9780142001745	The Secret Life of Bees (Paperback, New ed)	수 몽크 키드 (지은이)	Penguin Group USA	2003-02-27	https://image.aladin.co.kr/product/95/31/cover500/0142001740_2.jpg	외국도서>소설/시/희곡>소설>성장기	30300				352	ALADIN		
2026. 5. 20 오후 4:26:50	9780312369811	Tuck Everlasting (Paperback) - 『트리갭의 샘물』원서	나탈리 배비트 (지은이)	Square Fish	2007-08-21	https://image.aladin.co.kr/product/102/85/cover500/0312369816_2.jpg	외국도서>어린이>동화책>고전/명작	13800				160	ALADIN		
2026. 5. 20 오후 4:27:06	9780375855726	The Diamond of Darkhold (Paperback)	Jeanne DuPrau (지은이)	Yearling Books	2010-03-23	https://image.aladin.co.kr/product/423/71/cover500/0375855726_2.jpg	외국도서>어린이>픽션>문학 >판타지/매직 	11600				304	ALADIN		
2026. 5. 20 오후 4:27:18	9780451526342	Animal Farm (Mass Market Paperback, 미국판, 50th Anniversary) - 『동물농장』 원서	조지 오웰 (지은이)	Signet	2004-04-06	https://image.aladin.co.kr/product/44/81/cover500/045152634d_1.jpg	외국도서>소설/시/희곡>소설>고전	15500				176	ALADIN		
2026. 5. 20 오후 4:27:27	9780142401101	A Long Way from Chicago: A Novel in Stories (Paperback) - 1999 Newbery	리처드 펙, Richard Peck (지은이)	Puffin	2004-04-12	https://image.aladin.co.kr/product/63/93/cover500/0142401102_1.jpg	외국도서>어린이>챕터북>픽션 챕터북	11600		A long way from Chicago 7		148	ALADIN		
2026. 5. 20 오후 4:27:36	9780552565974	Wonder (Paperback, 영국판) - 영화 '원더' 원작 소설	R. J. 팔라시오 (지은이)	Corgi Childrens	2013-01-03	https://image.aladin.co.kr/product/2182/89/cover500/0552565970_1.jpg	외국도서>어린이>픽션>건강/일상 >학교/교육 	10500				336	ALADIN		
2026. 5. 20 오후 4:27:47	9780140385724	The Outsiders (Mass Market Paperback)	S. E. 힌튼 (지은이)	Penguin Books	1988-09-01	https://image.aladin.co.kr/product/96/4/cover500/014038572f_1.jpg	외국도서>청소년>소설/시/희곡>고전	18200				224	ALADIN		
2026. 5. 20 오후 4:27:57	9781481409933	Are You There God? It's Me, Margaret. (Paperback, Reprint)	주디 블룸 (지은이)	Atheneum	2014-04-29	https://image.aladin.co.kr/product/2985/54/cover500/148140993x_1.jpg	외국도서>어린이>픽션>사회문제 >일반 	12500		Judy Blume : Fudge 5		192	ALADIN		
2026. 5. 20 오후 4:28:21	9781406387933	The Hate U Give (Paperback, Movie tie-in edition) - '당신이 남긴 증오' 원서	앤지 토머스 (지은이)	Walker Books Ltd	2018-08-09	https://image.aladin.co.kr/product/15544/68/cover500/1406387932_1.jpg	외국도서>청소년>소설/시/희곡>사회문제	15300				464	ALADIN		
2026. 5. 21 오후 12:21:23	9780547577098	Number the Stars (Paperback, 미국판) - 『별을 헤아리며』원서	로이스 로리 (지은이)	Clarion Books	2011-05-02	https://image.aladin.co.kr/product/815/61/cover500/0547577095_1.jpg	외국도서>어린이>픽션>역사 >일반 	11600				139	ALADIN		
2026. 5. 27 오후 1:36:27	9781442459939	The Farthest Shore (Paperback)	어슐러 K. 르 귄 (지은이)	Simon & Schuster	2012-09-11	https://image.aladin.co.kr/product/1481/12/cover500/144245993f_1.jpg	외국도서>청소년>소설/시/희곡>판타지/매직	24840		Earthsea Cycle (Paperback) 3		288	ALADIN		
2026. 5. 27 오후 1:36:38	9788955614909	재밌다고들 하지만 나는 두 번 다시 하지 않을 일	데이비드 포스터 월리스 (지은이), 김명남 (옮긴이)	바다출판사	2018-04-06	https://image.aladin.co.kr/product/14001/44/cover500/895561490x_1.jpg	국내도서>에세이>외국에세이	16800	품절			472	ALADIN		
2026. 5. 27 오후 1:36:50	9788972915140	신기한 수학 나라의 알렉스	알렉스 벨로스 (지은이), 김명남 (옮긴이)	까치	2011-11-15	https://image.aladin.co.kr/product/1391/60/cover500/8972915149_1.jpg	국내도서>과학>수학>쉽게 배우는 수학	20000	절판			488	ALADIN		
2026. 5. 27 오후 10:52:50	9780547722023	A Wizard of Earthsea (Paperback)	어슐러 K. 르 귄 (지은이)	Houghton Mifflin Harcourt	2012-09-11	https://image.aladin.co.kr/product/1457/4/cover500/0547722028_1.jpg	외국도서>청소년>소설/시/희곡>판타지/매직	30580		Earthsea Cycle (Paperback) 1		264	ALADIN		
2026. 5. 27 오후 10:53:04	9780380807345	Coraline (Paperback, 10th)	닐 게이먼 (지은이)	Harpercollins Childrens Books	2003-08-05	https://image.aladin.co.kr/product/95/59/cover500/0380807343_1.jpg	외국도서>어린이>픽션>문학 >판타지/매직 	12900				162	ALADIN		
2026. 5. 27 오후 10:53:31	9780143107606	Billy Budd, Bartleby, and Other Stories (Paperback)	허먼 멜빌 (지은이)	Penguin Books	2016-08-04	https://image.aladin.co.kr/product/6055/92/cover500/0143107607_2.jpg	외국도서>소설/시/희곡>소설>고전	18000				368	ALADIN		
2026. 5. 27 오후 10:54:05	9780008501853	Babel : Or the Necessity of Violence: an Arcane History of the Oxford Translators’ Revolution (Paperback)	저자정보없음	HarperCollins Publishers	2023-09-28	https://image.aladin.co.kr/product/30938/36/cover500/0008501858_2.jpg	외국도서>소설/시/희곡>소설>근현대	19000				560	ALADIN		
2026. 5. 27 오후 10:54:15	9781616207465	The Girl Who Drank the Moon (Paperback) - 『달빛 마신 소녀』 원서	켈리 반힐 (지은이)	Algonquin Young Readers	2019-04-30	https://image.aladin.co.kr/product/16918/35/cover500/1616207469_2.jpg	외국도서>어린이>동화책>고전/명작	15300				400	ALADIN		
2026. 5. 27 오후 10:54:34	9780141439761	Alice's Adventures in Wonderland and Through the Looking Glass (Paperback)	루이스 캐럴 (지은이)	Penguin Books	2003-03-27	https://image.aladin.co.kr/product/96/29/cover500/014143976d_1.jpg	외국도서>소설/시/희곡>소설>고전	15400		Alice's Adventures in Wonderland and Through the Looking Glass 9		400	ALADIN		
2026. 5. 30 오후 12:39:19	9780689845369	The Tombs of Atuan (Mass Market Paperback, Reprint)	어슐러 K. 르 귄 (지은이)	Simon Pulse	2001-09-01	https://image.aladin.co.kr/product/94/97/cover500/068984536d_1.jpg	외국도서>청소년>소설/시/희곡>고전	11900		Earthsea Cycle (Mass Market Paperback) 2		256	ALADIN		
2026. 5. 30 오후 12:40:21	9788961390385	대칭 - 자연의 패턴 속으로 떠나는 여행	마커스 드 사토이 (지은이), 안지민 (옮긴이)	승산	2011-01-08	https://image.aladin.co.kr/product/856/45/cover500/8961390384_1.jpg	국내도서>과학>기초과학/교양과학	20000	품절	승산의 대칭 시리즈 4		492	ALADIN		
2026. 5. 30 오후 12:40:32	9788950975982	푸치니 - 토스카나의 새벽을 무대에 올린 오페라의 제왕	유윤종 (지은이)	arte(아르테)	2018-07-06	https://image.aladin.co.kr/product/15537/64/cover500/895097598x_1.jpg	국내도서>인문학>교양 인문학	18800		클래식 클라우드 5		317	ALADIN		
2026. 6. 2 오전 7:35:50	9780375828256	The People of Sparks (Paperback)	Jeanne DuPrau (지은이)	Yearling	2005-04-12	https://image.aladin.co.kr/product/65/87/cover500/037582825f_1.jpg	외국도서>어린이>픽션>문학 >판타지/매직 	13400				352	ALADIN		
2026. 6. 18 오전 6:28:25	9780316038638	Where the Mountain Meets the Moon (Newbery Honor Award Winner) (Paperback)	그레이스 린 (지은이)	Little, Brown Books for Young Readers	2011-04-12	https://image.aladin.co.kr/product/1133/42/cover500/0316038636_2.jpg	외국도서>어린이>픽션>문학 >판타지/매직 	16800				320	ALADIN		
2026. 6. 18 오전 6:28:35	9791170527213	오염된 잔	로버트 잭슨 베넷 (지은이), 이나경 (옮긴이)	황금가지	2026-05-04	https://image.aladin.co.kr/product/39300/9/cover500/k332138710_1.jpg	국내도서>소설/시/희곡>추리/미스터리소설>영미 추리/미스터리소설	22000				520	ALADIN		
2026. 6. 26 오후 11:43:28	9780064401845	Bridge to Terabithia (Paperback) - 『비밀의 숲 테라비시아』원서, 1978 Newbery	캐서린 패터슨, Katherine Patterson (지은이)	Harpercollins Childrens Books	1987-06-17	https://image.aladin.co.kr/product/96/5/cover500/0064401847_1.jpg	외국도서>어린이>픽션>사회문제 >일반 	12800				163	ALADIN		
2026. 6. 26 오후 11:43:40	9781250123824	Factfulness: Ten Reasons We're Wrong about the World-And Why Things Are Better Than You Think (Paperback) - '팩트풀니스' 원서	Rosling, Hans, 올라 로슬링, Anna Rosling R?nlund (지은이)	Flatiron Books                          	2020-04-07	https://image.aladin.co.kr/product/18967/47/cover500/1250123828_2.jpg	외국도서>인문/사회>심리학>인지 심리학	16200				352	ALADIN		
2026. 6. 27 오전 1:54:33	9780064400565	Stuart Little (Paperback) - 『스튜어틀 리틀』원서	엘윈 브룩스 화이트 (지은이), 가스 윌리엄즈 (그림)	HarperTrophy	1974-12-31	https://image.aladin.co.kr/product/47/21/cover500/006440056d_1.jpg	외국도서>어린이>픽션>문학 >고전 	12500				144	ALADIN		
2026. 6. 27 오전 1:54:47	9780440418320	His Dark Materials: The Golden Compass (Book 1) (Paperback)	필립 풀먼 (지은이)	Yearling	2001-05-22	https://image.aladin.co.kr/product/90/21/cover500/044041832f_1.jpg	외국도서>청소년>소설/시/희곡>판타지/매직	13800				448	ALADIN		
2026. 6. 27 오전 1:54:56	9780062691194	New Kid (Paperback) - 2020 뉴베리 수상작 최초의 그래픽노블 『뉴키드』 원서	제리 크래프트 (지은이)	Harpercollins Childrens Books	2019-02-05	https://image.aladin.co.kr/product/14238/76/cover500/0062691198_1.jpg	외국도서>어린이>픽션>사회문제 >일반 	16800				256	ALADIN		
2026. 6. 27 오전 1:55:07	9791173326561	사피엔스 : 그래픽 히스토리 Vol.4 - 혁명의 시대	유발 하라리 (원작), 다니엘 카사나브 (그림), 김명주 (옮긴이), 다비드 반데르묄렝 (각색)	김영사	2026-05-29	https://image.aladin.co.kr/product/39380/92/cover500/k152139871_1.jpg	국내도서>인문학>교양 인문학	19800		사피엔스 : 그래픽 히스토리 4		248	ALADIN		
2026. 7. 23 오전 11:59:29	9788925541648	로지코믹스 - 버트런드 러셀의 삶을 통해 보는 수학의 원리	아포스톨로스 독시아디스, 크리스토스 H. 파파디미트리우 (지은이), 알레코스 파파다토스, 애니 디 도나 (그림)	랜덤하우스코리아	2011-02-14	https://image.aladin.co.kr/product/886/74/cover500/8925541645_1.jpg	국내도서>인문학>서양철학>현대철학>러셀/비트겐슈타인	16800	품절			341	ALADIN		
2026. 7. 23 오후 12:12:17	9780553294385	I, Robot (Mass Market Paperback) - 영화  원작	아이작 아시모프 (지은이)	Bantam	1991-11-01	https://image.aladin.co.kr/product/49/58/cover500/0553294385_2.jpg	외국도서>소설/시/희곡>소설>SF>첨단기술	13900				304	ALADIN		
2026. 7. 23 오후 12:12:37	9788988907887	리만 가설 - 베른하르트 리만과 소수의 비밀	존 더비셔 (지은이), 박병철 (옮긴이)	승산	2006-10-10	https://image.aladin.co.kr/product/82/88/cover500/8988907884_1.jpg	국내도서>과학>수학>수학 일반	28000				560	ALADIN		
2026. 7. 23 오후 12:12:49	9788988907344	무한의 신비 - 수학, 철학, 종교의 만남	아미르 D. 악젤 (지은이), 신현용, 승영조 (옮긴이)	승산	2002-06-03	https://image.aladin.co.kr/product/36/7/cover500/8988907345_2.jpg	국내도서>과학>과학의 이해>과학사/기술사	12000				304	ALADIN		
2026. 7. 26 오전 10:55:32	9788972918660	기계는 왜 학습하는가 - AI를 움직이는 우아한 수학	아닐 아난타스와미 (지은이), 노승영 (옮긴이)	까치	2025-02-28	https://image.aladin.co.kr/product/35901/75/cover500/8972918660_1.jpg	국내도서>과학>수학>쉽게 배우는 수학	25000				464	ALADIN		
2026. 7. 26 오전 10:55:41	9791173320149	모든 것은 예측 가능하다 - 진단검사에서 뇌의 작동 원리까지, 세상을 설명하는 베이즈 정리의 놀라운 힘	톰 치버스 (지은이), 홍한결 (옮긴이)	김영사	2025-01-03	https://image.aladin.co.kr/product/35493/29/cover500/k012035556_1.jpg	국내도서>과학>기초과학/교양과학	23800				444	ALADIN		
2026. 7. 28 오전 2:19:18	9791164051335	미적분의 힘 - 복잡한 세상을 푸는 단순하고 강력한 도구	스티븐 스트로가츠 (지은이), 이충호 (옮긴이)	해나무	2021-09-24	https://image.aladin.co.kr/product/27959/0/cover500/k612734212_1.jpg	국내도서>과학>기초과학/교양과학	20000				544	ALADIN		
2026. 7. 28 오후 7:49:52	9791185459547	마스터 알고리즘 - 머신러닝은 우리의 미래를 어떻게 바꾸는가	페드로 도밍고스 (지은이), 강형진 (옮긴이), 최승진 (감수)	비즈니스북스	2016-07-30	https://image.aladin.co.kr/product/8721/20/cover500/k452535482_1.jpg	국내도서>컴퓨터/모바일>컴퓨터 공학>자료구조/알고리즘	22000	절판			504	ALADIN		
2026. 8. 9 오전 7:26:54	9781098104030	Python for Data Analysis: Data Wrangling with Pandas, Numpy, and Jupyter (Paperback, 3)	Wes McKinney (지은이)	O'Reilly Media	2022-09-20	https://image.aladin.co.kr/product/29045/82/cover500/109810403x_2.jpg	외국도서>컴퓨터>데이터베이스 관리>데이터 마이닝 	142980				579	ALADIN		
2026. 8. 28 오후 12:16:03	9788971992654	주기율표	프리모 레비 (지은이), 이현경 (옮긴이)	돌베개	2007-01-12	https://image.aladin.co.kr/product/87/23/cover500/8971992654_2.jpg	국내도서>에세이>외국에세이	14000				383	ALADIN		
2026. 8. 28 오후 12:16:21	9788962627244	시뮬레이션 우주 - 스스로 계산하는 가장 거대한 양자컴퓨터	박권 (지은이)	동아시아	2026-08-07	https://image.aladin.co.kr/product/39978/37/cover500/8962627248_1.jpg	국내도서>과학>천문학>우주과학	22000				384	ALADIN		
2026. 8. 31 오후 6:39:26	9788937470271	음악의 시학	스트라빈스키 (Igor Stravinsky) (지은이), 이세진 (옮긴이)	민음사	2023-05-30	https://image.aladin.co.kr/product/31770/45/cover500/8937470276_1.jpg	국내도서>인문학>교양 인문학	16800		인문학 클래식 7		208	ALADIN		
2026. 9. 4 오후 1:28:56	9791166687211	달을 판 사나이	로버트 A. 하인라인 (지은이), 고호관, 김창규, 배지훈, 서제인 (옮긴이)	아작	2023-04-04	https://image.aladin.co.kr/product/31402/32/cover500/k692832205_1.jpg	국내도서>소설/시/희곡>과학소설(SF)>외국 과학소설	24800		로버트 A. 하인라인 중단편 전집 1		328	ALADIN		
2026. 9. 4 오후 1:29:12	9781250773012	Ender's Game (Mass Market Paperback)	오슨 스콧 카드 (지은이)	Tor Books	2021-04-27	https://image.aladin.co.kr/product/25543/23/cover500/1250773016_2.jpg	외국도서>소설/시/희곡>소설>SF	15300		The Ender Saga (Paperback) 1		352	ALADIN		
2026. 9. 25 오전 1:37:19	9788936462383	난장이가 쏘아올린 작은 공 뫼비우스의 띠 장마 외	윤흥길, 조세희 (지은이)	창비	2005-11-25	https://image.aladin.co.kr/product/60/22/cover500/8936462385_2.jpg	국내도서>소설/시/희곡>한국소설>2000년대 이전 한국소설	12000	절판	창비 20세기 한국소설 28		297	ALADIN		
2026. 9. 25 오전 1:39:17	9788944724152	천로역정 (1, 2부 합본 완역본)	존 번연 (지은이), 루이스 레드 형제 (그림), 유성덕 (옮긴이)	CH북스(크리스천다이제스트)	2015-08-20	https://image.aladin.co.kr/product/6513/50/cover500/s442636862_1.jpg	국내도서>종교/역학>기독교(개신교)>기독교 문학	16800		세계기독교고전 15		437	ALADIN		
2026. 9. 25 오전 3:42:20	9791191071238	니클의 소년들	콜슨 화이트헤드 (지은이), 김승욱 (옮긴이)	은행나무	2020-12-11	https://image.aladin.co.kr/product/25808/80/cover500/k652736330_2.jpg	국내도서>소설/시/희곡>영미소설	17000				268	ALADIN		
2026. 9. 25 오전 3:42:58	9791155811566	컬러의 말 : 모든 색에는 이름이 있다	카시아 세인트 클레어 (지은이), 이용재 (옮긴이)	윌북	2018-06-10	https://image.aladin.co.kr/product/14838/92/cover500/k522532459_1.jpg	국내도서>예술/대중문화>예술/대중문화의 이해>대중문화론	15800		컬러 시리즈 		316	ALADIN		
2026. 9. 25 오전 3:43:36	9788901249599	질서 너머 - 인생의 다음 단계로 나아가는 12가지 법칙	조던 B. 피터슨 (지은이), 김한영 (옮긴이)	웅진지식하우스	2021-03-23	https://image.aladin.co.kr/product/26665/73/cover500/8901249596_2.jpg	국내도서>인문학>심리학/정신분석학>교양 심리학	17800				460	ALADIN		
2026. 9. 25 오전 3:43:47	9791158510619	타이탄의 도구들 (블랙 에디션) - 정상의 자리에 오른 사람들의 61가지 성공 비밀	팀 페리스 (지은이), 박선령, 정지현 (옮긴이)	토네이도	2022-06-22	https://image.aladin.co.kr/product/29714/21/cover500/k232838895_1.jpg	국내도서>자기계발>성공>성공학	18000				367	ALADIN		
2026. 9. 25 오전 3:43:56	9788997780518	조국의 법고전 산책 - 열다섯 권의 고전, 그 사상가들을 만나다	조국 (지은이)	오마이북	2022-11-09	https://image.aladin.co.kr/product/30455/59/cover500/8997780514_2.jpg	국내도서>인문학>교양 인문학	22000				468	ALADIN		